2026-03-04 13:12:01,617 - stock_predictor - INFO - Initializing FinBERT on device: CPU
2026-03-04 13:16:03,204 - stock_predictor - INFO - Initializing FinBERT on device: CPU
2026-03-04 13:16:12,804 - stock_predictor - INFO - Fetching data for HDFCBANK.NS (Period: 1d, Interval: 1m)
2026-03-04 13:16:14,574 - stock_predictor - INFO - Fetching data for HDFCBANK.NS (Period: 1y, Interval: 1d)
2026-03-04 13:16:14,796 - stock_predictor - INFO - Initializing FinBERT on device: CPU
2026-03-04 13:16:24,025 - stock_predictor - INFO - Returning cached data for HDFCBANK.NS
2026-03-04 13:16:24,036 - stock_predictor - INFO - Fetching data for RELIANCE.NS (Period: 1y, Interval: 1d)
2026-03-04 13:16:24,230 - stock_predictor - INFO - Fetching data for TCS.NS (Period: 1y, Interval: 1d)
2026-03-04 13:16:24,397 - stock_predictor - INFO - Fetching data for INFY.NS (Period: 1y, Interval: 1d)
2026-03-04 13:16:24,564 - stock_predictor - INFO - Fetching data for ICICIBANK.NS (Period: 1y, Interval: 1d)
2026-03-04 13:16:25,205 - stock_predictor - INFO - Using MVO weights (non-degenerate).
2026-03-04 13:16:25,210 - stock_predictor - INFO - Final Portfolio Allocation: {'HDFCBANK.NS': 0.05, 'RELIANCE.NS': 0.4413, 'TCS.NS': 0.05, 'INFY.NS': 0.05, 'ICICIBANK.NS': 0.4087}
2026-03-04 13:17:21,851 - stock_predictor - INFO - Initializing FinBERT on device: CPU
2026-03-04 13:17:24,363 - stock_predictor - INFO - Fetching data for HDFCBANK.NS (Period: 1d, Interval: 1m)
2026-03-04 13:17:25,768 - stock_predictor - INFO - Fetching data for HDFCBANK.NS (Period: 2y, Interval: 1d)
2026-03-04 13:17:27,831 - stock_predictor - INFO - Loading resources for HDFCBANK.NS...
2026-03-04 13:17:27,866 - stock_predictor - INFO - Scaler loaded from D:\InvestIQ-main\backend\models\saved_models\scaler_HDFCBANK.NS.pkl
2026-03-04 13:17:32,172 - stock_predictor - INFO - Loaded data from temp_HDFCBANK.NS.csv with shape (495, 8)
2026-03-04 13:17:32,347 - stock_predictor - INFO - Fetching live price data for HDFCBANK.NS...
2026-03-04 13:17:32,605 - stock_predictor - INFO - Successfully fetched live data for HDFCBANK.NS date: 2026-03-04 00:00:00
2026-03-04 13:17:33,287 - stock_predictor - INFO - Data cleaned successfully
2026-03-04 13:17:33,444 - stock_predictor - INFO - Fetching market index data for ^NSEI...
2026-03-04 13:17:36,475 - stock_predictor - WARNING - No data found for market index ^NSEI
2026-03-04 13:17:37,927 - stock_predictor - INFO - Technical indicators added successfully
2026-03-04 13:17:38,707 - stock_predictor - WARNING - Market data provided is empty. Skipping correlation.
2026-03-04 13:17:38,714 - stock_predictor - INFO - Adding simulated external data for HDFCBANK.NS...
2026-03-04 13:17:47,224 - stock_predictor - INFO - Fetching data for RELIANCE.NS (Period: 1d, Interval: 1m)
2026-03-04 13:17:48,370 - stock_predictor - INFO - Fetching data for RELIANCE.NS (Period: 2y, Interval: 1d)
2026-03-04 13:17:49,512 - stock_predictor - INFO - Loading resources for RELIANCE.NS...
2026-03-04 13:17:49,793 - stock_predictor - INFO - Scaler loaded from D:\InvestIQ-main\backend\models\saved_models\scaler_RELIANCE.NS.pkl
2026-03-04 13:17:50,264 - stock_predictor - INFO - Loaded data from temp_RELIANCE.NS.csv with shape (495, 8)
2026-03-04 13:17:50,272 - stock_predictor - INFO - Fetching live price data for RELIANCE.NS...
2026-03-04 13:17:50,621 - stock_predictor - INFO - Successfully fetched live data for RELIANCE.NS date: 2026-03-04 00:00:00
2026-03-04 13:17:50,652 - stock_predictor - INFO - Data cleaned successfully
2026-03-04 13:17:50,653 - stock_predictor - INFO - Fetching market index data for ^NSEI...
2026-03-04 13:17:50,716 - stock_predictor - WARNING - No data found for market index ^NSEI
2026-03-04 13:17:51,025 - stock_predictor - INFO - Technical indicators added successfully
2026-03-04 13:17:51,034 - stock_predictor - WARNING - Market data provided is empty. Skipping correlation.
2026-03-04 13:17:51,044 - stock_predictor - INFO - Adding simulated external data for RELIANCE.NS...
2026-03-04 13:17:51,329 - stock_predictor - INFO - Fetching data for TCS.NS (Period: 1d, Interval: 1m)
2026-03-04 13:17:51,930 - stock_predictor - INFO - Fetching data for TCS.NS (Period: 2y, Interval: 1d)
2026-03-04 13:17:52,401 - stock_predictor - INFO - Loading resources for TCS.NS...
2026-03-04 13:17:52,404 - stock_predictor - INFO - Scaler loaded from D:\InvestIQ-main\backend\models\saved_models\scaler_TCS.NS.pkl
2026-03-04 13:17:52,610 - stock_predictor - INFO - Loaded data from temp_TCS.NS.csv with shape (495, 8)
2026-03-04 13:17:52,615 - stock_predictor - INFO - Fetching live price data for TCS.NS...
2026-03-04 13:17:52,775 - stock_predictor - INFO - Final Portfolio Allocation: {'A': 0.5033, 'B': 0.4967}
2026-03-04 13:17:52,878 - stock_predictor - INFO - Successfully fetched live data for TCS.NS date: 2026-03-04 00:00:00
2026-03-04 13:17:52,933 - stock_predictor - INFO - Data cleaned successfully
2026-03-04 13:17:52,936 - stock_predictor - INFO - Fetching market index data for ^NSEI...
2026-03-04 13:17:53,118 - stock_predictor - WARNING - No data found for market index ^NSEI
2026-03-04 13:17:53,265 - stock_predictor - INFO - Technical indicators added successfully
2026-03-04 13:17:53,272 - stock_predictor - WARNING - Market data provided is empty. Skipping correlation.
2026-03-04 13:17:53,274 - stock_predictor - INFO - Adding simulated external data for TCS.NS...
2026-03-04 13:17:53,489 - stock_predictor - INFO - Fetching data for INFY.NS (Period: 1d, Interval: 1m)
2026-03-04 13:17:53,997 - stock_predictor - INFO - Fetching data for INFY.NS (Period: 2y, Interval: 1d)
2026-03-04 13:17:54,350 - stock_predictor - INFO - Loading resources for INFY.NS...
2026-03-04 13:17:54,355 - stock_predictor - INFO - Scaler loaded from D:\InvestIQ-main\backend\models\saved_models\scaler_INFY.NS.pkl
2026-03-04 13:17:54,528 - stock_predictor - INFO - Loaded data from temp_INFY.NS.csv with shape (495, 8)
2026-03-04 13:17:54,535 - stock_predictor - INFO - Fetching live price data for INFY.NS...
2026-03-04 13:17:54,917 - stock_predictor - INFO - Successfully fetched live data for INFY.NS date: 2026-03-04 00:00:00
2026-03-04 13:17:55,068 - stock_predictor - INFO - Data cleaned successfully
2026-03-04 13:17:55,072 - stock_predictor - INFO - Fetching market index data for ^NSEI...
2026-03-04 13:17:55,144 - stock_predictor - WARNING - No data found for market index ^NSEI
2026-03-04 13:17:55,236 - stock_predictor - INFO - Technical indicators added successfully
2026-03-04 13:17:55,238 - stock_predictor - WARNING - Market data provided is empty. Skipping correlation.
2026-03-04 13:17:55,242 - stock_predictor - INFO - Adding simulated external data for INFY.NS...
2026-03-04 13:17:55,425 - stock_predictor - INFO - Fetching data for ICICIBANK.NS (Period: 1d, Interval: 1m)
2026-03-04 13:17:55,957 - stock_predictor - INFO - Fetching data for ICICIBANK.NS (Period: 2y, Interval: 1d)
2026-03-04 13:17:56,375 - stock_predictor - INFO - Loading resources for ICICIBANK.NS...
2026-03-04 13:17:56,386 - stock_predictor - INFO - Scaler loaded from D:\InvestIQ-main\backend\models\saved_models\scaler_ICICIBANK.NS.pkl
2026-03-04 13:17:56,616 - stock_predictor - INFO - Loaded data from temp_ICICIBANK.NS.csv with shape (495, 8)
2026-03-04 13:17:56,623 - stock_predictor - INFO - Fetching live price data for ICICIBANK.NS...
2026-03-04 13:17:56,887 - stock_predictor - INFO - Successfully fetched live data for ICICIBANK.NS date: 2026-03-04 00:00:00
2026-03-04 13:17:56,917 - stock_predictor - INFO - Data cleaned successfully
2026-03-04 13:17:56,918 - stock_predictor - INFO - Fetching market index data for ^NSEI...
2026-03-04 13:17:56,973 - stock_predictor - WARNING - No data found for market index ^NSEI
2026-03-04 13:17:57,154 - stock_predictor - INFO - Technical indicators added successfully
2026-03-04 13:17:57,161 - stock_predictor - WARNING - Market data provided is empty. Skipping correlation.
2026-03-04 13:17:57,168 - stock_predictor - INFO - Adding simulated external data for ICICIBANK.NS...
2026-03-04 13:20:06,033 - stock_predictor - INFO - Initializing FinBERT on device: CPU
2026-03-04 13:20:08,754 - stock_predictor - INFO - Fetching data for HDFCBANK.NS (Period: 1d, Interval: 1m)
2026-03-04 13:20:10,049 - stock_predictor - INFO - Fetching data for HDFCBANK.NS (Period: 1y, Interval: 1d)
2026-03-04 13:20:10,290 - stock_predictor - INFO - Initializing FinBERT on device: CPU
2026-03-04 13:20:12,366 - stock_predictor - INFO - Returning cached data for HDFCBANK.NS
2026-03-04 13:20:12,367 - stock_predictor - INFO - Fetching data for RELIANCE.NS (Period: 1y, Interval: 1d)
2026-03-04 13:20:12,699 - stock_predictor - INFO - Fetching data for TCS.NS (Period: 1y, Interval: 1d)
2026-03-04 13:20:12,909 - stock_predictor - INFO - Fetching data for INFY.NS (Period: 1y, Interval: 1d)
2026-03-04 13:20:13,115 - stock_predictor - INFO - Fetching data for ICICIBANK.NS (Period: 1y, Interval: 1d)
2026-03-04 13:20:13,357 - stock_predictor - INFO - Using MVO weights (non-degenerate).
2026-03-04 13:20:13,357 - stock_predictor - INFO - Final Portfolio Allocation: {'HDFCBANK.NS': 0.05, 'RELIANCE.NS': 0.4377, 'TCS.NS': 0.05, 'INFY.NS': 0.05, 'ICICIBANK.NS': 0.4123}
2026-03-04 13:20:14,047 - stock_predictor - INFO - Returning cached data for HDFCBANK.NS
2026-03-04 13:20:14,047 - stock_predictor - INFO - Fetching data for HDFCBANK.NS (Period: 2y, Interval: 1d)
2026-03-04 13:20:14,378 - stock_predictor - INFO - Loading resources for HDFCBANK.NS...
2026-03-04 13:20:14,380 - stock_predictor - INFO - Scaler loaded from D:\InvestIQ-main\backend\models\saved_models\scaler_HDFCBANK.NS.pkl
2026-03-04 13:20:14,404 - stock_predictor - INFO - Loaded data from temp_HDFCBANK.NS.csv with shape (495, 8)
2026-03-04 13:20:14,405 - stock_predictor - INFO - Fetching live price data for HDFCBANK.NS...
2026-03-04 13:20:14,630 - stock_predictor - INFO - Successfully fetched live data for HDFCBANK.NS date: 2026-03-04 00:00:00
2026-03-04 13:20:14,639 - stock_predictor - INFO - Data cleaned successfully
2026-03-04 13:20:14,639 - stock_predictor - INFO - Fetching market index data for ^NSEI...
2026-03-04 13:20:16,099 - stock_predictor - WARNING - No data found for market index ^NSEI
2026-03-04 13:20:16,107 - stock_predictor - INFO - Technical indicators added successfully
2026-03-04 13:20:16,108 - stock_predictor - WARNING - Market data provided is empty. Skipping correlation.
2026-03-04 13:20:16,108 - stock_predictor - INFO - Adding simulated external data for HDFCBANK.NS...
2026-03-04 13:20:16,120 - stock_predictor - INFO - Fetching data for RELIANCE.NS (Period: 1d, Interval: 1m)
2026-03-04 13:20:16,497 - stock_predictor - INFO - Fetching data for RELIANCE.NS (Period: 2y, Interval: 1d)
2026-03-04 13:20:16,759 - stock_predictor - INFO - Loading resources for RELIANCE.NS...
2026-03-04 13:20:16,759 - stock_predictor - INFO - Scaler loaded from D:\InvestIQ-main\backend\models\saved_models\scaler_RELIANCE.NS.pkl
2026-03-04 13:20:16,779 - stock_predictor - INFO - Loaded data from temp_RELIANCE.NS.csv with shape (495, 8)
2026-03-04 13:20:16,779 - stock_predictor - INFO - Fetching live price data for RELIANCE.NS...
2026-03-04 13:20:17,252 - stock_predictor - INFO - Successfully fetched live data for RELIANCE.NS date: 2026-03-04 00:00:00
2026-03-04 13:20:17,260 - stock_predictor - INFO - Data cleaned successfully
2026-03-04 13:20:17,260 - stock_predictor - INFO - Fetching market index data for ^NSEI...
2026-03-04 13:20:17,276 - stock_predictor - WARNING - No data found for market index ^NSEI
2026-03-04 13:20:17,285 - stock_predictor - INFO - Technical indicators added successfully
2026-03-04 13:20:17,285 - stock_predictor - WARNING - Market data provided is empty. Skipping correlation.
2026-03-04 13:20:17,286 - stock_predictor - INFO - Adding simulated external data for RELIANCE.NS...
2026-03-04 13:20:17,298 - stock_predictor - INFO - Fetching data for TCS.NS (Period: 1d, Interval: 1m)
2026-03-04 13:20:17,678 - stock_predictor - INFO - Fetching data for TCS.NS (Period: 2y, Interval: 1d)
2026-03-04 13:20:17,971 - stock_predictor - INFO - Loading resources for TCS.NS...
2026-03-04 13:20:17,972 - stock_predictor - INFO - Scaler loaded from D:\InvestIQ-main\backend\models\saved_models\scaler_TCS.NS.pkl
2026-03-04 13:20:17,989 - stock_predictor - INFO - Loaded data from temp_TCS.NS.csv with shape (495, 8)
2026-03-04 13:20:17,990 - stock_predictor - INFO - Fetching live price data for TCS.NS...
2026-03-04 13:20:18,476 - stock_predictor - INFO - Successfully fetched live data for TCS.NS date: 2026-03-04 00:00:00
2026-03-04 13:20:18,482 - stock_predictor - INFO - Data cleaned successfully
2026-03-04 13:20:18,482 - stock_predictor - INFO - Fetching market index data for ^NSEI...
2026-03-04 13:20:18,497 - stock_predictor - WARNING - No data found for market index ^NSEI
2026-03-04 13:20:18,505 - stock_predictor - INFO - Technical indicators added successfully
2026-03-04 13:20:18,505 - stock_predictor - WARNING - Market data provided is empty. Skipping correlation.
2026-03-04 13:20:18,506 - stock_predictor - INFO - Adding simulated external data for TCS.NS...
2026-03-04 13:20:18,516 - stock_predictor - INFO - Fetching data for INFY.NS (Period: 1d, Interval: 1m)
2026-03-04 13:20:18,914 - stock_predictor - INFO - Fetching data for INFY.NS (Period: 2y, Interval: 1d)
2026-03-04 13:20:19,201 - stock_predictor - INFO - Loading resources for INFY.NS...
2026-03-04 13:20:19,201 - stock_predictor - INFO - Scaler loaded from D:\InvestIQ-main\backend\models\saved_models\scaler_INFY.NS.pkl
2026-03-04 13:20:19,226 - stock_predictor - INFO - Loaded data from temp_INFY.NS.csv with shape (495, 8)
2026-03-04 13:20:19,226 - stock_predictor - INFO - Fetching live price data for INFY.NS...
2026-03-04 13:20:19,598 - stock_predictor - INFO - Successfully fetched live data for INFY.NS date: 2026-03-04 00:00:00
2026-03-04 13:20:19,604 - stock_predictor - INFO - Data cleaned successfully
2026-03-04 13:20:19,604 - stock_predictor - INFO - Fetching market index data for ^NSEI...
2026-03-04 13:20:19,619 - stock_predictor - WARNING - No data found for market index ^NSEI
2026-03-04 13:20:19,628 - stock_predictor - INFO - Technical indicators added successfully
2026-03-04 13:20:19,628 - stock_predictor - WARNING - Market data provided is empty. Skipping correlation.
2026-03-04 13:20:19,628 - stock_predictor - INFO - Adding simulated external data for INFY.NS...
2026-03-04 13:20:19,638 - stock_predictor - INFO - Fetching data for ICICIBANK.NS (Period: 1d, Interval: 1m)
2026-03-04 13:20:20,192 - stock_predictor - INFO - Fetching data for ICICIBANK.NS (Period: 2y, Interval: 1d)
2026-03-04 13:20:20,621 - stock_predictor - INFO - Loading resources for ICICIBANK.NS...
2026-03-04 13:20:20,622 - stock_predictor - INFO - Scaler loaded from D:\InvestIQ-main\backend\models\saved_models\scaler_ICICIBANK.NS.pkl
2026-03-04 13:20:20,642 - stock_predictor - INFO - Loaded data from temp_ICICIBANK.NS.csv with shape (495, 8)
2026-03-04 13:20:20,642 - stock_predictor - INFO - Fetching live price data for ICICIBANK.NS...
2026-03-04 13:20:20,843 - stock_predictor - INFO - Successfully fetched live data for ICICIBANK.NS date: 2026-03-04 00:00:00
2026-03-04 13:20:20,851 - stock_predictor - INFO - Data cleaned successfully
2026-03-04 13:20:20,851 - stock_predictor - INFO - Fetching market index data for ^NSEI...
2026-03-04 13:20:20,865 - stock_predictor - WARNING - No data found for market index ^NSEI
2026-03-04 13:20:20,876 - stock_predictor - INFO - Technical indicators added successfully
2026-03-04 13:20:20,876 - stock_predictor - WARNING - Market data provided is empty. Skipping correlation.
2026-03-04 13:20:20,876 - stock_predictor - INFO - Adding simulated external data for ICICIBANK.NS...
2026-03-04 13:42:48,197 - stock_predictor - INFO - Loading resources for RELIANCE...
2026-03-04 13:42:48,211 - stock_predictor - INFO - Scaler loaded from D:\InvestIQ-main\backend\models\saved_models\scaler_RELIANCE.pkl
2026-03-04 13:42:48,361 - stock_predictor - INFO - Detected metadata row, dropping row 0
2026-03-04 13:42:48,362 - stock_predictor - INFO - Loaded data from D:\InvestIQ-main\backend\data\stock_data\RELIANCE.csv with shape (6309, 7)
2026-03-04 13:42:48,363 - stock_predictor - INFO - Fetching live price data for RELIANCE.BO...
2026-03-04 13:42:49,442 - stock_predictor - INFO - Successfully fetched live data for RELIANCE.BO date: 2026-03-04 00:00:00
2026-03-04 13:42:49,451 - stock_predictor - INFO - Added live data for 2026-03-04 00:00:00
2026-03-04 13:42:49,956 - stock_predictor - INFO - Data cleaned successfully
2026-03-04 13:42:49,957 - stock_predictor - INFO - Fetching market index data for ^NSEI...
2026-03-04 13:42:51,348 - stock_predictor - WARNING - No data found for market index ^NSEI
2026-03-04 13:42:51,384 - stock_predictor - INFO - Technical indicators added successfully
2026-03-04 13:42:51,385 - stock_predictor - WARNING - Market data provided is empty. Skipping correlation.
2026-03-04 13:42:51,386 - stock_predictor - INFO - Adding simulated external data for RELIANCE...
2026-03-04 13:42:51,466 - stock_predictor - INFO - Cache miss – ran prediction for RELIANCE
2026-03-04 13:42:51,467 - stock_predictor - INFO - Loading resources for TCS...
2026-03-04 13:42:51,468 - stock_predictor - INFO - Scaler loaded from D:\InvestIQ-main\backend\models\saved_models\scaler_TCS.pkl
2026-03-04 13:42:51,502 - stock_predictor - INFO - Detected metadata row, dropping row 0
2026-03-04 13:42:51,503 - stock_predictor - INFO - Loaded data from D:\InvestIQ-main\backend\data\stock_data\TCS.csv with shape (5271, 7)
2026-03-04 13:42:51,503 - stock_predictor - INFO - Fetching live price data for TCS.BO...
2026-03-04 13:42:51,822 - stock_predictor - INFO - Successfully fetched live data for TCS.BO date: 2026-03-04 00:00:00
2026-03-04 13:42:51,828 - stock_predictor - INFO - Added live data for 2026-03-04 00:00:00
2026-03-04 13:42:51,847 - stock_predictor - INFO - Data cleaned successfully
2026-03-04 13:42:51,848 - stock_predictor - INFO - Fetching market index data for ^NSEI...
2026-03-04 13:42:52,657 - stock_predictor - WARNING - No data found for market index ^NSEI
2026-03-04 13:42:52,689 - stock_predictor - INFO - Technical indicators added successfully
2026-03-04 13:42:52,690 - stock_predictor - WARNING - Market data provided is empty. Skipping correlation.
2026-03-04 13:42:52,691 - stock_predictor - INFO - Adding simulated external data for TCS...
2026-03-04 13:42:52,722 - stock_predictor - INFO - Cache miss – ran prediction for TCS
2026-03-04 13:42:52,723 - stock_predictor - INFO - Loading resources for INFY...
2026-03-04 13:42:52,727 - stock_predictor - INFO - Scaler loaded from D:\InvestIQ-main\backend\models\saved_models\scaler_INFY.pkl
2026-03-04 13:42:52,762 - stock_predictor - INFO - Detected metadata row, dropping row 0
2026-03-04 13:42:52,763 - stock_predictor - INFO - Loaded data from D:\InvestIQ-main\backend\data\stock_data\INFY.csv with shape (6465, 7)
2026-03-04 13:42:52,763 - stock_predictor - INFO - Fetching live price data for INFY.BO...
2026-03-04 13:42:53,084 - stock_predictor - INFO - Successfully fetched live data for INFY.BO date: 2026-03-04 00:00:00
2026-03-04 13:42:53,089 - stock_predictor - INFO - Added live data for 2026-03-04 00:00:00
2026-03-04 13:42:53,106 - stock_predictor - INFO - Data cleaned successfully
2026-03-04 13:42:53,107 - stock_predictor - INFO - Fetching market index data for ^NSEI...
2026-03-04 13:42:53,813 - stock_predictor - WARNING - No data found for market index ^NSEI
2026-03-04 13:42:53,856 - stock_predictor - INFO - Technical indicators added successfully
2026-03-04 13:42:53,857 - stock_predictor - WARNING - Market data provided is empty. Skipping correlation.
2026-03-04 13:42:53,858 - stock_predictor - INFO - Adding simulated external data for INFY...
2026-03-04 13:42:53,900 - stock_predictor - INFO - Cache miss – ran prediction for INFY
2026-03-04 13:42:53,903 - stock_predictor - INFO - Loading resources for HDFCBANK...
2026-03-04 13:42:53,905 - stock_predictor - INFO - Scaler loaded from D:\InvestIQ-main\backend\models\saved_models\scaler_HDFCBANK.pkl
2026-03-04 13:42:53,951 - stock_predictor - INFO - Detected metadata row, dropping row 0
2026-03-04 13:42:53,952 - stock_predictor - INFO - Loaded data from D:\InvestIQ-main\backend\data\stock_data\HDFCBANK.csv with shape (6506, 7)
2026-03-04 13:42:53,952 - stock_predictor - INFO - Fetching live price data for HDFCBANK.BO...
2026-03-04 13:42:54,241 - stock_predictor - INFO - Successfully fetched live data for HDFCBANK.BO date: 2026-03-04 00:00:00
2026-03-04 13:42:54,247 - stock_predictor - INFO - Added live data for 2026-03-04 00:00:00
2026-03-04 13:42:54,268 - stock_predictor - INFO - Data cleaned successfully
2026-03-04 13:42:54,269 - stock_predictor - INFO - Fetching market index data for ^NSEI...
2026-03-04 13:42:55,054 - stock_predictor - WARNING - No data found for market index ^NSEI
2026-03-04 13:42:55,123 - stock_predictor - INFO - Technical indicators added successfully
2026-03-04 13:42:55,124 - stock_predictor - WARNING - Market data provided is empty. Skipping correlation.
2026-03-04 13:42:55,124 - stock_predictor - INFO - Adding simulated external data for HDFCBANK...
2026-03-04 13:42:55,176 - stock_predictor - INFO - Cache miss – ran prediction for HDFCBANK
2026-03-04 13:42:55,181 - stock_predictor - INFO - Loading resources for ICICIBANK...
2026-03-04 13:42:55,185 - stock_predictor - INFO - Scaler loaded from D:\InvestIQ-main\backend\models\saved_models\scaler_ICICIBANK.pkl
2026-03-04 13:42:55,251 - stock_predictor - INFO - Detected metadata row, dropping row 0
2026-03-04 13:42:55,254 - stock_predictor - INFO - Loaded data from D:\InvestIQ-main\backend\data\stock_data\ICICIBANK.csv with shape (5875, 7)
2026-03-04 13:42:55,255 - stock_predictor - INFO - Fetching live price data for ICICIBANK.BO...
2026-03-04 13:42:55,573 - stock_predictor - INFO - Successfully fetched live data for ICICIBANK.BO date: 2026-03-04 00:00:00
2026-03-04 13:42:55,579 - stock_predictor - INFO - Added live data for 2026-03-04 00:00:00
2026-03-04 13:42:55,597 - stock_predictor - INFO - Data cleaned successfully
2026-03-04 13:42:55,598 - stock_predictor - INFO - Fetching market index data for ^NSEI...
2026-03-04 13:42:56,992 - stock_predictor - WARNING - No data found for market index ^NSEI
2026-03-04 13:42:57,034 - stock_predictor - INFO - Technical indicators added successfully
2026-03-04 13:42:57,036 - stock_predictor - WARNING - Market data provided is empty. Skipping correlation.
2026-03-04 13:42:57,036 - stock_predictor - INFO - Adding simulated external data for ICICIBANK...
2026-03-04 13:42:57,084 - stock_predictor - INFO - Cache miss – ran prediction for ICICIBANK
2026-03-04 13:43:02,956 - stock_predictor - INFO - Fetching data for RELIANCE.NS (Period: 1y, Interval: 1d)
2026-03-04 13:43:03,335 - stock_predictor - INFO - Fetching data for TCS.NS (Period: 1y, Interval: 1d)
2026-03-04 13:43:03,467 - stock_predictor - INFO - Fetching data for INFY.NS (Period: 1y, Interval: 1d)
2026-03-04 13:43:03,662 - stock_predictor - INFO - Fetching data for HDFCBANK.NS (Period: 1y, Interval: 1d)
2026-03-04 13:43:03,852 - stock_predictor - INFO - Fetching data for ICICIBANK.NS (Period: 1y, Interval: 1d)
2026-03-04 13:43:04,049 - stock_predictor - INFO - Using MVO weights (non-degenerate).
2026-03-04 13:43:04,050 - stock_predictor - INFO - Final Portfolio Allocation: {'RELIANCE': 0.4216, 'TCS': 0.05, 'INFY': 0.05, 'HDFCBANK': 0.05, 'ICICIBANK': 0.4284}
2026-03-04 13:43:40,260 - stock_predictor - INFO - Cache hit for RELIANCE
2026-03-04 13:43:40,260 - stock_predictor - INFO - Cache hit for TCS
2026-03-04 13:43:40,260 - stock_predictor - INFO - Cache hit for INFY
2026-03-04 13:43:40,261 - stock_predictor - INFO - Cache hit for HDFCBANK
2026-03-04 13:43:40,261 - stock_predictor - INFO - Cache hit for ICICIBANK
2026-03-04 13:44:00,575 - stock_predictor - INFO - Loading resources for RELIANCE...
2026-03-04 13:44:00,576 - stock_predictor - INFO - Scaler loaded from D:\InvestIQ-main\backend\models\saved_models\scaler_RELIANCE.pkl
2026-03-04 13:44:00,615 - stock_predictor - INFO - Detected metadata row, dropping row 0
2026-03-04 13:44:00,615 - stock_predictor - INFO - Loaded data from D:\InvestIQ-main\backend\data\stock_data\RELIANCE.csv with shape (6309, 7)
2026-03-04 13:44:00,616 - stock_predictor - INFO - Fetching live price data for RELIANCE.BO...
2026-03-04 13:44:00,764 - stock_predictor - INFO - Successfully fetched live data for RELIANCE.BO date: 2026-03-04 00:00:00
2026-03-04 13:44:00,771 - stock_predictor - INFO - Added live data for 2026-03-04 00:00:00
2026-03-04 13:44:00,801 - stock_predictor - INFO - Data cleaned successfully
2026-03-04 13:44:00,802 - stock_predictor - INFO - Fetching market index data for ^NSEI...
2026-03-04 13:44:00,817 - stock_predictor - WARNING - No data found for market index ^NSEI
2026-03-04 13:44:00,859 - stock_predictor - INFO - Technical indicators added successfully
2026-03-04 13:44:00,860 - stock_predictor - WARNING - Market data provided is empty. Skipping correlation.
2026-03-04 13:44:00,861 - stock_predictor - INFO - Adding simulated external data for RELIANCE...
2026-03-04 13:45:34,784 - stock_predictor - INFO - Loading resources for ICICIBANK...
2026-03-04 13:45:34,785 - stock_predictor - INFO - Scaler loaded from D:\InvestIQ-main\backend\models\saved_models\scaler_ICICIBANK.pkl
2026-03-04 13:45:34,822 - stock_predictor - INFO - Detected metadata row, dropping row 0
2026-03-04 13:45:34,823 - stock_predictor - INFO - Loaded data from D:\InvestIQ-main\backend\data\stock_data\ICICIBANK.csv with shape (5875, 7)
2026-03-04 13:45:34,823 - stock_predictor - INFO - Fetching live price data for ICICIBANK.BO...
2026-03-04 13:45:35,468 - stock_predictor - INFO - Successfully fetched live data for ICICIBANK.BO date: 2026-03-04 00:00:00
2026-03-04 13:45:35,474 - stock_predictor - INFO - Added live data for 2026-03-04 00:00:00
2026-03-04 13:45:35,498 - stock_predictor - INFO - Data cleaned successfully
2026-03-04 13:45:35,500 - stock_predictor - INFO - Fetching market index data for ^NSEI...
2026-03-04 13:45:35,516 - stock_predictor - WARNING - No data found for market index ^NSEI
2026-03-04 13:45:35,560 - stock_predictor - INFO - Technical indicators added successfully
2026-03-04 13:45:35,561 - stock_predictor - WARNING - Market data provided is empty. Skipping correlation.
2026-03-04 13:45:35,562 - stock_predictor - INFO - Adding simulated external data for ICICIBANK...
2026-03-04 13:46:29,151 - stock_predictor - INFO - Loading resources for TCS...
2026-03-04 13:46:29,152 - stock_predictor - INFO - Scaler loaded from D:\InvestIQ-main\backend\models\saved_models\scaler_TCS.pkl
2026-03-04 13:46:29,196 - stock_predictor - INFO - Detected metadata row, dropping row 0
2026-03-04 13:46:29,196 - stock_predictor - INFO - Loaded data from D:\InvestIQ-main\backend\data\stock_data\TCS.csv with shape (5271, 7)
2026-03-04 13:46:29,197 - stock_predictor - INFO - Fetching live price data for TCS.BO...
2026-03-04 13:46:29,582 - stock_predictor - INFO - Successfully fetched live data for TCS.BO date: 2026-03-04 00:00:00
2026-03-04 13:46:29,586 - stock_predictor - INFO - Added live data for 2026-03-04 00:00:00
2026-03-04 13:46:29,599 - stock_predictor - INFO - Data cleaned successfully
2026-03-04 13:46:29,600 - stock_predictor - INFO - Fetching market index data for ^NSEI...
2026-03-04 13:46:29,615 - stock_predictor - WARNING - No data found for market index ^NSEI
2026-03-04 13:46:29,646 - stock_predictor - INFO - Technical indicators added successfully
2026-03-04 13:46:29,647 - stock_predictor - WARNING - Market data provided is empty. Skipping correlation.
2026-03-04 13:46:29,648 - stock_predictor - INFO - Adding simulated external data for TCS...
2026-03-04 13:47:42,800 - stock_predictor - INFO - Loading resources for INFY...
2026-03-04 13:47:42,802 - stock_predictor - INFO - Scaler loaded from D:\InvestIQ-main\backend\models\saved_models\scaler_INFY.pkl
2026-03-04 13:47:42,844 - stock_predictor - INFO - Detected metadata row, dropping row 0
2026-03-04 13:47:42,844 - stock_predictor - INFO - Loaded data from D:\InvestIQ-main\backend\data\stock_data\INFY.csv with shape (6465, 7)
2026-03-04 13:47:42,845 - stock_predictor - INFO - Fetching live price data for INFY.BO...
2026-03-04 13:47:43,198 - stock_predictor - INFO - Successfully fetched live data for INFY.BO date: 2026-03-04 00:00:00
2026-03-04 13:47:43,206 - stock_predictor - INFO - Added live data for 2026-03-04 00:00:00
2026-03-04 13:47:43,227 - stock_predictor - INFO - Data cleaned successfully
2026-03-04 13:47:43,228 - stock_predictor - INFO - Fetching market index data for ^NSEI...
2026-03-04 13:47:43,244 - stock_predictor - WARNING - No data found for market index ^NSEI
2026-03-04 13:47:43,300 - stock_predictor - INFO - Technical indicators added successfully
2026-03-04 13:47:43,301 - stock_predictor - WARNING - Market data provided is empty. Skipping correlation.
2026-03-04 13:47:43,302 - stock_predictor - INFO - Adding simulated external data for INFY...
2026-03-04 13:48:13,944 - stock_predictor - INFO - Initializing FinBERT on device: CPU
2026-03-04 13:49:18,365 - stock_predictor - INFO - Initializing FinBERT on device: CPU
2026-03-04 13:49:21,449 - stock_predictor - INFO - Loading resources for TCS...
2026-03-04 13:49:21,450 - stock_predictor - INFO - Scaler loaded from D:\InvestIQ-main\backend\models\saved_models\scaler_TCS.pkl
2026-03-04 13:49:21,513 - stock_predictor - INFO - Detected metadata row, dropping row 0
2026-03-04 13:49:21,514 - stock_predictor - INFO - Loaded data from D:\InvestIQ-main\backend\data\stock_data\TCS.csv with shape (5271, 7)
2026-03-04 13:49:21,514 - stock_predictor - INFO - Fetching live price data for TCS.BO...
2026-03-04 13:49:22,533 - stock_predictor - INFO - Successfully fetched live data for TCS.BO date: 2026-03-04 00:00:00
2026-03-04 13:49:22,547 - stock_predictor - INFO - Added live data for 2026-03-04 00:00:00
2026-03-04 13:49:22,583 - stock_predictor - INFO - Data cleaned successfully
2026-03-04 13:49:22,584 - stock_predictor - INFO - Fetching market index data for ^NSEI...
2026-03-04 13:49:24,170 - stock_predictor - WARNING - No data found for market index ^NSEI
2026-03-04 13:49:24,214 - stock_predictor - INFO - Technical indicators added successfully
2026-03-04 13:49:24,215 - stock_predictor - WARNING - Market data provided is empty. Skipping correlation.
2026-03-04 13:49:24,215 - stock_predictor - INFO - Adding simulated external data for TCS...
2026-03-04 13:51:12,937 - stock_predictor - INFO - Loading resources for HDFCBANK...
2026-03-04 13:51:12,939 - stock_predictor - INFO - Scaler loaded from D:\InvestIQ-main\backend\models\saved_models\scaler_HDFCBANK.pkl
2026-03-04 13:51:12,989 - stock_predictor - INFO - Detected metadata row, dropping row 0
2026-03-04 13:51:12,990 - stock_predictor - INFO - Loaded data from D:\InvestIQ-main\backend\data\stock_data\HDFCBANK.csv with shape (6506, 7)
2026-03-04 13:51:12,990 - stock_predictor - INFO - Fetching live price data for HDFCBANK.BO...
2026-03-04 13:51:13,594 - stock_predictor - INFO - Successfully fetched live data for HDFCBANK.BO date: 2026-03-04 00:00:00
2026-03-04 13:51:13,601 - stock_predictor - INFO - Added live data for 2026-03-04 00:00:00
2026-03-04 13:51:13,620 - stock_predictor - INFO - Data cleaned successfully
2026-03-04 13:51:13,621 - stock_predictor - INFO - Fetching market index data for ^NSEI...
2026-03-04 13:51:15,041 - stock_predictor - WARNING - No data found for market index ^NSEI
2026-03-04 13:51:15,082 - stock_predictor - INFO - Technical indicators added successfully
2026-03-04 13:51:15,083 - stock_predictor - WARNING - Market data provided is empty. Skipping correlation.
2026-03-04 13:51:15,084 - stock_predictor - INFO - Adding simulated external data for HDFCBANK...
2026-03-04 13:51:33,417 - stock_predictor - INFO - Loading resources for HDFCBANK...
2026-03-04 13:51:33,422 - stock_predictor - INFO - Scaler loaded from D:\InvestIQ-main\backend\models\saved_models\scaler_HDFCBANK.pkl
2026-03-04 13:51:33,472 - stock_predictor - INFO - Detected metadata row, dropping row 0
2026-03-04 13:51:33,473 - stock_predictor - INFO - Loaded data from D:\InvestIQ-main\backend\data\stock_data\HDFCBANK.csv with shape (6506, 7)
2026-03-04 13:51:33,473 - stock_predictor - INFO - Fetching live price data for HDFCBANK.BO...
2026-03-04 13:51:34,040 - stock_predictor - INFO - Successfully fetched live data for HDFCBANK.BO date: 2026-03-04 00:00:00
2026-03-04 13:51:34,054 - stock_predictor - INFO - Added live data for 2026-03-04 00:00:00
2026-03-04 13:51:34,082 - stock_predictor - INFO - Data cleaned successfully
2026-03-04 13:51:34,083 - stock_predictor - INFO - Fetching market index data for ^NSEI...
2026-03-04 13:51:34,102 - stock_predictor - WARNING - No data found for market index ^NSEI
2026-03-04 13:51:34,146 - stock_predictor - INFO - Technical indicators added successfully
2026-03-04 13:51:34,147 - stock_predictor - WARNING - Market data provided is empty. Skipping correlation.
2026-03-04 13:51:34,148 - stock_predictor - INFO - Adding simulated external data for HDFCBANK...
2026-03-04 13:51:40,896 - stock_predictor - INFO - Loading resources for ICICIBANK...
2026-03-04 13:51:40,901 - stock_predictor - INFO - Scaler loaded from D:\InvestIQ-main\backend\models\saved_models\scaler_ICICIBANK.pkl
2026-03-04 13:51:40,967 - stock_predictor - INFO - Detected metadata row, dropping row 0
2026-03-04 13:51:40,968 - stock_predictor - INFO - Loaded data from D:\InvestIQ-main\backend\data\stock_data\ICICIBANK.csv with shape (5875, 7)
2026-03-04 13:51:40,968 - stock_predictor - INFO - Fetching live price data for ICICIBANK.BO...
2026-03-04 13:51:41,392 - stock_predictor - INFO - Successfully fetched live data for ICICIBANK.BO date: 2026-03-04 00:00:00
2026-03-04 13:51:41,398 - stock_predictor - INFO - Added live data for 2026-03-04 00:00:00
2026-03-04 13:51:41,422 - stock_predictor - INFO - Data cleaned successfully
2026-03-04 13:51:41,423 - stock_predictor - INFO - Fetching market index data for ^NSEI...
2026-03-04 13:51:42,809 - stock_predictor - WARNING - No data found for market index ^NSEI
2026-03-04 13:51:42,850 - stock_predictor - INFO - Technical indicators added successfully
2026-03-04 13:51:42,851 - stock_predictor - WARNING - Market data provided is empty. Skipping correlation.
2026-03-04 13:51:42,851 - stock_predictor - INFO - Adding simulated external data for ICICIBANK...
2026-03-04 13:52:52,370 - stock_predictor - INFO - Loading resources for RELIANCE...
2026-03-04 13:52:52,374 - stock_predictor - INFO - Scaler loaded from D:\InvestIQ-main\backend\models\saved_models\scaler_RELIANCE.pkl
2026-03-04 13:52:53,253 - stock_predictor - INFO - Detected metadata row, dropping row 0
2026-03-04 13:52:53,316 - stock_predictor - INFO - Loaded data from D:\InvestIQ-main\backend\data\stock_data\RELIANCE.csv with shape (6309, 7)
2026-03-04 13:52:53,409 - stock_predictor - INFO - Fetching live price data for RELIANCE.BO...
2026-03-04 13:52:54,539 - stock_predictor - INFO - Successfully fetched live data for RELIANCE.BO date: 2026-03-04 00:00:00
2026-03-04 13:52:54,564 - stock_predictor - INFO - Added live data for 2026-03-04 00:00:00
2026-03-04 13:52:54,643 - stock_predictor - INFO - Data cleaned successfully
2026-03-04 13:52:54,645 - stock_predictor - INFO - Fetching market index data for ^NSEI...
2026-03-04 13:52:56,189 - stock_predictor - WARNING - No data found for market index ^NSEI
2026-03-04 13:52:56,363 - stock_predictor - INFO - Technical indicators added successfully
2026-03-04 13:52:56,366 - stock_predictor - WARNING - Market data provided is empty. Skipping correlation.
2026-03-04 13:52:56,368 - stock_predictor - INFO - Adding simulated external data for RELIANCE...
2026-03-04 13:52:56,744 - stock_predictor - INFO - Cache miss – ran prediction for RELIANCE
2026-03-04 13:52:56,746 - stock_predictor - INFO - Loading resources for TCS...
2026-03-04 13:52:56,749 - stock_predictor - INFO - Scaler loaded from D:\InvestIQ-main\backend\models\saved_models\scaler_TCS.pkl
2026-03-04 13:52:56,851 - stock_predictor - INFO - Detected metadata row, dropping row 0
2026-03-04 13:52:56,853 - stock_predictor - INFO - Loaded data from D:\InvestIQ-main\backend\data\stock_data\TCS.csv with shape (5271, 7)
2026-03-04 13:52:56,855 - stock_predictor - INFO - Fetching live price data for TCS.BO...
2026-03-04 13:52:58,017 - stock_predictor - INFO - Successfully fetched live data for TCS.BO date: 2026-03-04 00:00:00
2026-03-04 13:52:58,037 - stock_predictor - INFO - Added live data for 2026-03-04 00:00:00
2026-03-04 13:52:58,099 - stock_predictor - INFO - Data cleaned successfully
2026-03-04 13:52:58,101 - stock_predictor - INFO - Fetching market index data for ^NSEI...
2026-03-04 13:52:58,130 - stock_predictor - WARNING - No data found for market index ^NSEI
2026-03-04 13:52:58,281 - stock_predictor - INFO - Technical indicators added successfully
2026-03-04 13:52:58,284 - stock_predictor - WARNING - Market data provided is empty. Skipping correlation.
2026-03-04 13:52:58,286 - stock_predictor - INFO - Adding simulated external data for TCS...
2026-03-04 13:52:58,619 - stock_predictor - INFO - Cache miss – ran prediction for TCS
2026-03-04 13:52:58,621 - stock_predictor - INFO - Loading resources for INFY...
2026-03-04 13:52:58,624 - stock_predictor - INFO - Scaler loaded from D:\InvestIQ-main\backend\models\saved_models\scaler_INFY.pkl
2026-03-04 13:52:58,738 - stock_predictor - INFO - Detected metadata row, dropping row 0
2026-03-04 13:52:58,740 - stock_predictor - INFO - Loaded data from D:\InvestIQ-main\backend\data\stock_data\INFY.csv with shape (6465, 7)
2026-03-04 13:52:58,741 - stock_predictor - INFO - Fetching live price data for INFY.BO...
2026-03-04 13:52:59,065 - stock_predictor - INFO - Successfully fetched live data for INFY.BO date: 2026-03-04 00:00:00
2026-03-04 13:52:59,085 - stock_predictor - INFO - Added live data for 2026-03-04 00:00:00
2026-03-04 13:52:59,152 - stock_predictor - INFO - Data cleaned successfully
2026-03-04 13:52:59,155 - stock_predictor - INFO - Fetching market index data for ^NSEI...
2026-03-04 13:52:59,949 - stock_predictor - WARNING - No data found for market index ^NSEI
2026-03-04 13:53:00,148 - stock_predictor - INFO - Technical indicators added successfully
2026-03-04 13:53:00,150 - stock_predictor - WARNING - Market data provided is empty. Skipping correlation.
2026-03-04 13:53:00,152 - stock_predictor - INFO - Adding simulated external data for INFY...
2026-03-04 13:53:00,499 - stock_predictor - INFO - Cache miss – ran prediction for INFY
2026-03-04 13:53:00,500 - stock_predictor - INFO - Loading resources for HDFCBANK...
2026-03-04 13:53:00,503 - stock_predictor - INFO - Scaler loaded from D:\InvestIQ-main\backend\models\saved_models\scaler_HDFCBANK.pkl
2026-03-04 13:53:00,617 - stock_predictor - INFO - Detected metadata row, dropping row 0
2026-03-04 13:53:00,619 - stock_predictor - INFO - Loaded data from D:\InvestIQ-main\backend\data\stock_data\HDFCBANK.csv with shape (6506, 7)
2026-03-04 13:53:00,620 - stock_predictor - INFO - Fetching live price data for HDFCBANK.BO...
2026-03-04 13:53:00,994 - stock_predictor - INFO - Successfully fetched live data for HDFCBANK.BO date: 2026-03-04 00:00:00
2026-03-04 13:53:01,019 - stock_predictor - INFO - Added live data for 2026-03-04 00:00:00
2026-03-04 13:53:01,084 - stock_predictor - INFO - Data cleaned successfully
2026-03-04 13:53:01,086 - stock_predictor - INFO - Fetching market index data for ^NSEI...
2026-03-04 13:53:01,119 - stock_predictor - WARNING - No data found for market index ^NSEI
2026-03-04 13:53:01,299 - stock_predictor - INFO - Technical indicators added successfully
2026-03-04 13:53:01,301 - stock_predictor - WARNING - Market data provided is empty. Skipping correlation.
2026-03-04 13:53:01,302 - stock_predictor - INFO - Adding simulated external data for HDFCBANK...
2026-03-04 13:53:01,639 - stock_predictor - INFO - Cache miss – ran prediction for HDFCBANK
2026-03-04 13:53:01,641 - stock_predictor - INFO - Loading resources for ICICIBANK...
2026-03-04 13:53:01,644 - stock_predictor - INFO - Scaler loaded from D:\InvestIQ-main\backend\models\saved_models\scaler_ICICIBANK.pkl
2026-03-04 13:53:01,755 - stock_predictor - INFO - Detected metadata row, dropping row 0
2026-03-04 13:53:01,756 - stock_predictor - INFO - Loaded data from D:\InvestIQ-main\backend\data\stock_data\ICICIBANK.csv with shape (5875, 7)
2026-03-04 13:53:01,757 - stock_predictor - INFO - Fetching live price data for ICICIBANK.BO...
2026-03-04 13:53:02,107 - stock_predictor - INFO - Successfully fetched live data for ICICIBANK.BO date: 2026-03-04 00:00:00
2026-03-04 13:53:02,128 - stock_predictor - INFO - Added live data for 2026-03-04 00:00:00
2026-03-04 13:53:02,189 - stock_predictor - INFO - Data cleaned successfully
2026-03-04 13:53:02,192 - stock_predictor - INFO - Fetching market index data for ^NSEI...
2026-03-04 13:53:02,221 - stock_predictor - WARNING - No data found for market index ^NSEI
2026-03-04 13:53:02,383 - stock_predictor - INFO - Technical indicators added successfully
2026-03-04 13:53:02,384 - stock_predictor - WARNING - Market data provided is empty. Skipping correlation.
2026-03-04 13:53:02,388 - stock_predictor - INFO - Adding simulated external data for ICICIBANK...
2026-03-04 13:53:02,656 - stock_predictor - INFO - Cache miss – ran prediction for ICICIBANK
2026-03-04 13:53:05,069 - stock_predictor - INFO - Fetching data for RELIANCE.NS (Period: 1y, Interval: 1d)
2026-03-04 13:53:05,456 - stock_predictor - INFO - Fetching data for TCS.NS (Period: 1y, Interval: 1d)
2026-03-04 13:53:05,681 - stock_predictor - INFO - Fetching data for INFY.NS (Period: 1y, Interval: 1d)
2026-03-04 13:53:05,918 - stock_predictor - INFO - Fetching data for HDFCBANK.NS (Period: 1y, Interval: 1d)
2026-03-04 13:53:06,112 - stock_predictor - INFO - Fetching data for ICICIBANK.NS (Period: 1y, Interval: 1d)
2026-03-04 13:53:06,366 - stock_predictor - INFO - Using MVO weights (non-degenerate).
2026-03-04 13:53:06,368 - stock_predictor - INFO - Final Portfolio Allocation: {'RELIANCE': 0.4162, 'TCS': 0.05, 'INFY': 0.05, 'HDFCBANK': 0.05, 'ICICIBANK': 0.4338}
2026-03-04 13:53:41,325 - stock_predictor - INFO - Returning cached data for RELIANCE.NS
2026-03-04 13:53:41,327 - stock_predictor - INFO - Returning cached data for TCS.NS
2026-03-04 13:53:41,328 - stock_predictor - INFO - Returning cached data for INFY.NS
2026-03-04 13:53:41,329 - stock_predictor - INFO - Returning cached data for HDFCBANK.NS
2026-03-04 13:53:41,329 - stock_predictor - INFO - Returning cached data for ICICIBANK.NS
2026-03-04 13:53:41,354 - stock_predictor - INFO - Using MVO weights (non-degenerate).
2026-03-04 13:53:41,355 - stock_predictor - INFO - Final Portfolio Allocation: {'RELIANCE': 0.4162, 'TCS': 0.05, 'INFY': 0.05, 'HDFCBANK': 0.05, 'ICICIBANK': 0.4338}
2026-03-04 13:57:17,073 - stock_predictor - INFO - Cache hit for RELIANCE
2026-03-04 13:57:17,074 - stock_predictor - INFO - Cache hit for TCS
2026-03-04 13:57:17,074 - stock_predictor - INFO - Cache hit for INFY
2026-03-04 13:57:17,074 - stock_predictor - INFO - Cache hit for HDFCBANK
2026-03-04 13:57:17,075 - stock_predictor - INFO - Cache hit for ICICIBANK
2026-03-04 13:57:17,158 - stock_predictor - INFO - Initializing FinBERT on device: CPU
2026-03-04 13:57:19,992 - stock_predictor - INFO - Loading resources for RELIANCE.NS...
2026-03-04 13:57:19,993 - stock_predictor - INFO - Scaler loaded from D:\InvestIQ-main\backend\models\saved_models\scaler_RELIANCE.NS.pkl
2026-03-04 13:57:20,034 - stock_predictor - INFO - Loaded data from D:\InvestIQ-main\backend\data\stock_data\RELIANCE.NS.csv with shape (495, 8)
2026-03-04 13:57:20,035 - stock_predictor - INFO - Fetching live price data for RELIANCE.NS...
2026-03-04 13:57:21,437 - stock_predictor - INFO - Successfully fetched live data for RELIANCE.NS date: 2026-03-04 00:00:00
2026-03-04 13:57:21,449 - stock_predictor - INFO - Added live data for 2026-03-04 00:00:00
2026-03-04 13:57:21,458 - stock_predictor - INFO - Data cleaned successfully
2026-03-04 13:57:21,458 - stock_predictor - INFO - Fetching market index data for ^NSEI...
2026-03-04 13:57:21,676 - stock_predictor - INFO - Loading resources for ICICIBANK...
2026-03-04 13:57:21,677 - stock_predictor - INFO - Scaler loaded from D:\InvestIQ-main\backend\models\saved_models\scaler_ICICIBANK.pkl
2026-03-04 13:57:21,718 - stock_predictor - INFO - Detected metadata row, dropping row 0
2026-03-04 13:57:21,718 - stock_predictor - INFO - Loaded data from D:\InvestIQ-main\backend\data\stock_data\ICICIBANK.csv with shape (5875, 7)
2026-03-04 13:57:21,719 - stock_predictor - INFO - Fetching live price data for ICICIBANK.BO...
2026-03-04 13:57:22,140 - stock_predictor - INFO - Successfully fetched live data for ICICIBANK.BO date: 2026-03-04 00:00:00
2026-03-04 13:57:22,148 - stock_predictor - INFO - Added live data for 2026-03-04 00:00:00
2026-03-04 13:57:22,166 - stock_predictor - INFO - Data cleaned successfully
2026-03-04 13:57:22,167 - stock_predictor - INFO - Fetching market index data for ^NSEI...
2026-03-04 13:57:22,184 - stock_predictor - WARNING - No data found for market index ^NSEI
2026-03-04 13:57:22,221 - stock_predictor - INFO - Technical indicators added successfully
2026-03-04 13:57:22,222 - stock_predictor - WARNING - Market data provided is empty. Skipping correlation.
2026-03-04 13:57:22,223 - stock_predictor - INFO - Adding simulated external data for ICICIBANK...
2026-03-04 13:57:22,617 - stock_predictor - WARNING - No data found for market index ^NSEI
2026-03-04 13:57:22,635 - stock_predictor - INFO - Technical indicators added successfully
2026-03-04 13:57:22,636 - stock_predictor - WARNING - Market data provided is empty. Skipping correlation.
2026-03-04 13:57:22,638 - stock_predictor - INFO - Adding simulated external data for RELIANCE.NS...
2026-03-04 14:01:19,146 - stock_predictor - INFO - Cache hit for RELIANCE
2026-03-04 14:01:19,147 - stock_predictor - INFO - Cache hit for TCS
2026-03-04 14:01:19,148 - stock_predictor - INFO - Cache hit for INFY
2026-03-04 14:01:19,148 - stock_predictor - INFO - Cache hit for HDFCBANK
2026-03-04 14:01:19,149 - stock_predictor - INFO - Cache hit for ICICIBANK
2026-03-04 14:01:20,186 - stock_predictor - INFO - Cache hit for RELIANCE
2026-03-04 14:01:20,187 - stock_predictor - INFO - Cache hit for TCS
2026-03-04 14:01:20,188 - stock_predictor - INFO - Cache hit for INFY
2026-03-04 14:01:20,189 - stock_predictor - INFO - Cache hit for HDFCBANK
2026-03-04 14:01:20,191 - stock_predictor - INFO - Cache hit for ICICIBANK
2026-03-04 14:03:25,749 - stock_predictor - INFO - Loading resources for RELIANCE...
2026-03-04 14:03:25,751 - stock_predictor - INFO - Scaler loaded from D:\InvestIQ-main\backend\models\saved_models\scaler_RELIANCE.pkl
2026-03-04 14:03:25,853 - stock_predictor - INFO - Detected metadata row, dropping row 0
2026-03-04 14:03:25,854 - stock_predictor - INFO - Loaded data from D:\InvestIQ-main\backend\data\stock_data\RELIANCE.csv with shape (6309, 7)
2026-03-04 14:03:25,854 - stock_predictor - INFO - Fetching live price data for RELIANCE.BO...
2026-03-04 14:03:26,214 - stock_predictor - INFO - Successfully fetched live data for RELIANCE.BO date: 2026-03-04 00:00:00
2026-03-04 14:03:26,221 - stock_predictor - INFO - Added live data for 2026-03-04 00:00:00
2026-03-04 14:03:26,241 - stock_predictor - INFO - Data cleaned successfully
2026-03-04 14:03:26,242 - stock_predictor - INFO - Fetching market index data for ^NSEI...
2026-03-04 14:03:26,262 - stock_predictor - WARNING - No data found for market index ^NSEI
2026-03-04 14:03:26,300 - stock_predictor - INFO - Technical indicators added successfully
2026-03-04 14:03:26,301 - stock_predictor - WARNING - Market data provided is empty. Skipping correlation.
2026-03-04 14:03:26,302 - stock_predictor - INFO - Adding simulated external data for RELIANCE...
2026-03-04 14:14:28,521 - stock_predictor - INFO - Fetching data for RELIANCE.NS (Period: 1y, Interval: 1d)
2026-03-04 14:14:29,439 - stock_predictor - INFO - Fetching data for TCS.NS (Period: 1y, Interval: 1d)
2026-03-04 14:14:29,875 - stock_predictor - INFO - Fetching data for INFY.NS (Period: 1y, Interval: 1d)
2026-03-04 14:14:30,191 - stock_predictor - INFO - Fetching data for HDFCBANK.NS (Period: 1y, Interval: 1d)
2026-03-04 14:14:30,304 - stock_predictor - INFO - Returning cached data for RELIANCE.NS
2026-03-04 14:14:30,305 - stock_predictor - INFO - Returning cached data for TCS.NS
2026-03-04 14:14:30,306 - stock_predictor - INFO - Returning cached data for INFY.NS
2026-03-04 14:14:30,307 - stock_predictor - INFO - Fetching data for HDFCBANK.NS (Period: 1y, Interval: 1d)
2026-03-04 14:14:30,418 - stock_predictor - INFO - Fetching data for ICICIBANK.NS (Period: 1y, Interval: 1d)
2026-03-04 14:14:30,678 - stock_predictor - INFO - Using MVO weights (non-degenerate).
2026-03-04 14:14:30,678 - stock_predictor - INFO - Final Portfolio Allocation: {'RELIANCE': 0.4113, 'TCS': 0.05, 'INFY': 0.05, 'HDFCBANK': 0.05, 'ICICIBANK': 0.4387}
2026-03-04 14:14:30,737 - stock_predictor - INFO - Returning cached data for ICICIBANK.NS
2026-03-04 14:14:30,754 - stock_predictor - INFO - Using MVO weights (non-degenerate).
2026-03-04 14:14:30,755 - stock_predictor - INFO - Final Portfolio Allocation: {'RELIANCE': 0.4113, 'TCS': 0.05, 'INFY': 0.05, 'HDFCBANK': 0.05, 'ICICIBANK': 0.4387}
2026-03-04 14:18:25,809 - stock_predictor - INFO - Loading resources for RELIANCE...
2026-03-04 14:18:25,810 - stock_predictor - INFO - Scaler loaded from D:\InvestIQ-main\backend\models\saved_models\scaler_RELIANCE.pkl
2026-03-04 14:18:25,854 - stock_predictor - INFO - Detected metadata row, dropping row 0
2026-03-04 14:18:25,855 - stock_predictor - INFO - Loaded data from D:\InvestIQ-main\backend\data\stock_data\RELIANCE.csv with shape (6309, 7)
2026-03-04 14:18:25,856 - stock_predictor - INFO - Fetching live price data for RELIANCE.BO...
2026-03-04 14:18:26,427 - stock_predictor - INFO - Successfully fetched live data for RELIANCE.BO date: 2026-03-04 00:00:00
2026-03-04 14:18:26,433 - stock_predictor - INFO - Added live data for 2026-03-04 00:00:00
2026-03-04 14:18:26,449 - stock_predictor - INFO - Data cleaned successfully
2026-03-04 14:18:26,450 - stock_predictor - INFO - Fetching market index data for ^NSEI...
2026-03-04 14:18:26,468 - stock_predictor - WARNING - No data found for market index ^NSEI
2026-03-04 14:18:26,501 - stock_predictor - INFO - Technical indicators added successfully
2026-03-04 14:18:26,502 - stock_predictor - WARNING - Market data provided is empty. Skipping correlation.
2026-03-04 14:18:26,502 - stock_predictor - INFO - Adding simulated external data for RELIANCE...
2026-03-04 14:18:26,539 - stock_predictor - INFO - Cache miss – ran prediction for RELIANCE
2026-03-04 14:18:26,539 - stock_predictor - INFO - Loading resources for TCS...
2026-03-04 14:18:26,541 - stock_predictor - INFO - Scaler loaded from D:\InvestIQ-main\backend\models\saved_models\scaler_TCS.pkl
2026-03-04 14:18:26,577 - stock_predictor - INFO - Detected metadata row, dropping row 0
2026-03-04 14:18:26,577 - stock_predictor - INFO - Loaded data from D:\InvestIQ-main\backend\data\stock_data\TCS.csv with shape (5271, 7)
2026-03-04 14:18:26,578 - stock_predictor - INFO - Fetching live price data for TCS.BO...
2026-03-04 14:18:26,975 - stock_predictor - INFO - Successfully fetched live data for TCS.BO date: 2026-03-04 00:00:00
2026-03-04 14:18:26,980 - stock_predictor - INFO - Added live data for 2026-03-04 00:00:00
2026-03-04 14:18:26,994 - stock_predictor - INFO - Data cleaned successfully
2026-03-04 14:18:26,995 - stock_predictor - INFO - Fetching market index data for ^NSEI...
2026-03-04 14:18:27,011 - stock_predictor - WARNING - No data found for market index ^NSEI
2026-03-04 14:18:27,040 - stock_predictor - INFO - Technical indicators added successfully
2026-03-04 14:18:27,041 - stock_predictor - WARNING - Market data provided is empty. Skipping correlation.
2026-03-04 14:18:27,042 - stock_predictor - INFO - Adding simulated external data for TCS...
2026-03-04 14:18:27,075 - stock_predictor - INFO - Cache miss – ran prediction for TCS
2026-03-04 14:18:27,075 - stock_predictor - INFO - Loading resources for INFY...
2026-03-04 14:18:27,076 - stock_predictor - INFO - Scaler loaded from D:\InvestIQ-main\backend\models\saved_models\scaler_INFY.pkl
2026-03-04 14:18:27,120 - stock_predictor - INFO - Detected metadata row, dropping row 0
2026-03-04 14:18:27,120 - stock_predictor - INFO - Loaded data from D:\InvestIQ-main\backend\data\stock_data\INFY.csv with shape (6465, 7)
2026-03-04 14:18:27,120 - stock_predictor - INFO - Fetching live price data for INFY.BO...
2026-03-04 14:18:27,527 - stock_predictor - INFO - Successfully fetched live data for INFY.BO date: 2026-03-04 00:00:00
2026-03-04 14:18:27,532 - stock_predictor - INFO - Added live data for 2026-03-04 00:00:00
2026-03-04 14:18:27,546 - stock_predictor - INFO - Data cleaned successfully
2026-03-04 14:18:27,547 - stock_predictor - INFO - Fetching market index data for ^NSEI...
2026-03-04 14:18:27,562 - stock_predictor - WARNING - No data found for market index ^NSEI
2026-03-04 14:18:27,596 - stock_predictor - INFO - Technical indicators added successfully
2026-03-04 14:18:27,597 - stock_predictor - WARNING - Market data provided is empty. Skipping correlation.
2026-03-04 14:18:27,597 - stock_predictor - INFO - Adding simulated external data for INFY...
2026-03-04 14:18:27,639 - stock_predictor - INFO - Cache miss – ran prediction for INFY
2026-03-04 14:18:27,639 - stock_predictor - INFO - Loading resources for HDFCBANK...
2026-03-04 14:18:27,640 - stock_predictor - INFO - Scaler loaded from D:\InvestIQ-main\backend\models\saved_models\scaler_HDFCBANK.pkl
2026-03-04 14:18:27,681 - stock_predictor - INFO - Detected metadata row, dropping row 0
2026-03-04 14:18:27,682 - stock_predictor - INFO - Loaded data from D:\InvestIQ-main\backend\data\stock_data\HDFCBANK.csv with shape (6506, 7)
2026-03-04 14:18:27,682 - stock_predictor - INFO - Fetching live price data for HDFCBANK.BO...
2026-03-04 14:18:28,066 - stock_predictor - INFO - Successfully fetched live data for HDFCBANK.BO date: 2026-03-04 00:00:00
2026-03-04 14:18:28,072 - stock_predictor - INFO - Added live data for 2026-03-04 00:00:00
2026-03-04 14:18:28,087 - stock_predictor - INFO - Data cleaned successfully
2026-03-04 14:18:28,088 - stock_predictor - INFO - Fetching market index data for ^NSEI...
2026-03-04 14:18:28,103 - stock_predictor - WARNING - No data found for market index ^NSEI
2026-03-04 14:18:28,137 - stock_predictor - INFO - Technical indicators added successfully
2026-03-04 14:18:28,137 - stock_predictor - WARNING - Market data provided is empty. Skipping correlation.
2026-03-04 14:18:28,138 - stock_predictor - INFO - Adding simulated external data for HDFCBANK...
2026-03-04 14:18:28,185 - stock_predictor - INFO - Cache miss – ran prediction for HDFCBANK
2026-03-04 14:18:28,185 - stock_predictor - INFO - Loading resources for ICICIBANK...
2026-03-04 14:18:28,186 - stock_predictor - INFO - Scaler loaded from D:\InvestIQ-main\backend\models\saved_models\scaler_ICICIBANK.pkl
2026-03-04 14:18:28,223 - stock_predictor - INFO - Detected metadata row, dropping row 0
2026-03-04 14:18:28,224 - stock_predictor - INFO - Loaded data from D:\InvestIQ-main\backend\data\stock_data\ICICIBANK.csv with shape (5875, 7)
2026-03-04 14:18:28,224 - stock_predictor - INFO - Fetching live price data for ICICIBANK.BO...
2026-03-04 14:18:28,617 - stock_predictor - INFO - Successfully fetched live data for ICICIBANK.BO date: 2026-03-04 00:00:00
2026-03-04 14:18:28,622 - stock_predictor - INFO - Added live data for 2026-03-04 00:00:00
2026-03-04 14:18:28,635 - stock_predictor - INFO - Data cleaned successfully
2026-03-04 14:18:28,636 - stock_predictor - INFO - Fetching market index data for ^NSEI...
2026-03-04 14:18:28,652 - stock_predictor - WARNING - No data found for market index ^NSEI
2026-03-04 14:18:28,683 - stock_predictor - INFO - Technical indicators added successfully
2026-03-04 14:18:28,683 - stock_predictor - WARNING - Market data provided is empty. Skipping correlation.
2026-03-04 14:18:28,684 - stock_predictor - INFO - Adding simulated external data for ICICIBANK...
2026-03-04 14:18:28,723 - stock_predictor - INFO - Cache miss – ran prediction for ICICIBANK
2026-03-04 14:18:30,614 - stock_predictor - INFO - Fetching data for RELIANCE.NS (Period: 1y, Interval: 1d)
2026-03-04 14:18:31,054 - stock_predictor - INFO - Fetching data for TCS.NS (Period: 1y, Interval: 1d)
2026-03-04 14:18:31,314 - stock_predictor - INFO - Fetching data for INFY.NS (Period: 1y, Interval: 1d)
2026-03-04 14:18:31,560 - stock_predictor - INFO - Fetching data for HDFCBANK.NS (Period: 1y, Interval: 1d)
2026-03-04 14:18:31,782 - stock_predictor - INFO - Fetching data for ICICIBANK.NS (Period: 1y, Interval: 1d)
2026-03-04 14:18:32,004 - stock_predictor - INFO - Using MVO weights (non-degenerate).
2026-03-04 14:18:32,005 - stock_predictor - INFO - Final Portfolio Allocation: {'RELIANCE': 0.4024, 'TCS': 0.05, 'INFY': 0.05, 'HDFCBANK': 0.05, 'ICICIBANK': 0.4476}
2026-03-04 14:20:05,196 - stock_predictor - INFO - Fetching data for RELIANCE.NS (Period: 1y, Interval: 1d)
2026-03-04 14:20:05,570 - stock_predictor - INFO - Fetching data for TCS.NS (Period: 1y, Interval: 1d)
2026-03-04 14:20:06,042 - stock_predictor - INFO - Fetching data for INFY.NS (Period: 1y, Interval: 1d)
2026-03-04 14:20:06,355 - stock_predictor - INFO - Fetching data for HDFCBANK.NS (Period: 1y, Interval: 1d)
2026-03-04 14:20:06,634 - stock_predictor - INFO - Fetching data for ICICIBANK.NS (Period: 1y, Interval: 1d)
2026-03-04 14:20:06,868 - stock_predictor - INFO - Using MVO weights (non-degenerate).
2026-03-04 14:20:06,868 - stock_predictor - INFO - Final Portfolio Allocation: {'RELIANCE': 0.4061, 'TCS': 0.05, 'INFY': 0.05, 'HDFCBANK': 0.05, 'ICICIBANK': 0.4439}
2026-03-04 14:24:36,979 - stock_predictor - INFO - Cache hit for RELIANCE
2026-03-04 14:24:36,979 - stock_predictor - INFO - Cache hit for TCS
2026-03-04 14:24:36,980 - stock_predictor - INFO - Cache hit for INFY
2026-03-04 14:24:36,980 - stock_predictor - INFO - Cache hit for HDFCBANK
2026-03-04 14:24:36,980 - stock_predictor - INFO - Cache hit for ICICIBANK
2026-03-04 14:24:38,171 - stock_predictor - INFO - Fetching data for RELIANCE.NS (Period: 1y, Interval: 1d)
2026-03-04 14:24:38,578 - stock_predictor - INFO - Fetching data for TCS.NS (Period: 1y, Interval: 1d)
2026-03-04 14:24:38,856 - stock_predictor - INFO - Fetching data for INFY.NS (Period: 1y, Interval: 1d)
2026-03-04 14:24:39,023 - stock_predictor - INFO - Fetching data for HDFCBANK.NS (Period: 1y, Interval: 1d)
2026-03-04 14:24:39,174 - stock_predictor - INFO - Fetching data for ICICIBANK.NS (Period: 1y, Interval: 1d)
2026-03-04 14:24:39,355 - stock_predictor - INFO - Using MVO weights (non-degenerate).
2026-03-04 14:24:39,356 - stock_predictor - INFO - Final Portfolio Allocation: {'RELIANCE': 0.4063, 'TCS': 0.05, 'INFY': 0.05, 'HDFCBANK': 0.05, 'ICICIBANK': 0.4437}
2026-03-04 14:25:34,089 - stock_predictor - INFO - Returning cached data for RELIANCE.NS
2026-03-04 14:25:34,090 - stock_predictor - INFO - Returning cached data for TCS.NS
2026-03-04 14:25:34,091 - stock_predictor - INFO - Returning cached data for INFY.NS
2026-03-04 14:25:34,092 - stock_predictor - INFO - Returning cached data for HDFCBANK.NS
2026-03-04 14:25:34,092 - stock_predictor - INFO - Returning cached data for ICICIBANK.NS
2026-03-04 14:25:34,111 - stock_predictor - INFO - Using MVO weights (non-degenerate).
2026-03-04 14:25:34,112 - stock_predictor - INFO - Final Portfolio Allocation: {'RELIANCE': 0.4063, 'TCS': 0.05, 'INFY': 0.05, 'HDFCBANK': 0.05, 'ICICIBANK': 0.4437}
2026-03-04 14:25:35,798 - stock_predictor - INFO - Returning cached data for RELIANCE.NS
2026-03-04 14:25:35,799 - stock_predictor - INFO - Returning cached data for TCS.NS
2026-03-04 14:25:35,800 - stock_predictor - INFO - Returning cached data for INFY.NS
2026-03-04 14:25:35,801 - stock_predictor - INFO - Returning cached data for HDFCBANK.NS
2026-03-04 14:25:35,801 - stock_predictor - INFO - Returning cached data for ICICIBANK.NS
2026-03-04 14:25:35,817 - stock_predictor - INFO - Using MVO weights (non-degenerate).
2026-03-04 14:25:35,818 - stock_predictor - INFO - Final Portfolio Allocation: {'RELIANCE': 0.4063, 'TCS': 0.05, 'INFY': 0.05, 'HDFCBANK': 0.05, 'ICICIBANK': 0.4437}
2026-03-04 14:29:41,112 - stock_predictor - INFO - Fetching data for RELIANCE.NS (Period: 1y, Interval: 1d)
2026-03-04 14:29:41,806 - stock_predictor - INFO - Fetching data for TCS.NS (Period: 1y, Interval: 1d)
2026-03-04 14:29:41,956 - stock_predictor - INFO - Fetching data for INFY.NS (Period: 1y, Interval: 1d)
2026-03-04 14:29:42,101 - stock_predictor - INFO - Fetching data for HDFCBANK.NS (Period: 1y, Interval: 1d)
2026-03-04 14:29:42,297 - stock_predictor - INFO - Fetching data for ICICIBANK.NS (Period: 1y, Interval: 1d)
2026-03-04 14:29:42,618 - stock_predictor - INFO - Using MVO weights (non-degenerate).
2026-03-04 14:29:42,619 - stock_predictor - INFO - Final Portfolio Allocation: {'RELIANCE': 0.4107, 'TCS': 0.05, 'INFY': 0.05, 'HDFCBANK': 0.05, 'ICICIBANK': 0.4393}
2026-03-04 14:30:15,110 - stock_predictor - INFO - Returning cached data for RELIANCE.NS
2026-03-04 14:30:15,112 - stock_predictor - INFO - Returning cached data for TCS.NS
2026-03-04 14:30:15,113 - stock_predictor - INFO - Returning cached data for INFY.NS
2026-03-04 14:30:15,115 - stock_predictor - INFO - Returning cached data for HDFCBANK.NS
2026-03-04 14:30:15,116 - stock_predictor - INFO - Returning cached data for ICICIBANK.NS
2026-03-04 14:30:15,146 - stock_predictor - INFO - Using MVO weights (non-degenerate).
2026-03-04 14:30:15,147 - stock_predictor - INFO - Final Portfolio Allocation: {'RELIANCE': 0.4107, 'TCS': 0.05, 'INFY': 0.05, 'HDFCBANK': 0.05, 'ICICIBANK': 0.4393}
2026-03-04 14:30:18,287 - stock_predictor - INFO - Returning cached data for RELIANCE.NS
2026-03-04 14:30:18,288 - stock_predictor - INFO - Returning cached data for TCS.NS
2026-03-04 14:30:18,289 - stock_predictor - INFO - Returning cached data for INFY.NS
2026-03-04 14:30:18,289 - stock_predictor - INFO - Returning cached data for HDFCBANK.NS
2026-03-04 14:30:18,290 - stock_predictor - INFO - Returning cached data for ICICIBANK.NS
2026-03-04 14:30:18,304 - stock_predictor - INFO - Using MVO weights (non-degenerate).
2026-03-04 14:30:18,305 - stock_predictor - INFO - Final Portfolio Allocation: {'RELIANCE': 0.4107, 'TCS': 0.05, 'INFY': 0.05, 'HDFCBANK': 0.05, 'ICICIBANK': 0.4393}
2026-03-04 14:30:19,287 - stock_predictor - INFO - Returning cached data for RELIANCE.NS
2026-03-04 14:30:19,288 - stock_predictor - INFO - Returning cached data for TCS.NS
2026-03-04 14:30:19,289 - stock_predictor - INFO - Returning cached data for INFY.NS
2026-03-04 14:30:19,290 - stock_predictor - INFO - Returning cached data for HDFCBANK.NS
2026-03-04 14:30:19,290 - stock_predictor - INFO - Returning cached data for ICICIBANK.NS
2026-03-04 14:30:19,304 - stock_predictor - INFO - Using MVO weights (non-degenerate).
2026-03-04 14:30:19,304 - stock_predictor - INFO - Final Portfolio Allocation: {'RELIANCE': 0.4107, 'TCS': 0.05, 'INFY': 0.05, 'HDFCBANK': 0.05, 'ICICIBANK': 0.4393}
2026-03-04 14:30:32,464 - stock_predictor - INFO - Loading resources for RELIANCE...
2026-03-04 14:30:32,467 - stock_predictor - INFO - Scaler loaded from D:\InvestIQ-main\backend\models\saved_models\scaler_RELIANCE.pkl
2026-03-04 14:30:32,506 - stock_predictor - INFO - Detected metadata row, dropping row 0
2026-03-04 14:30:32,507 - stock_predictor - INFO - Loaded data from D:\InvestIQ-main\backend\data\stock_data\RELIANCE.csv with shape (6309, 7)
2026-03-04 14:30:32,507 - stock_predictor - INFO - Fetching live price data for RELIANCE.BO...
2026-03-04 14:30:32,662 - stock_predictor - INFO - Successfully fetched live data for RELIANCE.BO date: 2026-03-04 00:00:00
2026-03-04 14:30:32,672 - stock_predictor - INFO - Added live data for 2026-03-04 00:00:00
2026-03-04 14:30:32,697 - stock_predictor - INFO - Data cleaned successfully
2026-03-04 14:30:32,698 - stock_predictor - INFO - Fetching market index data for ^NSEI...
2026-03-04 14:30:32,714 - stock_predictor - WARNING - No data found for market index ^NSEI
2026-03-04 14:30:32,750 - stock_predictor - INFO - Technical indicators added successfully
2026-03-04 14:30:32,750 - stock_predictor - WARNING - Market data provided is empty. Skipping correlation.
2026-03-04 14:30:32,751 - stock_predictor - INFO - Adding simulated external data for RELIANCE...
2026-03-04 14:30:32,790 - stock_predictor - INFO - Cache miss – ran prediction for RELIANCE
2026-03-04 14:30:32,791 - stock_predictor - INFO - Loading resources for TCS...
2026-03-04 14:30:32,795 - stock_predictor - INFO - Scaler loaded from D:\InvestIQ-main\backend\models\saved_models\scaler_TCS.pkl
2026-03-04 14:30:32,829 - stock_predictor - INFO - Detected metadata row, dropping row 0
2026-03-04 14:30:32,829 - stock_predictor - INFO - Loaded data from D:\InvestIQ-main\backend\data\stock_data\TCS.csv with shape (5271, 7)
2026-03-04 14:30:32,830 - stock_predictor - INFO - Fetching live price data for TCS.BO...
2026-03-04 14:30:33,291 - stock_predictor - INFO - Successfully fetched live data for TCS.BO date: 2026-03-04 00:00:00
2026-03-04 14:30:33,296 - stock_predictor - INFO - Added live data for 2026-03-04 00:00:00
2026-03-04 14:30:33,309 - stock_predictor - INFO - Data cleaned successfully
2026-03-04 14:30:33,309 - stock_predictor - INFO - Fetching market index data for ^NSEI...
2026-03-04 14:30:33,325 - stock_predictor - WARNING - No data found for market index ^NSEI
2026-03-04 14:30:33,354 - stock_predictor - INFO - Technical indicators added successfully
2026-03-04 14:30:33,355 - stock_predictor - WARNING - Market data provided is empty. Skipping correlation.
2026-03-04 14:30:33,356 - stock_predictor - INFO - Adding simulated external data for TCS...
2026-03-04 14:30:33,389 - stock_predictor - INFO - Cache miss – ran prediction for TCS
2026-03-04 14:30:33,390 - stock_predictor - INFO - Loading resources for INFY...
2026-03-04 14:30:33,394 - stock_predictor - INFO - Scaler loaded from D:\InvestIQ-main\backend\models\saved_models\scaler_INFY.pkl
2026-03-04 14:30:33,439 - stock_predictor - INFO - Detected metadata row, dropping row 0
2026-03-04 14:30:33,440 - stock_predictor - INFO - Loaded data from D:\InvestIQ-main\backend\data\stock_data\INFY.csv with shape (6465, 7)
2026-03-04 14:30:33,440 - stock_predictor - INFO - Fetching live price data for INFY.BO...
2026-03-04 14:30:33,923 - stock_predictor - INFO - Returning cached data for RELIANCE.NS
2026-03-04 14:30:33,924 - stock_predictor - INFO - Returning cached data for TCS.NS
2026-03-04 14:30:33,925 - stock_predictor - INFO - Returning cached data for INFY.NS
2026-03-04 14:30:33,926 - stock_predictor - INFO - Returning cached data for HDFCBANK.NS
2026-03-04 14:30:33,927 - stock_predictor - INFO - Returning cached data for ICICIBANK.NS
2026-03-04 14:30:33,945 - stock_predictor - INFO - Using MVO weights (non-degenerate).
2026-03-04 14:30:33,945 - stock_predictor - INFO - Final Portfolio Allocation: {'RELIANCE': 0.4107, 'TCS': 0.05, 'INFY': 0.05, 'HDFCBANK': 0.05, 'ICICIBANK': 0.4393}
2026-03-04 14:30:34,001 - stock_predictor - INFO - Successfully fetched live data for INFY.BO date: 2026-03-04 00:00:00
2026-03-04 14:30:34,006 - stock_predictor - INFO - Added live data for 2026-03-04 00:00:00
2026-03-04 14:30:34,022 - stock_predictor - INFO - Data cleaned successfully
2026-03-04 14:30:34,023 - stock_predictor - INFO - Fetching market index data for ^NSEI...
2026-03-04 14:30:34,038 - stock_predictor - WARNING - No data found for market index ^NSEI
2026-03-04 14:30:34,073 - stock_predictor - INFO - Technical indicators added successfully
2026-03-04 14:30:34,074 - stock_predictor - WARNING - Market data provided is empty. Skipping correlation.
2026-03-04 14:30:34,075 - stock_predictor - INFO - Adding simulated external data for INFY...
2026-03-04 14:30:34,120 - stock_predictor - INFO - Cache miss – ran prediction for INFY
2026-03-04 14:30:34,121 - stock_predictor - INFO - Loading resources for HDFCBANK...
2026-03-04 14:30:34,125 - stock_predictor - INFO - Scaler loaded from D:\InvestIQ-main\backend\models\saved_models\scaler_HDFCBANK.pkl
2026-03-04 14:30:34,167 - stock_predictor - INFO - Detected metadata row, dropping row 0
2026-03-04 14:30:34,167 - stock_predictor - INFO - Loaded data from D:\InvestIQ-main\backend\data\stock_data\HDFCBANK.csv with shape (6506, 7)
2026-03-04 14:30:34,168 - stock_predictor - INFO - Fetching live price data for HDFCBANK.BO...
2026-03-04 14:30:34,686 - stock_predictor - INFO - Successfully fetched live data for HDFCBANK.BO date: 2026-03-04 00:00:00
2026-03-04 14:30:34,691 - stock_predictor - INFO - Added live data for 2026-03-04 00:00:00
2026-03-04 14:30:34,707 - stock_predictor - INFO - Data cleaned successfully
2026-03-04 14:30:34,708 - stock_predictor - INFO - Fetching market index data for ^NSEI...
2026-03-04 14:30:34,723 - stock_predictor - WARNING - No data found for market index ^NSEI
2026-03-04 14:30:34,755 - stock_predictor - INFO - Technical indicators added successfully
2026-03-04 14:30:34,755 - stock_predictor - WARNING - Market data provided is empty. Skipping correlation.
2026-03-04 14:30:34,756 - stock_predictor - INFO - Adding simulated external data for HDFCBANK...
2026-03-04 14:30:34,792 - stock_predictor - INFO - Cache miss – ran prediction for HDFCBANK
2026-03-04 14:30:34,792 - stock_predictor - INFO - Loading resources for ICICIBANK...
2026-03-04 14:30:34,796 - stock_predictor - INFO - Scaler loaded from D:\InvestIQ-main\backend\models\saved_models\scaler_ICICIBANK.pkl
2026-03-04 14:30:34,838 - stock_predictor - INFO - Detected metadata row, dropping row 0
2026-03-04 14:30:34,839 - stock_predictor - INFO - Loaded data from D:\InvestIQ-main\backend\data\stock_data\ICICIBANK.csv with shape (5875, 7)
2026-03-04 14:30:34,839 - stock_predictor - INFO - Fetching live price data for ICICIBANK.BO...
2026-03-04 14:30:35,022 - stock_predictor - INFO - Returning cached data for RELIANCE.NS
2026-03-04 14:30:35,023 - stock_predictor - INFO - Returning cached data for TCS.NS
2026-03-04 14:30:35,024 - stock_predictor - INFO - Returning cached data for INFY.NS
2026-03-04 14:30:35,025 - stock_predictor - INFO - Returning cached data for HDFCBANK.NS
2026-03-04 14:30:35,028 - stock_predictor - INFO - Returning cached data for ICICIBANK.NS
2026-03-04 14:30:35,044 - stock_predictor - INFO - Using MVO weights (non-degenerate).
2026-03-04 14:30:35,045 - stock_predictor - INFO - Final Portfolio Allocation: {'RELIANCE': 0.4107, 'TCS': 0.05, 'INFY': 0.05, 'HDFCBANK': 0.05, 'ICICIBANK': 0.4393}
2026-03-04 14:30:35,278 - stock_predictor - INFO - Successfully fetched live data for ICICIBANK.BO date: 2026-03-04 00:00:00
2026-03-04 14:30:35,284 - stock_predictor - INFO - Added live data for 2026-03-04 00:00:00
2026-03-04 14:30:35,300 - stock_predictor - INFO - Data cleaned successfully
2026-03-04 14:30:35,301 - stock_predictor - INFO - Fetching market index data for ^NSEI...
2026-03-04 14:30:35,317 - stock_predictor - WARNING - No data found for market index ^NSEI
2026-03-04 14:30:35,364 - stock_predictor - INFO - Technical indicators added successfully
2026-03-04 14:30:35,365 - stock_predictor - WARNING - Market data provided is empty. Skipping correlation.
2026-03-04 14:30:35,366 - stock_predictor - INFO - Adding simulated external data for ICICIBANK...
2026-03-04 14:30:35,401 - stock_predictor - INFO - Cache miss – ran prediction for ICICIBANK
2026-03-04 14:32:27,757 - stock_predictor - INFO - Cache hit for RELIANCE
2026-03-04 14:32:27,757 - stock_predictor - INFO - Cache hit for TCS
2026-03-04 14:32:27,758 - stock_predictor - INFO - Cache hit for INFY
2026-03-04 14:32:27,759 - stock_predictor - INFO - Cache hit for HDFCBANK
2026-03-04 14:32:27,760 - stock_predictor - INFO - Cache hit for ICICIBANK
2026-03-04 14:32:39,007 - stock_predictor - INFO - Cache hit for RELIANCE
2026-03-04 14:32:39,007 - stock_predictor - INFO - Cache hit for TCS
2026-03-04 14:32:39,008 - stock_predictor - INFO - Cache hit for INFY
2026-03-04 14:32:39,008 - stock_predictor - INFO - Cache hit for HDFCBANK
2026-03-04 14:32:39,008 - stock_predictor - INFO - Cache hit for ICICIBANK
2026-03-04 14:32:39,977 - stock_predictor - INFO - Fetching data for RELIANCE.NS (Period: 1y, Interval: 1d)
2026-03-04 14:32:40,472 - stock_predictor - INFO - Fetching data for TCS.NS (Period: 1y, Interval: 1d)
2026-03-04 14:32:40,831 - stock_predictor - INFO - Fetching data for INFY.NS (Period: 1y, Interval: 1d)
2026-03-04 14:32:41,082 - stock_predictor - INFO - Fetching data for HDFCBANK.NS (Period: 1y, Interval: 1d)
2026-03-04 14:32:41,312 - stock_predictor - INFO - Fetching data for ICICIBANK.NS (Period: 1y, Interval: 1d)
2026-03-04 14:32:41,545 - stock_predictor - INFO - Using MVO weights (non-degenerate).
2026-03-04 14:32:41,546 - stock_predictor - INFO - Final Portfolio Allocation: {'RELIANCE': 0.4088, 'TCS': 0.05, 'INFY': 0.05, 'HDFCBANK': 0.05, 'ICICIBANK': 0.4412}
2026-03-04 14:32:42,726 - stock_predictor - INFO - Returning cached data for RELIANCE.NS
2026-03-04 14:32:42,728 - stock_predictor - INFO - Returning cached data for TCS.NS
2026-03-04 14:32:42,728 - stock_predictor - INFO - Returning cached data for INFY.NS
2026-03-04 14:32:42,729 - stock_predictor - INFO - Returning cached data for HDFCBANK.NS
2026-03-04 14:32:42,730 - stock_predictor - INFO - Returning cached data for ICICIBANK.NS
2026-03-04 14:32:42,747 - stock_predictor - INFO - Using MVO weights (non-degenerate).
2026-03-04 14:32:42,748 - stock_predictor - INFO - Final Portfolio Allocation: {'RELIANCE': 0.4088, 'TCS': 0.05, 'INFY': 0.05, 'HDFCBANK': 0.05, 'ICICIBANK': 0.4412}
2026-03-04 14:32:43,941 - stock_predictor - INFO - Returning cached data for RELIANCE.NS
2026-03-04 14:32:43,942 - stock_predictor - INFO - Returning cached data for TCS.NS
2026-03-04 14:32:43,942 - stock_predictor - INFO - Returning cached data for INFY.NS
2026-03-04 14:32:43,943 - stock_predictor - INFO - Returning cached data for HDFCBANK.NS
2026-03-04 14:32:43,944 - stock_predictor - INFO - Returning cached data for ICICIBANK.NS
2026-03-04 14:32:43,956 - stock_predictor - INFO - Using MVO weights (non-degenerate).
2026-03-04 14:32:43,957 - stock_predictor - INFO - Final Portfolio Allocation: {'RELIANCE': 0.4088, 'TCS': 0.05, 'INFY': 0.05, 'HDFCBANK': 0.05, 'ICICIBANK': 0.4412}
2026-03-04 14:33:00,602 - stock_predictor - INFO - Returning cached data for RELIANCE.NS
2026-03-04 14:33:00,603 - stock_predictor - INFO - Returning cached data for TCS.NS
2026-03-04 14:33:00,604 - stock_predictor - INFO - Returning cached data for INFY.NS
2026-03-04 14:33:00,604 - stock_predictor - INFO - Returning cached data for HDFCBANK.NS
2026-03-04 14:33:00,605 - stock_predictor - INFO - Returning cached data for ICICIBANK.NS
2026-03-04 14:33:00,619 - stock_predictor - INFO - Using MVO weights (non-degenerate).
2026-03-04 14:33:00,620 - stock_predictor - INFO - Final Portfolio Allocation: {'RELIANCE': 0.4088, 'TCS': 0.05, 'INFY': 0.05, 'HDFCBANK': 0.05, 'ICICIBANK': 0.4412}
2026-03-04 14:33:01,825 - stock_predictor - INFO - Cache hit for RELIANCE
2026-03-04 14:33:01,825 - stock_predictor - INFO - Cache hit for TCS
2026-03-04 14:33:01,825 - stock_predictor - INFO - Cache hit for INFY
2026-03-04 14:33:01,826 - stock_predictor - INFO - Cache hit for HDFCBANK
2026-03-04 14:33:01,826 - stock_predictor - INFO - Cache hit for ICICIBANK
2026-03-04 14:33:01,838 - stock_predictor - INFO - Cache hit for RELIANCE
2026-03-04 14:33:01,838 - stock_predictor - INFO - Cache hit for TCS
2026-03-04 14:33:01,839 - stock_predictor - INFO - Cache hit for INFY
2026-03-04 14:33:01,839 - stock_predictor - INFO - Cache hit for HDFCBANK
2026-03-04 14:33:01,840 - stock_predictor - INFO - Cache hit for ICICIBANK
2026-03-04 14:33:07,148 - stock_predictor - INFO - Cache hit for RELIANCE
2026-03-04 14:33:07,148 - stock_predictor - INFO - Cache hit for TCS
2026-03-04 14:33:07,148 - stock_predictor - INFO - Cache hit for INFY
2026-03-04 14:33:07,149 - stock_predictor - INFO - Cache hit for HDFCBANK
2026-03-04 14:33:07,149 - stock_predictor - INFO - Cache hit for ICICIBANK
2026-03-04 14:33:11,165 - stock_predictor - INFO - Cache hit for RELIANCE
2026-03-04 14:33:11,166 - stock_predictor - INFO - Cache hit for TCS
2026-03-04 14:33:11,166 - stock_predictor - INFO - Cache hit for INFY
2026-03-04 14:33:11,166 - stock_predictor - INFO - Cache hit for HDFCBANK
2026-03-04 14:33:11,166 - stock_predictor - INFO - Cache hit for ICICIBANK
2026-03-04 14:33:12,145 - stock_predictor - INFO - Returning cached data for RELIANCE.NS
2026-03-04 14:33:12,146 - stock_predictor - INFO - Returning cached data for TCS.NS
2026-03-04 14:33:12,147 - stock_predictor - INFO - Returning cached data for INFY.NS
2026-03-04 14:33:12,147 - stock_predictor - INFO - Returning cached data for HDFCBANK.NS
2026-03-04 14:33:12,148 - stock_predictor - INFO - Returning cached data for ICICIBANK.NS
2026-03-04 14:33:12,160 - stock_predictor - INFO - Using MVO weights (non-degenerate).
2026-03-04 14:33:12,161 - stock_predictor - INFO - Final Portfolio Allocation: {'RELIANCE': 0.4088, 'TCS': 0.05, 'INFY': 0.05, 'HDFCBANK': 0.05, 'ICICIBANK': 0.4412}
2026-03-04 14:33:13,026 - stock_predictor - INFO - Returning cached data for RELIANCE.NS
2026-03-04 14:33:13,027 - stock_predictor - INFO - Returning cached data for TCS.NS
2026-03-04 14:33:13,027 - stock_predictor - INFO - Returning cached data for INFY.NS
2026-03-04 14:33:13,028 - stock_predictor - INFO - Returning cached data for HDFCBANK.NS
2026-03-04 14:33:13,028 - stock_predictor - INFO - Returning cached data for ICICIBANK.NS
2026-03-04 14:33:13,041 - stock_predictor - INFO - Using MVO weights (non-degenerate).
2026-03-04 14:33:13,042 - stock_predictor - INFO - Final Portfolio Allocation: {'RELIANCE': 0.4088, 'TCS': 0.05, 'INFY': 0.05, 'HDFCBANK': 0.05, 'ICICIBANK': 0.4412}
2026-03-04 14:33:14,777 - stock_predictor - INFO - Returning cached data for RELIANCE.NS
2026-03-04 14:33:14,778 - stock_predictor - INFO - Returning cached data for TCS.NS
2026-03-04 14:33:14,779 - stock_predictor - INFO - Returning cached data for INFY.NS
2026-03-04 14:33:14,780 - stock_predictor - INFO - Returning cached data for HDFCBANK.NS
2026-03-04 14:33:14,780 - stock_predictor - INFO - Returning cached data for ICICIBANK.NS
2026-03-04 14:33:14,795 - stock_predictor - INFO - Using MVO weights (non-degenerate).
2026-03-04 14:33:14,796 - stock_predictor - INFO - Final Portfolio Allocation: {'RELIANCE': 0.4088, 'TCS': 0.05, 'INFY': 0.05, 'HDFCBANK': 0.05, 'ICICIBANK': 0.4412}
2026-03-04 14:33:21,241 - stock_predictor - INFO - Cache hit for RELIANCE
2026-03-04 14:33:21,241 - stock_predictor - INFO - Cache hit for TCS
2026-03-04 14:33:21,241 - stock_predictor - INFO - Cache hit for INFY
2026-03-04 14:33:21,242 - stock_predictor - INFO - Cache hit for HDFCBANK
2026-03-04 14:33:21,242 - stock_predictor - INFO - Cache hit for ICICIBANK
2026-03-04 14:33:22,269 - stock_predictor - INFO - Cache hit for RELIANCE
2026-03-04 14:33:22,270 - stock_predictor - INFO - Cache hit for TCS
2026-03-04 14:33:22,270 - stock_predictor - INFO - Cache hit for INFY
2026-03-04 14:33:22,270 - stock_predictor - INFO - Cache hit for HDFCBANK
2026-03-04 14:33:22,270 - stock_predictor - INFO - Cache hit for ICICIBANK
2026-03-04 14:33:23,063 - stock_predictor - INFO - Returning cached data for RELIANCE.NS
2026-03-04 14:33:23,064 - stock_predictor - INFO - Returning cached data for TCS.NS
2026-03-04 14:33:23,065 - stock_predictor - INFO - Returning cached data for INFY.NS
2026-03-04 14:33:23,065 - stock_predictor - INFO - Returning cached data for HDFCBANK.NS
2026-03-04 14:33:23,066 - stock_predictor - INFO - Returning cached data for ICICIBANK.NS
2026-03-04 14:33:23,080 - stock_predictor - INFO - Using MVO weights (non-degenerate).
2026-03-04 14:33:23,080 - stock_predictor - INFO - Final Portfolio Allocation: {'RELIANCE': 0.4088, 'TCS': 0.05, 'INFY': 0.05, 'HDFCBANK': 0.05, 'ICICIBANK': 0.4412}
2026-03-04 14:33:24,770 - stock_predictor - INFO - Returning cached data for RELIANCE.NS
2026-03-04 14:33:24,775 - stock_predictor - INFO - Returning cached data for TCS.NS
2026-03-04 14:33:24,775 - stock_predictor - INFO - Returning cached data for INFY.NS
2026-03-04 14:33:24,776 - stock_predictor - INFO - Returning cached data for HDFCBANK.NS
2026-03-04 14:33:24,777 - stock_predictor - INFO - Returning cached data for ICICIBANK.NS
2026-03-04 14:33:24,791 - stock_predictor - INFO - Using MVO weights (non-degenerate).
2026-03-04 14:33:24,792 - stock_predictor - INFO - Final Portfolio Allocation: {'RELIANCE': 0.4088, 'TCS': 0.05, 'INFY': 0.05, 'HDFCBANK': 0.05, 'ICICIBANK': 0.4412}
2026-03-04 14:33:25,827 - stock_predictor - INFO - Cache hit for RELIANCE
2026-03-04 14:33:25,828 - stock_predictor - INFO - Cache hit for TCS
2026-03-04 14:33:25,828 - stock_predictor - INFO - Cache hit for INFY
2026-03-04 14:33:25,829 - stock_predictor - INFO - Cache hit for HDFCBANK
2026-03-04 14:33:25,829 - stock_predictor - INFO - Cache hit for ICICIBANK
2026-03-04 14:33:26,703 - stock_predictor - INFO - Returning cached data for RELIANCE.NS
2026-03-04 14:33:26,704 - stock_predictor - INFO - Returning cached data for TCS.NS
2026-03-04 14:33:26,705 - stock_predictor - INFO - Returning cached data for INFY.NS
2026-03-04 14:33:26,706 - stock_predictor - INFO - Returning cached data for HDFCBANK.NS
2026-03-04 14:33:26,706 - stock_predictor - INFO - Returning cached data for ICICIBANK.NS
2026-03-04 14:33:26,720 - stock_predictor - INFO - Using MVO weights (non-degenerate).
2026-03-04 14:33:26,721 - stock_predictor - INFO - Final Portfolio Allocation: {'RELIANCE': 0.4088, 'TCS': 0.05, 'INFY': 0.05, 'HDFCBANK': 0.05, 'ICICIBANK': 0.4412}
2026-03-04 14:33:29,141 - stock_predictor - INFO - Returning cached data for RELIANCE.NS
2026-03-04 14:33:29,142 - stock_predictor - INFO - Returning cached data for TCS.NS
2026-03-04 14:33:29,142 - stock_predictor - INFO - Returning cached data for INFY.NS
2026-03-04 14:33:29,143 - stock_predictor - INFO - Returning cached data for HDFCBANK.NS
2026-03-04 14:33:29,143 - stock_predictor - INFO - Returning cached data for ICICIBANK.NS
2026-03-04 14:33:29,156 - stock_predictor - INFO - Using MVO weights (non-degenerate).
2026-03-04 14:33:29,156 - stock_predictor - INFO - Final Portfolio Allocation: {'RELIANCE': 0.4088, 'TCS': 0.05, 'INFY': 0.05, 'HDFCBANK': 0.05, 'ICICIBANK': 0.4412}
2026-03-04 14:33:29,642 - stock_predictor - INFO - Cache hit for RELIANCE
2026-03-04 14:33:29,643 - stock_predictor - INFO - Cache hit for TCS
2026-03-04 14:33:29,643 - stock_predictor - INFO - Cache hit for INFY
2026-03-04 14:33:29,643 - stock_predictor - INFO - Cache hit for HDFCBANK
2026-03-04 14:33:29,644 - stock_predictor - INFO - Cache hit for ICICIBANK
2026-03-04 14:33:30,338 - stock_predictor - INFO - Returning cached data for RELIANCE.NS
2026-03-04 14:33:30,339 - stock_predictor - INFO - Returning cached data for TCS.NS
2026-03-04 14:33:30,340 - stock_predictor - INFO - Returning cached data for INFY.NS
2026-03-04 14:33:30,340 - stock_predictor - INFO - Returning cached data for HDFCBANK.NS
2026-03-04 14:33:30,341 - stock_predictor - INFO - Returning cached data for ICICIBANK.NS
2026-03-04 14:33:30,361 - stock_predictor - INFO - Using MVO weights (non-degenerate).
2026-03-04 14:33:30,361 - stock_predictor - INFO - Final Portfolio Allocation: {'RELIANCE': 0.4088, 'TCS': 0.05, 'INFY': 0.05, 'HDFCBANK': 0.05, 'ICICIBANK': 0.4412}
2026-03-04 14:33:32,239 - stock_predictor - INFO - Returning cached data for RELIANCE.NS
2026-03-04 14:33:32,240 - stock_predictor - INFO - Returning cached data for TCS.NS
2026-03-04 14:33:32,240 - stock_predictor - INFO - Returning cached data for INFY.NS
2026-03-04 14:33:32,241 - stock_predictor - INFO - Returning cached data for HDFCBANK.NS
2026-03-04 14:33:32,241 - stock_predictor - INFO - Returning cached data for ICICIBANK.NS
2026-03-04 14:33:32,255 - stock_predictor - INFO - Using MVO weights (non-degenerate).
2026-03-04 14:33:32,255 - stock_predictor - INFO - Final Portfolio Allocation: {'RELIANCE': 0.4088, 'TCS': 0.05, 'INFY': 0.05, 'HDFCBANK': 0.05, 'ICICIBANK': 0.4412}
2026-03-04 14:33:33,156 - stock_predictor - INFO - Cache hit for RELIANCE
2026-03-04 14:33:33,156 - stock_predictor - INFO - Cache hit for TCS
2026-03-04 14:33:33,157 - stock_predictor - INFO - Cache hit for INFY
2026-03-04 14:33:33,157 - stock_predictor - INFO - Cache hit for HDFCBANK
2026-03-04 14:33:33,157 - stock_predictor - INFO - Cache hit for ICICIBANK
2026-03-04 14:33:50,571 - stock_predictor - INFO - Cache hit for RELIANCE
2026-03-04 14:33:50,572 - stock_predictor - INFO - Cache hit for TCS
2026-03-04 14:33:50,573 - stock_predictor - INFO - Cache hit for INFY
2026-03-04 14:33:50,574 - stock_predictor - INFO - Cache hit for HDFCBANK
2026-03-04 14:33:50,574 - stock_predictor - INFO - Cache hit for ICICIBANK
2026-03-04 14:33:59,089 - stock_predictor - INFO - Fetching data for RELIANCE.NS (Period: 1y, Interval: 1d)
2026-03-04 14:33:59,308 - stock_predictor - INFO - Fetching data for TCS.NS (Period: 1y, Interval: 1d)
2026-03-04 14:33:59,522 - stock_predictor - INFO - Fetching data for INFY.NS (Period: 1y, Interval: 1d)
2026-03-04 14:33:59,969 - stock_predictor - INFO - Fetching data for HDFCBANK.NS (Period: 1y, Interval: 1d)
2026-03-04 14:34:00,179 - stock_predictor - INFO - Fetching data for ICICIBANK.NS (Period: 1y, Interval: 1d)
2026-03-04 14:34:00,457 - stock_predictor - INFO - Using MVO weights (non-degenerate).
2026-03-04 14:34:00,457 - stock_predictor - INFO - Final Portfolio Allocation: {'RELIANCE': 0.4073, 'TCS': 0.05, 'INFY': 0.05, 'HDFCBANK': 0.05, 'ICICIBANK': 0.4427}
2026-03-04 14:34:02,446 - stock_predictor - INFO - Returning cached data for RELIANCE.NS
2026-03-04 14:34:02,447 - stock_predictor - INFO - Returning cached data for TCS.NS
2026-03-04 14:34:02,448 - stock_predictor - INFO - Returning cached data for INFY.NS
2026-03-04 14:34:02,448 - stock_predictor - INFO - Returning cached data for HDFCBANK.NS
2026-03-04 14:34:02,449 - stock_predictor - INFO - Returning cached data for ICICIBANK.NS
2026-03-04 14:34:02,462 - stock_predictor - INFO - Using MVO weights (non-degenerate).
2026-03-04 14:34:02,462 - stock_predictor - INFO - Final Portfolio Allocation: {'RELIANCE': 0.4073, 'TCS': 0.05, 'INFY': 0.05, 'HDFCBANK': 0.05, 'ICICIBANK': 0.4427}
2026-03-04 14:34:05,598 - stock_predictor - INFO - Cache hit for RELIANCE
2026-03-04 14:34:05,599 - stock_predictor - INFO - Cache hit for TCS
2026-03-04 14:34:05,599 - stock_predictor - INFO - Cache hit for INFY
2026-03-04 14:34:05,599 - stock_predictor - INFO - Cache hit for HDFCBANK
2026-03-04 14:34:05,600 - stock_predictor - INFO - Cache hit for ICICIBANK
2026-03-04 14:34:06,231 - stock_predictor - INFO - Returning cached data for RELIANCE.NS
2026-03-04 14:34:06,232 - stock_predictor - INFO - Returning cached data for TCS.NS
2026-03-04 14:34:06,232 - stock_predictor - INFO - Returning cached data for INFY.NS
2026-03-04 14:34:06,233 - stock_predictor - INFO - Returning cached data for HDFCBANK.NS
2026-03-04 14:34:06,233 - stock_predictor - INFO - Returning cached data for ICICIBANK.NS
2026-03-04 14:34:06,248 - stock_predictor - INFO - Using MVO weights (non-degenerate).
2026-03-04 14:34:06,248 - stock_predictor - INFO - Final Portfolio Allocation: {'RELIANCE': 0.4073, 'TCS': 0.05, 'INFY': 0.05, 'HDFCBANK': 0.05, 'ICICIBANK': 0.4427}
2026-03-04 14:34:07,636 - stock_predictor - INFO - Cache hit for RELIANCE
2026-03-04 14:34:07,636 - stock_predictor - INFO - Cache hit for TCS
2026-03-04 14:34:07,637 - stock_predictor - INFO - Cache hit for INFY
2026-03-04 14:34:07,637 - stock_predictor - INFO - Cache hit for HDFCBANK
2026-03-04 14:34:07,637 - stock_predictor - INFO - Cache hit for ICICIBANK
2026-03-04 14:34:08,619 - stock_predictor - INFO - Returning cached data for RELIANCE.NS
2026-03-04 14:34:08,620 - stock_predictor - INFO - Returning cached data for TCS.NS
2026-03-04 14:34:08,621 - stock_predictor - INFO - Returning cached data for INFY.NS
2026-03-04 14:34:08,621 - stock_predictor - INFO - Returning cached data for HDFCBANK.NS
2026-03-04 14:34:08,622 - stock_predictor - INFO - Returning cached data for ICICIBANK.NS
2026-03-04 14:34:08,634 - stock_predictor - INFO - Using MVO weights (non-degenerate).
2026-03-04 14:34:08,635 - stock_predictor - INFO - Final Portfolio Allocation: {'RELIANCE': 0.4073, 'TCS': 0.05, 'INFY': 0.05, 'HDFCBANK': 0.05, 'ICICIBANK': 0.4427}
2026-03-04 14:34:10,150 - stock_predictor - INFO - Returning cached data for RELIANCE.NS
2026-03-04 14:34:10,151 - stock_predictor - INFO - Returning cached data for TCS.NS
2026-03-04 14:34:10,152 - stock_predictor - INFO - Returning cached data for INFY.NS
2026-03-04 14:34:10,152 - stock_predictor - INFO - Returning cached data for HDFCBANK.NS
2026-03-04 14:34:10,153 - stock_predictor - INFO - Returning cached data for ICICIBANK.NS
2026-03-04 14:34:10,167 - stock_predictor - INFO - Using MVO weights (non-degenerate).
2026-03-04 14:34:10,167 - stock_predictor - INFO - Final Portfolio Allocation: {'RELIANCE': 0.4073, 'TCS': 0.05, 'INFY': 0.05, 'HDFCBANK': 0.05, 'ICICIBANK': 0.4427}
2026-03-04 14:34:12,965 - stock_predictor - INFO - Cache hit for RELIANCE
2026-03-04 14:34:12,965 - stock_predictor - INFO - Cache hit for TCS
2026-03-04 14:34:12,966 - stock_predictor - INFO - Cache hit for INFY
2026-03-04 14:34:12,966 - stock_predictor - INFO - Cache hit for HDFCBANK
2026-03-04 14:34:12,966 - stock_predictor - INFO - Cache hit for ICICIBANK
2026-03-04 14:34:13,812 - stock_predictor - INFO - Returning cached data for RELIANCE.NS
2026-03-04 14:34:13,813 - stock_predictor - INFO - Returning cached data for TCS.NS
2026-03-04 14:34:13,814 - stock_predictor - INFO - Returning cached data for INFY.NS
2026-03-04 14:34:13,815 - stock_predictor - INFO - Returning cached data for HDFCBANK.NS
2026-03-04 14:34:13,815 - stock_predictor - INFO - Returning cached data for ICICIBANK.NS
2026-03-04 14:34:13,830 - stock_predictor - INFO - Using MVO weights (non-degenerate).
2026-03-04 14:34:13,830 - stock_predictor - INFO - Final Portfolio Allocation: {'RELIANCE': 0.4073, 'TCS': 0.05, 'INFY': 0.05, 'HDFCBANK': 0.05, 'ICICIBANK': 0.4427}
2026-03-04 14:34:15,120 - stock_predictor - INFO - Returning cached data for RELIANCE.NS
2026-03-04 14:34:15,121 - stock_predictor - INFO - Returning cached data for TCS.NS
2026-03-04 14:34:15,122 - stock_predictor - INFO - Returning cached data for INFY.NS
2026-03-04 14:34:15,122 - stock_predictor - INFO - Returning cached data for HDFCBANK.NS
2026-03-04 14:34:15,123 - stock_predictor - INFO - Returning cached data for ICICIBANK.NS
2026-03-04 14:34:15,135 - stock_predictor - INFO - Using MVO weights (non-degenerate).
2026-03-04 14:34:15,136 - stock_predictor - INFO - Final Portfolio Allocation: {'RELIANCE': 0.4073, 'TCS': 0.05, 'INFY': 0.05, 'HDFCBANK': 0.05, 'ICICIBANK': 0.4427}
2026-03-04 14:34:30,719 - stock_predictor - INFO - Cache hit for RELIANCE
2026-03-04 14:34:30,719 - stock_predictor - INFO - Cache hit for TCS
2026-03-04 14:34:30,720 - stock_predictor - INFO - Cache hit for INFY
2026-03-04 14:34:30,720 - stock_predictor - INFO - Cache hit for HDFCBANK
2026-03-04 14:34:30,720 - stock_predictor - INFO - Cache hit for ICICIBANK
2026-03-04 14:34:30,836 - stock_predictor - INFO - Returning cached data for RELIANCE.NS
2026-03-04 14:34:30,837 - stock_predictor - INFO - Returning cached data for TCS.NS
2026-03-04 14:34:30,837 - stock_predictor - INFO - Returning cached data for INFY.NS
2026-03-04 14:34:30,838 - stock_predictor - INFO - Returning cached data for HDFCBANK.NS
2026-03-04 14:34:30,839 - stock_predictor - INFO - Returning cached data for ICICIBANK.NS
2026-03-04 14:34:30,861 - stock_predictor - INFO - Using MVO weights (non-degenerate).
2026-03-04 14:34:30,862 - stock_predictor - INFO - Final Portfolio Allocation: {'RELIANCE': 0.4073, 'TCS': 0.05, 'INFY': 0.05, 'HDFCBANK': 0.05, 'ICICIBANK': 0.4427}
2026-03-04 14:34:32,134 - stock_predictor - INFO - Returning cached data for RELIANCE.NS
2026-03-04 14:34:32,135 - stock_predictor - INFO - Returning cached data for TCS.NS
2026-03-04 14:34:32,136 - stock_predictor - INFO - Returning cached data for INFY.NS
2026-03-04 14:34:32,136 - stock_predictor - INFO - Returning cached data for HDFCBANK.NS
2026-03-04 14:34:32,137 - stock_predictor - INFO - Returning cached data for ICICIBANK.NS
2026-03-04 14:34:32,153 - stock_predictor - INFO - Using MVO weights (non-degenerate).
2026-03-04 14:34:32,154 - stock_predictor - INFO - Final Portfolio Allocation: {'RELIANCE': 0.4073, 'TCS': 0.05, 'INFY': 0.05, 'HDFCBANK': 0.05, 'ICICIBANK': 0.4427}
2026-03-04 14:34:36,397 - stock_predictor - INFO - Cache hit for RELIANCE
2026-03-04 14:34:36,398 - stock_predictor - INFO - Cache hit for TCS
2026-03-04 14:34:36,398 - stock_predictor - INFO - Cache hit for INFY
2026-03-04 14:34:36,398 - stock_predictor - INFO - Cache hit for HDFCBANK
2026-03-04 14:34:36,399 - stock_predictor - INFO - Cache hit for ICICIBANK
2026-03-04 14:34:37,975 - stock_predictor - INFO - Returning cached data for RELIANCE.NS
2026-03-04 14:34:37,976 - stock_predictor - INFO - Returning cached data for TCS.NS
2026-03-04 14:34:37,976 - stock_predictor - INFO - Returning cached data for INFY.NS
2026-03-04 14:34:37,977 - stock_predictor - INFO - Returning cached data for HDFCBANK.NS
2026-03-04 14:34:37,977 - stock_predictor - INFO - Returning cached data for ICICIBANK.NS
2026-03-04 14:34:37,990 - stock_predictor - INFO - Using MVO weights (non-degenerate).
2026-03-04 14:34:37,991 - stock_predictor - INFO - Final Portfolio Allocation: {'RELIANCE': 0.4073, 'TCS': 0.05, 'INFY': 0.05, 'HDFCBANK': 0.05, 'ICICIBANK': 0.4427}
2026-03-04 14:34:40,022 - stock_predictor - INFO - Returning cached data for RELIANCE.NS
2026-03-04 14:34:40,023 - stock_predictor - INFO - Returning cached data for TCS.NS
2026-03-04 14:34:40,024 - stock_predictor - INFO - Returning cached data for INFY.NS
2026-03-04 14:34:40,025 - stock_predictor - INFO - Returning cached data for HDFCBANK.NS
2026-03-04 14:34:40,025 - stock_predictor - INFO - Returning cached data for ICICIBANK.NS
2026-03-04 14:34:40,038 - stock_predictor - INFO - Using MVO weights (non-degenerate).
2026-03-04 14:34:40,038 - stock_predictor - INFO - Final Portfolio Allocation: {'RELIANCE': 0.4073, 'TCS': 0.05, 'INFY': 0.05, 'HDFCBANK': 0.05, 'ICICIBANK': 0.4427}
2026-03-04 14:46:48,468 - stock_predictor - INFO - Initializing FinBERT on device: CPU
2026-03-04 14:47:19,089 - stock_predictor - INFO - Initializing FinBERT on device: CPU
2026-03-04 14:52:31,364 - stock_predictor - INFO - Loading resources for RELIANCE...
2026-03-04 14:52:31,367 - stock_predictor - INFO - Scaler loaded from D:\InvestIQ-main\backend\models\saved_models\scaler_RELIANCE.pkl
2026-03-04 14:52:31,450 - stock_predictor - INFO - Detected metadata row, dropping row 0
2026-03-04 14:52:31,450 - stock_predictor - INFO - Loaded data from D:\InvestIQ-main\backend\data\stock_data\RELIANCE.csv with shape (6309, 7)
2026-03-04 14:52:31,451 - stock_predictor - INFO - Fetching live price data for RELIANCE.BO...
2026-03-04 14:52:32,521 - stock_predictor - INFO - Successfully fetched live data for RELIANCE.BO date: 2026-03-04 00:00:00
2026-03-04 14:52:32,528 - stock_predictor - INFO - Added live data for 2026-03-04 00:00:00
2026-03-04 14:52:32,547 - stock_predictor - INFO - Data cleaned successfully
2026-03-04 14:52:32,548 - stock_predictor - INFO - Fetching market index data for ^NSEI...
2026-03-04 14:52:33,249 - stock_predictor - WARNING - No data found for market index ^NSEI
2026-03-04 14:52:33,286 - stock_predictor - INFO - Technical indicators added successfully
2026-03-04 14:52:33,287 - stock_predictor - WARNING - Market data provided is empty. Skipping correlation.
2026-03-04 14:52:33,287 - stock_predictor - INFO - Adding simulated external data for RELIANCE...
2026-03-04 14:52:33,349 - stock_predictor - INFO - Cache miss – ran prediction for RELIANCE
2026-03-04 14:52:33,350 - stock_predictor - INFO - Loading resources for TCS...
2026-03-04 14:52:33,351 - stock_predictor - INFO - Scaler loaded from D:\InvestIQ-main\backend\models\saved_models\scaler_TCS.pkl
2026-03-04 14:52:33,384 - stock_predictor - INFO - Detected metadata row, dropping row 0
2026-03-04 14:52:33,384 - stock_predictor - INFO - Loaded data from D:\InvestIQ-main\backend\data\stock_data\TCS.csv with shape (5271, 7)
2026-03-04 14:52:33,384 - stock_predictor - INFO - Fetching live price data for TCS.BO...
2026-03-04 14:52:33,657 - stock_predictor - INFO - Successfully fetched live data for TCS.BO date: 2026-03-04 00:00:00
2026-03-04 14:52:33,662 - stock_predictor - INFO - Added live data for 2026-03-04 00:00:00
2026-03-04 14:52:33,676 - stock_predictor - INFO - Data cleaned successfully
2026-03-04 14:52:33,677 - stock_predictor - INFO - Fetching market index data for ^NSEI...
2026-03-04 14:52:34,532 - stock_predictor - WARNING - No data found for market index ^NSEI
2026-03-04 14:52:34,561 - stock_predictor - INFO - Technical indicators added successfully
2026-03-04 14:52:34,561 - stock_predictor - WARNING - Market data provided is empty. Skipping correlation.
2026-03-04 14:52:34,562 - stock_predictor - INFO - Adding simulated external data for TCS...
2026-03-04 14:52:34,594 - stock_predictor - INFO - Cache miss – ran prediction for TCS
2026-03-04 14:52:34,595 - stock_predictor - INFO - Loading resources for INFY...
2026-03-04 14:52:34,598 - stock_predictor - INFO - Scaler loaded from D:\InvestIQ-main\backend\models\saved_models\scaler_INFY.pkl
2026-03-04 14:52:34,638 - stock_predictor - INFO - Detected metadata row, dropping row 0
2026-03-04 14:52:34,639 - stock_predictor - INFO - Loaded data from D:\InvestIQ-main\backend\data\stock_data\INFY.csv with shape (6465, 7)
2026-03-04 14:52:34,639 - stock_predictor - INFO - Fetching live price data for INFY.BO...
2026-03-04 14:52:35,370 - stock_predictor - INFO - Successfully fetched live data for INFY.BO date: 2026-03-04 00:00:00
2026-03-04 14:52:35,376 - stock_predictor - INFO - Added live data for 2026-03-04 00:00:00
2026-03-04 14:52:35,391 - stock_predictor - INFO - Data cleaned successfully
2026-03-04 14:52:35,391 - stock_predictor - INFO - Fetching market index data for ^NSEI...
2026-03-04 14:52:36,086 - stock_predictor - WARNING - No data found for market index ^NSEI
2026-03-04 14:52:36,119 - stock_predictor - INFO - Technical indicators added successfully
2026-03-04 14:52:36,120 - stock_predictor - WARNING - Market data provided is empty. Skipping correlation.
2026-03-04 14:52:36,121 - stock_predictor - INFO - Adding simulated external data for INFY...
2026-03-04 14:52:36,162 - stock_predictor - INFO - Cache miss – ran prediction for INFY
2026-03-04 14:52:36,163 - stock_predictor - INFO - Loading resources for HDFCBANK...
2026-03-04 14:52:36,164 - stock_predictor - INFO - Scaler loaded from D:\InvestIQ-main\backend\models\saved_models\scaler_HDFCBANK.pkl
2026-03-04 14:52:36,207 - stock_predictor - INFO - Detected metadata row, dropping row 0
2026-03-04 14:52:36,208 - stock_predictor - INFO - Loaded data from D:\InvestIQ-main\backend\data\stock_data\HDFCBANK.csv with shape (6506, 7)
2026-03-04 14:52:36,208 - stock_predictor - INFO - Fetching live price data for HDFCBANK.BO...
2026-03-04 14:52:36,541 - stock_predictor - INFO - Successfully fetched live data for HDFCBANK.BO date: 2026-03-04 00:00:00
2026-03-04 14:52:36,546 - stock_predictor - INFO - Added live data for 2026-03-04 00:00:00
2026-03-04 14:52:36,561 - stock_predictor - INFO - Data cleaned successfully
2026-03-04 14:52:36,562 - stock_predictor - INFO - Fetching market index data for ^NSEI...
2026-03-04 14:52:37,579 - stock_predictor - WARNING - No data found for market index ^NSEI
2026-03-04 14:52:37,611 - stock_predictor - INFO - Technical indicators added successfully
2026-03-04 14:52:37,612 - stock_predictor - WARNING - Market data provided is empty. Skipping correlation.
2026-03-04 14:52:37,612 - stock_predictor - INFO - Adding simulated external data for HDFCBANK...
2026-03-04 14:52:37,646 - stock_predictor - INFO - Cache miss – ran prediction for HDFCBANK
2026-03-04 14:52:37,647 - stock_predictor - INFO - Loading resources for ICICIBANK...
2026-03-04 14:52:37,648 - stock_predictor - INFO - Scaler loaded from D:\InvestIQ-main\backend\models\saved_models\scaler_ICICIBANK.pkl
2026-03-04 14:52:37,682 - stock_predictor - INFO - Detected metadata row, dropping row 0
2026-03-04 14:52:37,683 - stock_predictor - INFO - Loaded data from D:\InvestIQ-main\backend\data\stock_data\ICICIBANK.csv with shape (5875, 7)
2026-03-04 14:52:37,683 - stock_predictor - INFO - Fetching live price data for ICICIBANK.BO...
2026-03-04 14:52:37,994 - stock_predictor - INFO - Successfully fetched live data for ICICIBANK.BO date: 2026-03-04 00:00:00
2026-03-04 14:52:38,000 - stock_predictor - INFO - Added live data for 2026-03-04 00:00:00
2026-03-04 14:52:38,014 - stock_predictor - INFO - Data cleaned successfully
2026-03-04 14:52:38,014 - stock_predictor - INFO - Fetching market index data for ^NSEI...
2026-03-04 14:52:38,637 - stock_predictor - WARNING - No data found for market index ^NSEI
2026-03-04 14:52:38,667 - stock_predictor - INFO - Technical indicators added successfully
2026-03-04 14:52:38,668 - stock_predictor - WARNING - Market data provided is empty. Skipping correlation.
2026-03-04 14:52:38,668 - stock_predictor - INFO - Adding simulated external data for ICICIBANK...
2026-03-04 14:52:38,709 - stock_predictor - INFO - Cache miss – ran prediction for ICICIBANK
2026-03-04 14:53:49,745 - stock_predictor - INFO - Fetching data for RELIANCE.NS (Period: 1y, Interval: 1d)
2026-03-04 14:53:50,249 - stock_predictor - INFO - Fetching data for TCS.NS (Period: 1y, Interval: 1d)
2026-03-04 14:53:50,451 - stock_predictor - INFO - Fetching data for INFY.NS (Period: 1y, Interval: 1d)
2026-03-04 14:53:50,674 - stock_predictor - INFO - Fetching data for HDFCBANK.NS (Period: 1y, Interval: 1d)
2026-03-04 14:53:50,917 - stock_predictor - INFO - Fetching data for ICICIBANK.NS (Period: 1y, Interval: 1d)
2026-03-04 14:53:51,169 - stock_predictor - INFO - Using MVO weights (non-degenerate).
2026-03-04 14:53:51,170 - stock_predictor - INFO - Final Portfolio Allocation: {'RELIANCE': 0.4058, 'TCS': 0.05, 'INFY': 0.05, 'HDFCBANK': 0.05, 'ICICIBANK': 0.4442}
2026-03-04 14:53:57,035 - stock_predictor - ERROR - News fetch error for RELIANCE: 1 validation error for NewsArticle
providerPublishTime
  Input should be a valid integer, unable to parse string as an integer [type=int_parsing, input_value='2026-02-26T04:00:10Z', input_type=str]
    For further information visit https://errors.pydantic.dev/2.12/v/int_parsing
2026-03-04 14:54:08,087 - stock_predictor - ERROR - News fetch error for RELIANCE: 1 validation error for NewsArticle
providerPublishTime
  Input should be a valid integer, unable to parse string as an integer [type=int_parsing, input_value='2026-02-26T04:00:10Z', input_type=str]
    For further information visit https://errors.pydantic.dev/2.12/v/int_parsing
2026-03-04 14:54:10,201 - stock_predictor - ERROR - News fetch error for RELIANCE: 1 validation error for NewsArticle
providerPublishTime
  Input should be a valid integer, unable to parse string as an integer [type=int_parsing, input_value='2026-02-26T04:00:10Z', input_type=str]
    For further information visit https://errors.pydantic.dev/2.12/v/int_parsing
2026-03-04 14:55:06,771 - stock_predictor - INFO - Initializing FinBERT on device: CPU
2026-03-04 14:55:11,033 - stock_predictor - ERROR - News fetch error for RELIANCE: 'NoneType' object has no attribute 'get'
2026-03-04 14:55:13,295 - stock_predictor - ERROR - News fetch error for RELIANCE: 'NoneType' object has no attribute 'get'
2026-03-04 14:57:42,384 - stock_predictor - ERROR - News fetch error for RELIANCE: 'NoneType' object has no attribute 'get'
2026-03-04 14:58:52,389 - stock_predictor - ERROR - News fetch error for RELIANCE: 'NoneType' object has no attribute 'get'
2026-03-04 14:59:13,050 - stock_predictor - INFO - Loading resources for RELIANCE...
2026-03-04 14:59:13,052 - stock_predictor - INFO - Scaler loaded from D:\InvestIQ-main\backend\models\saved_models\scaler_RELIANCE.pkl
2026-03-04 14:59:13,123 - stock_predictor - INFO - Detected metadata row, dropping row 0
2026-03-04 14:59:13,124 - stock_predictor - INFO - Loaded data from D:\InvestIQ-main\backend\data\stock_data\RELIANCE.csv with shape (6309, 7)
2026-03-04 14:59:13,124 - stock_predictor - INFO - Fetching live price data for RELIANCE.BO...
2026-03-04 14:59:13,712 - stock_predictor - INFO - Successfully fetched live data for RELIANCE.BO date: 2026-03-04 00:00:00
2026-03-04 14:59:13,721 - stock_predictor - INFO - Added live data for 2026-03-04 00:00:00
2026-03-04 14:59:13,737 - stock_predictor - INFO - Data cleaned successfully
2026-03-04 14:59:13,738 - stock_predictor - INFO - Fetching market index data for ^NSEI...
2026-03-04 14:59:14,852 - stock_predictor - WARNING - No data found for market index ^NSEI
2026-03-04 14:59:14,890 - stock_predictor - INFO - Technical indicators added successfully
2026-03-04 14:59:14,891 - stock_predictor - WARNING - Market data provided is empty. Skipping correlation.
2026-03-04 14:59:14,891 - stock_predictor - INFO - Adding simulated external data for RELIANCE...
2026-03-04 14:59:50,507 - stock_predictor - INFO - Loading resources for RELIANCE...
2026-03-04 14:59:50,508 - stock_predictor - INFO - Scaler loaded from D:\InvestIQ-main\backend\models\saved_models\scaler_RELIANCE.pkl
2026-03-04 14:59:50,560 - stock_predictor - INFO - Detected metadata row, dropping row 0
2026-03-04 14:59:50,561 - stock_predictor - INFO - Loaded data from D:\InvestIQ-main\backend\data\stock_data\RELIANCE.csv with shape (6309, 7)
2026-03-04 14:59:50,562 - stock_predictor - INFO - Fetching live price data for RELIANCE.BO...
2026-03-04 14:59:51,081 - stock_predictor - INFO - Successfully fetched live data for RELIANCE.BO date: 2026-03-04 00:00:00
2026-03-04 14:59:51,090 - stock_predictor - INFO - Added live data for 2026-03-04 00:00:00
2026-03-04 14:59:51,118 - stock_predictor - INFO - Data cleaned successfully
2026-03-04 14:59:51,119 - stock_predictor - INFO - Fetching market index data for ^NSEI...
2026-03-04 14:59:51,137 - stock_predictor - WARNING - No data found for market index ^NSEI
2026-03-04 14:59:51,219 - stock_predictor - INFO - Technical indicators added successfully
2026-03-04 14:59:51,225 - stock_predictor - WARNING - Market data provided is empty. Skipping correlation.
2026-03-04 14:59:51,232 - stock_predictor - INFO - Adding simulated external data for RELIANCE...
2026-03-04 14:59:51,349 - stock_predictor - INFO - Cache miss – ran prediction for RELIANCE
2026-03-04 14:59:51,350 - stock_predictor - INFO - Loading resources for TCS...
2026-03-04 14:59:51,352 - stock_predictor - INFO - Scaler loaded from D:\InvestIQ-main\backend\models\saved_models\scaler_TCS.pkl
2026-03-04 14:59:51,399 - stock_predictor - INFO - Detected metadata row, dropping row 0
2026-03-04 14:59:51,399 - stock_predictor - INFO - Loaded data from D:\InvestIQ-main\backend\data\stock_data\TCS.csv with shape (5271, 7)
2026-03-04 14:59:51,400 - stock_predictor - INFO - Fetching live price data for TCS.BO...
2026-03-04 14:59:51,959 - stock_predictor - INFO - Successfully fetched live data for TCS.BO date: 2026-03-04 00:00:00
2026-03-04 14:59:51,965 - stock_predictor - INFO - Added live data for 2026-03-04 00:00:00
2026-03-04 14:59:51,981 - stock_predictor - INFO - Data cleaned successfully
2026-03-04 14:59:51,982 - stock_predictor - INFO - Fetching market index data for ^NSEI...
2026-03-04 14:59:53,237 - stock_predictor - WARNING - No data found for market index ^NSEI
2026-03-04 14:59:53,267 - stock_predictor - INFO - Technical indicators added successfully
2026-03-04 14:59:53,268 - stock_predictor - WARNING - Market data provided is empty. Skipping correlation.
2026-03-04 14:59:53,268 - stock_predictor - INFO - Adding simulated external data for TCS...
2026-03-04 14:59:53,307 - stock_predictor - INFO - Cache miss – ran prediction for TCS
2026-03-04 14:59:53,308 - stock_predictor - INFO - Loading resources for INFY...
2026-03-04 14:59:53,312 - stock_predictor - INFO - Scaler loaded from D:\InvestIQ-main\backend\models\saved_models\scaler_INFY.pkl
2026-03-04 14:59:53,364 - stock_predictor - INFO - Detected metadata row, dropping row 0
2026-03-04 14:59:53,364 - stock_predictor - INFO - Loaded data from D:\InvestIQ-main\backend\data\stock_data\INFY.csv with shape (6465, 7)
2026-03-04 14:59:53,365 - stock_predictor - INFO - Fetching live price data for INFY.BO...
2026-03-04 14:59:54,069 - stock_predictor - INFO - Successfully fetched live data for INFY.BO date: 2026-03-04 00:00:00
2026-03-04 14:59:54,075 - stock_predictor - INFO - Added live data for 2026-03-04 00:00:00
2026-03-04 14:59:54,091 - stock_predictor - INFO - Data cleaned successfully
2026-03-04 14:59:54,092 - stock_predictor - INFO - Fetching market index data for ^NSEI...
2026-03-04 14:59:54,973 - stock_predictor - WARNING - No data found for market index ^NSEI
2026-03-04 14:59:55,009 - stock_predictor - INFO - Technical indicators added successfully
2026-03-04 14:59:55,010 - stock_predictor - WARNING - Market data provided is empty. Skipping correlation.
2026-03-04 14:59:55,011 - stock_predictor - INFO - Adding simulated external data for INFY...
2026-03-04 14:59:55,050 - stock_predictor - INFO - Cache miss – ran prediction for INFY
2026-03-04 14:59:55,051 - stock_predictor - INFO - Loading resources for HDFCBANK...
2026-03-04 14:59:55,055 - stock_predictor - INFO - Scaler loaded from D:\InvestIQ-main\backend\models\saved_models\scaler_HDFCBANK.pkl
2026-03-04 14:59:55,099 - stock_predictor - INFO - Detected metadata row, dropping row 0
2026-03-04 14:59:55,100 - stock_predictor - INFO - Loaded data from D:\InvestIQ-main\backend\data\stock_data\HDFCBANK.csv with shape (6506, 7)
2026-03-04 14:59:55,100 - stock_predictor - INFO - Fetching live price data for HDFCBANK.BO...
2026-03-04 14:59:55,503 - stock_predictor - INFO - Successfully fetched live data for HDFCBANK.BO date: 2026-03-04 00:00:00
2026-03-04 14:59:55,510 - stock_predictor - INFO - Added live data for 2026-03-04 00:00:00
2026-03-04 14:59:55,530 - stock_predictor - INFO - Data cleaned successfully
2026-03-04 14:59:55,531 - stock_predictor - INFO - Fetching market index data for ^NSEI...
2026-03-04 14:59:56,621 - stock_predictor - WARNING - No data found for market index ^NSEI
2026-03-04 14:59:56,657 - stock_predictor - INFO - Technical indicators added successfully
2026-03-04 14:59:56,658 - stock_predictor - WARNING - Market data provided is empty. Skipping correlation.
2026-03-04 14:59:56,658 - stock_predictor - INFO - Adding simulated external data for HDFCBANK...
2026-03-04 14:59:56,703 - stock_predictor - INFO - Cache miss – ran prediction for HDFCBANK
2026-03-04 14:59:56,704 - stock_predictor - INFO - Loading resources for ICICIBANK...
2026-03-04 14:59:56,708 - stock_predictor - INFO - Scaler loaded from D:\InvestIQ-main\backend\models\saved_models\scaler_ICICIBANK.pkl
2026-03-04 14:59:56,756 - stock_predictor - INFO - Detected metadata row, dropping row 0
2026-03-04 14:59:56,757 - stock_predictor - INFO - Loaded data from D:\InvestIQ-main\backend\data\stock_data\ICICIBANK.csv with shape (5875, 7)
2026-03-04 14:59:56,757 - stock_predictor - INFO - Fetching live price data for ICICIBANK.BO...
2026-03-04 14:59:57,173 - stock_predictor - INFO - Successfully fetched live data for ICICIBANK.BO date: 2026-03-04 00:00:00
2026-03-04 14:59:57,178 - stock_predictor - INFO - Added live data for 2026-03-04 00:00:00
2026-03-04 14:59:57,194 - stock_predictor - INFO - Data cleaned successfully
2026-03-04 14:59:57,195 - stock_predictor - INFO - Fetching market index data for ^NSEI...
2026-03-04 14:59:58,292 - stock_predictor - WARNING - No data found for market index ^NSEI
2026-03-04 14:59:58,320 - stock_predictor - INFO - Technical indicators added successfully
2026-03-04 14:59:58,321 - stock_predictor - WARNING - Market data provided is empty. Skipping correlation.
2026-03-04 14:59:58,322 - stock_predictor - INFO - Adding simulated external data for ICICIBANK...
2026-03-04 14:59:58,356 - stock_predictor - INFO - Cache miss – ran prediction for ICICIBANK
2026-03-04 14:59:59,165 - stock_predictor - ERROR - News fetch error for RELIANCE: 'NoneType' object has no attribute 'get'
2026-03-04 15:00:04,799 - stock_predictor - ERROR - News fetch error for RELIANCE: 'NoneType' object has no attribute 'get'
2026-03-04 15:00:18,733 - stock_predictor - ERROR - News fetch error for RELIANCE: 'NoneType' object has no attribute 'get'
2026-03-04 15:00:26,919 - stock_predictor - ERROR - News fetch error for RELIANCE: 'NoneType' object has no attribute 'get'
2026-03-04 15:00:29,013 - stock_predictor - ERROR - News fetch error for RELIANCE: 'NoneType' object has no attribute 'get'
2026-03-04 15:00:31,740 - stock_predictor - ERROR - News fetch error for RELIANCE: 'NoneType' object has no attribute 'get'
2026-03-04 15:00:45,952 - stock_predictor - ERROR - News fetch error for RELIANCE: 'NoneType' object has no attribute 'get'
2026-03-04 15:01:04,646 - stock_predictor - INFO - Cache hit for RELIANCE
2026-03-04 15:01:04,647 - stock_predictor - INFO - Cache hit for TCS
2026-03-04 15:01:04,647 - stock_predictor - INFO - Cache hit for INFY
2026-03-04 15:01:04,648 - stock_predictor - INFO - Cache hit for HDFCBANK
2026-03-04 15:01:04,648 - stock_predictor - INFO - Cache hit for ICICIBANK
2026-03-04 15:01:08,175 - stock_predictor - ERROR - News fetch error for RELIANCE: 'NoneType' object has no attribute 'get'
2026-03-04 15:02:38,335 - stock_predictor - INFO - Initializing FinBERT on device: CPU
2026-03-04 15:03:15,949 - stock_predictor - INFO - Fetching data for RELIANCE.NS (Period: 1y, Interval: 1d)
2026-03-04 15:03:16,404 - stock_predictor - INFO - Fetching data for TCS.NS (Period: 1y, Interval: 1d)
2026-03-04 15:03:16,537 - stock_predictor - INFO - Fetching data for INFY.NS (Period: 1y, Interval: 1d)
2026-03-04 15:03:16,676 - stock_predictor - INFO - Fetching data for HDFCBANK.NS (Period: 1y, Interval: 1d)
2026-03-04 15:03:16,808 - stock_predictor - INFO - Fetching data for ICICIBANK.NS (Period: 1y, Interval: 1d)
2026-03-04 15:03:16,963 - stock_predictor - INFO - Using MVO weights (non-degenerate).
2026-03-04 15:03:16,964 - stock_predictor - INFO - Final Portfolio Allocation: {'RELIANCE': 0.4147, 'TCS': 0.05, 'INFY': 0.05, 'HDFCBANK': 0.05, 'ICICIBANK': 0.4353}
2026-03-04 15:03:21,836 - stock_predictor - INFO - Loading resources for INFY...
2026-03-04 15:03:21,840 - stock_predictor - INFO - Scaler loaded from D:\InvestIQ-main\backend\models\saved_models\scaler_INFY.pkl
2026-03-04 15:03:21,893 - stock_predictor - INFO - Detected metadata row, dropping row 0
2026-03-04 15:03:21,894 - stock_predictor - INFO - Loaded data from D:\InvestIQ-main\backend\data\stock_data\INFY.csv with shape (6465, 7)
2026-03-04 15:03:21,894 - stock_predictor - INFO - Fetching live price data for INFY.BO...
2026-03-04 15:03:22,028 - stock_predictor - INFO - Successfully fetched live data for INFY.BO date: 2026-03-04 00:00:00
2026-03-04 15:03:22,039 - stock_predictor - INFO - Added live data for 2026-03-04 00:00:00
2026-03-04 15:03:22,068 - stock_predictor - INFO - Data cleaned successfully
2026-03-04 15:03:22,069 - stock_predictor - INFO - Fetching market index data for ^NSEI...
2026-03-04 15:03:22,853 - stock_predictor - WARNING - No data found for market index ^NSEI
2026-03-04 15:03:22,896 - stock_predictor - INFO - Technical indicators added successfully
2026-03-04 15:03:22,897 - stock_predictor - WARNING - Market data provided is empty. Skipping correlation.
2026-03-04 15:03:22,898 - stock_predictor - INFO - Adding simulated external data for INFY...
2026-03-05 14:26:46,309 - stock_predictor - INFO - Initializing FinBERT on device: CPU
2026-03-05 14:27:01,642 - stock_predictor - INFO - Initializing FinBERT on device: CPU
2026-03-05 15:55:53,602 - stock_predictor - INFO - Initializing FinBERT on device: CPU
2026-03-05 16:12:31,195 - stock_predictor - INFO - Loading resources for RELIANCE...
2026-03-05 16:12:31,197 - stock_predictor - INFO - Scaler loaded from D:\InvestIQ-main\backend\models\saved_models\scaler_RELIANCE.pkl
2026-03-05 16:12:31,282 - stock_predictor - INFO - Detected metadata row, dropping row 0
2026-03-05 16:12:31,282 - stock_predictor - INFO - Loaded data from D:\InvestIQ-main\backend\data\stock_data\RELIANCE.csv with shape (6309, 7)
2026-03-05 16:12:31,283 - stock_predictor - INFO - Fetching live price data for RELIANCE.BO...
2026-03-05 16:12:46,694 - stock_predictor - ERROR - Failed to fetch live price data for RELIANCE: 'NoneType' object is not subscriptable
2026-03-05 16:12:46,731 - stock_predictor - INFO - Data cleaned successfully
2026-03-05 16:12:46,732 - stock_predictor - INFO - Fetching market index data for ^NSEI...
2026-03-05 16:12:49,592 - stock_predictor - WARNING - No data found for market index ^NSEI
2026-03-05 16:12:49,644 - stock_predictor - INFO - Technical indicators added successfully
2026-03-05 16:12:49,644 - stock_predictor - WARNING - Market data provided is empty. Skipping correlation.
2026-03-05 16:12:49,645 - stock_predictor - INFO - Adding simulated external data for RELIANCE...
2026-03-05 16:12:49,780 - stock_predictor - INFO - Cache miss – ran prediction for RELIANCE
2026-03-05 16:12:49,781 - stock_predictor - INFO - Loading resources for TCS...
2026-03-05 16:12:49,782 - stock_predictor - INFO - Scaler loaded from D:\InvestIQ-main\backend\models\saved_models\scaler_TCS.pkl
2026-03-05 16:12:49,815 - stock_predictor - INFO - Detected metadata row, dropping row 0
2026-03-05 16:12:49,816 - stock_predictor - INFO - Loaded data from D:\InvestIQ-main\backend\data\stock_data\TCS.csv with shape (5271, 7)
2026-03-05 16:12:49,816 - stock_predictor - INFO - Fetching live price data for TCS.BO...
2026-03-05 16:12:52,386 - stock_predictor - INFO - Successfully fetched live data for TCS.BO date: 2026-03-05 00:00:00
2026-03-05 16:12:52,392 - stock_predictor - INFO - Added live data for 2026-03-05 00:00:00
2026-03-05 16:12:52,407 - stock_predictor - INFO - Data cleaned successfully
2026-03-05 16:12:52,407 - stock_predictor - INFO - Fetching market index data for ^NSEI...
2026-03-05 16:12:57,835 - stock_predictor - WARNING - No data found for market index ^NSEI
2026-03-05 16:12:57,871 - stock_predictor - INFO - Technical indicators added successfully
2026-03-05 16:12:57,872 - stock_predictor - WARNING - Market data provided is empty. Skipping correlation.
2026-03-05 16:12:57,872 - stock_predictor - INFO - Adding simulated external data for TCS...
2026-03-05 16:12:57,906 - stock_predictor - INFO - Cache miss – ran prediction for TCS
2026-03-05 16:12:57,906 - stock_predictor - INFO - Loading resources for INFY...
2026-03-05 16:12:57,907 - stock_predictor - INFO - Scaler loaded from D:\InvestIQ-main\backend\models\saved_models\scaler_INFY.pkl
2026-03-05 16:12:57,948 - stock_predictor - INFO - Detected metadata row, dropping row 0
2026-03-05 16:12:57,949 - stock_predictor - INFO - Loaded data from D:\InvestIQ-main\backend\data\stock_data\INFY.csv with shape (6465, 7)
2026-03-05 16:12:57,949 - stock_predictor - INFO - Fetching live price data for INFY.BO...
2026-03-05 16:13:01,477 - stock_predictor - INFO - Successfully fetched live data for INFY.BO date: 2026-03-05 00:00:00
2026-03-05 16:13:01,484 - stock_predictor - INFO - Added live data for 2026-03-05 00:00:00
2026-03-05 16:13:01,506 - stock_predictor - INFO - Data cleaned successfully
2026-03-05 16:13:01,506 - stock_predictor - INFO - Fetching market index data for ^NSEI...
2026-03-05 16:13:04,835 - stock_predictor - INFO - Fetching data for RELIANCE.NS (Period: 1y, Interval: 1d)
2026-03-05 16:13:11,537 - stock_predictor - WARNING - No data found for market index ^NSEI
2026-03-05 16:13:11,576 - stock_predictor - INFO - Technical indicators added successfully
2026-03-05 16:13:11,577 - stock_predictor - WARNING - Market data provided is empty. Skipping correlation.
2026-03-05 16:13:11,577 - stock_predictor - INFO - Adding simulated external data for INFY...
2026-03-05 16:13:11,614 - stock_predictor - INFO - Cache miss – ran prediction for INFY
2026-03-05 16:13:11,615 - stock_predictor - INFO - Loading resources for HDFCBANK...
2026-03-05 16:13:11,616 - stock_predictor - INFO - Scaler loaded from D:\InvestIQ-main\backend\models\saved_models\scaler_HDFCBANK.pkl
2026-03-05 16:13:11,655 - stock_predictor - INFO - Detected metadata row, dropping row 0
2026-03-05 16:13:11,656 - stock_predictor - INFO - Loaded data from D:\InvestIQ-main\backend\data\stock_data\HDFCBANK.csv with shape (6506, 7)
2026-03-05 16:13:11,656 - stock_predictor - INFO - Fetching live price data for HDFCBANK.BO...
2026-03-05 16:13:14,852 - stock_predictor - ERROR - Error fetching data for RELIANCE.NS: 'NoneType' object is not subscriptable
2026-03-05 16:13:14,853 - stock_predictor - INFO - Fetching data for TCS.NS (Period: 1y, Interval: 1d)
2026-03-05 16:13:21,668 - stock_predictor - ERROR - Failed to fetch live price data for HDFCBANK: 'NoneType' object is not subscriptable
2026-03-05 16:13:21,695 - stock_predictor - INFO - Data cleaned successfully
2026-03-05 16:13:21,696 - stock_predictor - INFO - Fetching market index data for ^NSEI...
2026-03-05 16:13:24,858 - stock_predictor - ERROR - Error fetching data for TCS.NS: 'NoneType' object is not subscriptable
2026-03-05 16:13:24,859 - stock_predictor - INFO - Fetching data for INFY.NS (Period: 1y, Interval: 1d)
2026-03-05 16:13:31,715 - stock_predictor - WARNING - No data found for market index ^NSEI
2026-03-05 16:13:31,749 - stock_predictor - INFO - Technical indicators added successfully
2026-03-05 16:13:31,749 - stock_predictor - WARNING - Market data provided is empty. Skipping correlation.
2026-03-05 16:13:31,750 - stock_predictor - INFO - Adding simulated external data for HDFCBANK...
2026-03-05 16:13:31,786 - stock_predictor - INFO - Cache miss – ran prediction for HDFCBANK
2026-03-05 16:13:31,787 - stock_predictor - INFO - Loading resources for ICICIBANK...
2026-03-05 16:13:31,788 - stock_predictor - INFO - Scaler loaded from D:\InvestIQ-main\backend\models\saved_models\scaler_ICICIBANK.pkl
2026-03-05 16:13:31,830 - stock_predictor - INFO - Detected metadata row, dropping row 0
2026-03-05 16:13:31,831 - stock_predictor - INFO - Loaded data from D:\InvestIQ-main\backend\data\stock_data\ICICIBANK.csv with shape (5875, 7)
2026-03-05 16:13:31,831 - stock_predictor - INFO - Fetching live price data for ICICIBANK.BO...
2026-03-05 16:13:33,630 - stock_predictor - INFO - Cache hit for RELIANCE
2026-03-05 16:13:33,631 - stock_predictor - INFO - Cache hit for TCS
2026-03-05 16:13:33,631 - stock_predictor - INFO - Cache hit for INFY
2026-03-05 16:13:33,632 - stock_predictor - INFO - Cache hit for HDFCBANK
2026-03-05 16:13:33,632 - stock_predictor - INFO - Loading resources for ICICIBANK...
2026-03-05 16:13:33,633 - stock_predictor - INFO - Scaler loaded from D:\InvestIQ-main\backend\models\saved_models\scaler_ICICIBANK.pkl
2026-03-05 16:13:33,670 - stock_predictor - INFO - Detected metadata row, dropping row 0
2026-03-05 16:13:33,670 - stock_predictor - INFO - Loaded data from D:\InvestIQ-main\backend\data\stock_data\ICICIBANK.csv with shape (5875, 7)
2026-03-05 16:13:33,671 - stock_predictor - INFO - Fetching live price data for ICICIBANK.BO...
2026-03-05 16:13:34,877 - stock_predictor - ERROR - Error fetching data for INFY.NS: 'NoneType' object is not subscriptable
2026-03-05 16:13:34,877 - stock_predictor - INFO - Fetching data for HDFCBANK.NS (Period: 1y, Interval: 1d)
2026-03-05 16:13:36,172 - stock_predictor - ERROR - Failed to fetch live news for RELIANCE: Failed to perform, curl: (28) Operation timed out after 30011 milliseconds with 0 bytes received. See https://curl.se/libcurl/c/libcurl-errors.html first for more details.
2026-03-05 16:13:41,846 - stock_predictor - ERROR - Failed to fetch live price data for ICICIBANK: 'NoneType' object is not subscriptable
2026-03-05 16:13:41,869 - stock_predictor - INFO - Data cleaned successfully
2026-03-05 16:13:41,870 - stock_predictor - INFO - Fetching market index data for ^NSEI...
2026-03-05 16:13:43,681 - stock_predictor - ERROR - Failed to fetch live price data for ICICIBANK: 'NoneType' object is not subscriptable
2026-03-05 16:13:43,695 - stock_predictor - INFO - Data cleaned successfully
2026-03-05 16:13:43,695 - stock_predictor - INFO - Fetching market index data for ^NSEI...
2026-03-05 16:13:44,894 - stock_predictor - ERROR - Error fetching data for HDFCBANK.NS: 'NoneType' object is not subscriptable
2026-03-05 16:13:44,895 - stock_predictor - INFO - Fetching data for ICICIBANK.NS (Period: 1y, Interval: 1d)
2026-03-05 16:13:51,888 - stock_predictor - WARNING - No data found for market index ^NSEI
2026-03-05 16:13:51,895 - stock_predictor - WARNING - No data found for market index ^NSEI
2026-03-05 16:13:51,929 - stock_predictor - INFO - Technical indicators added successfully
2026-03-05 16:13:51,930 - stock_predictor - WARNING - Market data provided is empty. Skipping correlation.
2026-03-05 16:13:51,931 - stock_predictor - INFO - Adding simulated external data for ICICIBANK...
2026-03-05 16:13:51,990 - stock_predictor - INFO - Cache miss – ran prediction for ICICIBANK
2026-03-05 16:13:51,991 - stock_predictor - INFO - Technical indicators added successfully
2026-03-05 16:13:51,992 - stock_predictor - WARNING - Market data provided is empty. Skipping correlation.
2026-03-05 16:13:51,993 - stock_predictor - INFO - Adding simulated external data for ICICIBANK...
2026-03-05 16:13:52,058 - stock_predictor - INFO - Cache miss – ran prediction for ICICIBANK
2026-03-05 16:13:55,524 - stock_predictor - ERROR - Error fetching data for ICICIBANK.NS: 'NoneType' object is not subscriptable
2026-03-05 16:13:55,526 - stock_predictor - ERROR - Portfolio error: 404: No data found
2026-03-05 16:14:04,022 - stock_predictor - ERROR - Failed to fetch live news for INFY: Failed to perform, curl: (6) Could not resolve host: finance.yahoo.com. See https://curl.se/libcurl/c/libcurl-errors.html first for more details.
2026-03-05 16:14:04,023 - stock_predictor - ERROR - Failed to fetch live news for HDFCBANK: Failed to perform, curl: (6) Could not resolve host: finance.yahoo.com. See https://curl.se/libcurl/c/libcurl-errors.html first for more details.
2026-03-05 16:14:11,706 - stock_predictor - INFO - Fetching data for RELIANCE.NS (Period: 1y, Interval: 1d)
2026-03-05 16:14:12,229 - stock_predictor - ERROR - Failed to fetch live news for TCS: Failed to perform, curl: (28) Connection timed out after 30006 milliseconds. See https://curl.se/libcurl/c/libcurl-errors.html first for more details.
2026-03-05 16:14:13,240 - stock_predictor - ERROR - Failed to fetch live news for RELIANCE: Failed to perform, curl: (28) Connection timed out after 30010 milliseconds. See https://curl.se/libcurl/c/libcurl-errors.html first for more details.
2026-03-05 16:14:14,935 - stock_predictor - ERROR - Failed to fetch live news for TCS: Failed to perform, curl: (28) Connection timed out after 30005 milliseconds. See https://curl.se/libcurl/c/libcurl-errors.html first for more details.
2026-03-05 16:14:23,524 - stock_predictor - ERROR - Error fetching data for RELIANCE.NS: 'NoneType' object is not subscriptable
2026-03-05 16:14:23,525 - stock_predictor - INFO - Fetching data for TCS.NS (Period: 1y, Interval: 1d)
2026-03-05 16:14:33,539 - stock_predictor - ERROR - Error fetching data for TCS.NS: 'NoneType' object is not subscriptable
2026-03-05 16:14:33,539 - stock_predictor - INFO - Fetching data for INFY.NS (Period: 1y, Interval: 1d)
2026-03-05 16:14:36,396 - stock_predictor - INFO - Loading resources for RELIANCE...
2026-03-05 16:14:36,397 - stock_predictor - INFO - Scaler loaded from D:\InvestIQ-main\backend\models\saved_models\scaler_RELIANCE.pkl
2026-03-05 16:14:36,429 - stock_predictor - INFO - Detected metadata row, dropping row 0
2026-03-05 16:14:36,429 - stock_predictor - INFO - Loaded data from D:\InvestIQ-main\backend\data\stock_data\RELIANCE.csv with shape (6309, 7)
2026-03-05 16:14:36,429 - stock_predictor - INFO - Fetching live price data for RELIANCE.BO...
2026-03-05 16:14:43,546 - stock_predictor - ERROR - Error fetching data for INFY.NS: 'NoneType' object is not subscriptable
2026-03-05 16:14:43,547 - stock_predictor - INFO - Fetching data for HDFCBANK.NS (Period: 1y, Interval: 1d)
2026-03-05 16:14:46,447 - stock_predictor - ERROR - Failed to fetch live price data for RELIANCE: 'NoneType' object is not subscriptable
2026-03-05 16:14:46,481 - stock_predictor - INFO - Data cleaned successfully
2026-03-05 16:14:46,482 - stock_predictor - INFO - Fetching market index data for ^NSEI...
2026-03-05 16:14:46,499 - stock_predictor - WARNING - No data found for market index ^NSEI
2026-03-05 16:14:46,578 - stock_predictor - INFO - Technical indicators added successfully
2026-03-05 16:14:46,579 - stock_predictor - WARNING - Market data provided is empty. Skipping correlation.
2026-03-05 16:14:46,580 - stock_predictor - INFO - Adding simulated external data for RELIANCE...
2026-03-05 16:14:47,396 - stock_predictor - INFO - Fetching data for ICICIBANK.NS (Period: 1y, Interval: 1d)
2026-03-05 16:14:51,315 - stock_predictor - INFO - Loading resources for RELIANCE...
2026-03-05 16:14:51,316 - stock_predictor - INFO - Scaler loaded from D:\InvestIQ-main\backend\models\saved_models\scaler_RELIANCE.pkl
2026-03-05 16:14:51,356 - stock_predictor - INFO - Detected metadata row, dropping row 0
2026-03-05 16:14:51,357 - stock_predictor - INFO - Loaded data from D:\InvestIQ-main\backend\data\stock_data\RELIANCE.csv with shape (6309, 7)
2026-03-05 16:14:51,357 - stock_predictor - INFO - Fetching live price data for RELIANCE.BO...
2026-03-05 16:14:57,413 - stock_predictor - ERROR - Error fetching data for ICICIBANK.NS: 'NoneType' object is not subscriptable
2026-03-05 16:14:57,417 - stock_predictor - WARNING - Portfolio optimization requires at least 2 assets.
2026-03-05 16:15:01,367 - stock_predictor - ERROR - Failed to fetch live price data for RELIANCE: 'NoneType' object is not subscriptable
2026-03-05 16:15:01,383 - stock_predictor - INFO - Data cleaned successfully
2026-03-05 16:15:01,384 - stock_predictor - INFO - Fetching market index data for ^NSEI...
2026-03-05 16:15:01,398 - stock_predictor - WARNING - No data found for market index ^NSEI
2026-03-05 16:15:01,441 - stock_predictor - INFO - Technical indicators added successfully
2026-03-05 16:15:01,442 - stock_predictor - WARNING - Market data provided is empty. Skipping correlation.
2026-03-05 16:15:01,443 - stock_predictor - INFO - Adding simulated external data for RELIANCE...
2026-03-06 11:59:47,397 - stock_predictor - INFO - Initializing FinBERT on device: CPU
2026-03-06 13:13:17,071 - stock_predictor - INFO - Initializing FinBERT on device: CPU
2026-03-06 13:27:49,698 - stock_predictor - INFO - Initializing FinBERT on device: CPU
2026-03-06 13:37:13,432 - stock_predictor - INFO - Initializing FinBERT on device: CPU
2026-03-06 13:40:08,045 - stock_predictor - INFO - Initializing FinBERT on device: CPU
2026-03-06 14:03:27,991 - stock_predictor - INFO - Initializing FinBERT on device: CPU
2026-03-06 14:21:43,186 - stock_predictor - INFO - Initializing FinBERT on device: CPU
2026-03-06 14:58:56,662 - stock_predictor - INFO - Initializing FinBERT on device: CPU
2026-03-06 15:06:41,441 - stock_predictor - INFO - Loading resources for RELIANCE...
2026-03-06 15:06:41,444 - stock_predictor - INFO - Scaler loaded from D:\InvestIQ-main\backend\models\saved_models\scaler_RELIANCE.pkl
2026-03-06 15:06:41,738 - stock_predictor - INFO - Detected metadata row, dropping row 0
2026-03-06 15:06:41,743 - stock_predictor - INFO - Loaded data from D:\InvestIQ-main\backend\data\stock_data\RELIANCE.csv with shape (6309, 7)
2026-03-06 15:06:41,744 - stock_predictor - INFO - Fetching live price data for RELIANCE.BO...
2026-03-06 15:06:43,358 - stock_predictor - INFO - Successfully fetched live data for RELIANCE.BO date: 2026-03-06 00:00:00
2026-03-06 15:06:43,372 - stock_predictor - INFO - Added live data for 2026-03-06 00:00:00
2026-03-06 15:06:43,411 - stock_predictor - INFO - Data cleaned successfully
2026-03-06 15:06:43,413 - stock_predictor - INFO - Fetching market index data for ^NSEI...
2026-03-06 15:06:45,119 - stock_predictor - WARNING - No data found for market index ^NSEI
2026-03-06 15:06:45,225 - stock_predictor - INFO - Technical indicators added successfully
2026-03-06 15:06:45,226 - stock_predictor - WARNING - Market data provided is empty. Skipping correlation.
2026-03-06 15:06:45,227 - stock_predictor - INFO - Adding simulated external data for RELIANCE...
2026-03-06 15:06:45,524 - stock_predictor - INFO - Cache miss – ran prediction for RELIANCE
2026-03-06 15:06:45,525 - stock_predictor - INFO - Loading resources for TCS...
2026-03-06 15:06:45,527 - stock_predictor - INFO - Scaler loaded from D:\InvestIQ-main\backend\models\saved_models\scaler_TCS.pkl
2026-03-06 15:06:45,577 - stock_predictor - INFO - Detected metadata row, dropping row 0
2026-03-06 15:06:45,578 - stock_predictor - INFO - Loaded data from D:\InvestIQ-main\backend\data\stock_data\TCS.csv with shape (5271, 7)
2026-03-06 15:06:45,578 - stock_predictor - INFO - Fetching live price data for TCS.BO...
2026-03-06 15:06:45,837 - stock_predictor - INFO - Successfully fetched live data for TCS.BO date: 2026-03-06 00:00:00
2026-03-06 15:06:45,862 - stock_predictor - INFO - Added live data for 2026-03-06 00:00:00
2026-03-06 15:06:45,897 - stock_predictor - INFO - Data cleaned successfully
2026-03-06 15:06:45,899 - stock_predictor - INFO - Fetching market index data for ^NSEI...
2026-03-06 15:06:46,534 - stock_predictor - WARNING - No data found for market index ^NSEI
2026-03-06 15:06:46,639 - stock_predictor - INFO - Technical indicators added successfully
2026-03-06 15:06:46,641 - stock_predictor - WARNING - Market data provided is empty. Skipping correlation.
2026-03-06 15:06:46,642 - stock_predictor - INFO - Adding simulated external data for TCS...
2026-03-06 15:06:46,888 - stock_predictor - INFO - Cache miss – ran prediction for TCS
2026-03-06 15:06:46,890 - stock_predictor - INFO - Loading resources for INFY...
2026-03-06 15:06:46,894 - stock_predictor - INFO - Scaler loaded from D:\InvestIQ-main\backend\models\saved_models\scaler_INFY.pkl
2026-03-06 15:06:46,952 - stock_predictor - INFO - Detected metadata row, dropping row 0
2026-03-06 15:06:46,952 - stock_predictor - INFO - Loaded data from D:\InvestIQ-main\backend\data\stock_data\INFY.csv with shape (6465, 7)
2026-03-06 15:06:46,953 - stock_predictor - INFO - Fetching live price data for INFY.BO...
2026-03-06 15:06:47,487 - stock_predictor - INFO - Successfully fetched live data for INFY.BO date: 2026-03-06 00:00:00
2026-03-06 15:06:47,504 - stock_predictor - INFO - Added live data for 2026-03-06 00:00:00
2026-03-06 15:06:47,557 - stock_predictor - INFO - Data cleaned successfully
2026-03-06 15:06:47,559 - stock_predictor - INFO - Fetching market index data for ^NSEI...
2026-03-06 15:06:48,547 - stock_predictor - WARNING - No data found for market index ^NSEI
2026-03-06 15:06:48,644 - stock_predictor - INFO - Technical indicators added successfully
2026-03-06 15:06:48,646 - stock_predictor - WARNING - Market data provided is empty. Skipping correlation.
2026-03-06 15:06:48,647 - stock_predictor - INFO - Adding simulated external data for INFY...
2026-03-06 15:06:48,868 - stock_predictor - INFO - Cache miss – ran prediction for INFY
2026-03-06 15:06:48,869 - stock_predictor - INFO - Loading resources for HDFCBANK...
2026-03-06 15:06:48,871 - stock_predictor - INFO - Scaler loaded from D:\InvestIQ-main\backend\models\saved_models\scaler_HDFCBANK.pkl
2026-03-06 15:06:48,928 - stock_predictor - INFO - Detected metadata row, dropping row 0
2026-03-06 15:06:48,929 - stock_predictor - INFO - Loaded data from D:\InvestIQ-main\backend\data\stock_data\HDFCBANK.csv with shape (6506, 7)
2026-03-06 15:06:48,929 - stock_predictor - INFO - Fetching live price data for HDFCBANK.BO...
2026-03-06 15:06:49,120 - stock_predictor - INFO - Successfully fetched live data for HDFCBANK.BO date: 2026-03-06 00:00:00
2026-03-06 15:06:49,130 - stock_predictor - INFO - Added live data for 2026-03-06 00:00:00
2026-03-06 15:06:49,164 - stock_predictor - INFO - Data cleaned successfully
2026-03-06 15:06:49,167 - stock_predictor - INFO - Fetching market index data for ^NSEI...
2026-03-06 15:06:49,788 - stock_predictor - WARNING - No data found for market index ^NSEI
2026-03-06 15:06:49,891 - stock_predictor - INFO - Technical indicators added successfully
2026-03-06 15:06:49,892 - stock_predictor - WARNING - Market data provided is empty. Skipping correlation.
2026-03-06 15:06:49,893 - stock_predictor - INFO - Adding simulated external data for HDFCBANK...
2026-03-06 15:06:50,118 - stock_predictor - INFO - Cache miss – ran prediction for HDFCBANK
2026-03-06 15:06:50,119 - stock_predictor - INFO - Loading resources for ICICIBANK...
2026-03-06 15:06:50,123 - stock_predictor - INFO - Scaler loaded from D:\InvestIQ-main\backend\models\saved_models\scaler_ICICIBANK.pkl
2026-03-06 15:06:50,184 - stock_predictor - INFO - Detected metadata row, dropping row 0
2026-03-06 15:06:50,185 - stock_predictor - INFO - Loaded data from D:\InvestIQ-main\backend\data\stock_data\ICICIBANK.csv with shape (5875, 7)
2026-03-06 15:06:50,186 - stock_predictor - INFO - Fetching live price data for ICICIBANK.BO...
2026-03-06 15:06:50,382 - stock_predictor - INFO - Successfully fetched live data for ICICIBANK.BO date: 2026-03-06 00:00:00
2026-03-06 15:06:50,393 - stock_predictor - INFO - Added live data for 2026-03-06 00:00:00
2026-03-06 15:06:50,433 - stock_predictor - INFO - Data cleaned successfully
2026-03-06 15:06:50,435 - stock_predictor - INFO - Fetching market index data for ^NSEI...
2026-03-06 15:06:51,191 - stock_predictor - WARNING - No data found for market index ^NSEI
2026-03-06 15:06:51,274 - stock_predictor - INFO - Technical indicators added successfully
2026-03-06 15:06:51,277 - stock_predictor - WARNING - Market data provided is empty. Skipping correlation.
2026-03-06 15:06:51,278 - stock_predictor - INFO - Adding simulated external data for ICICIBANK...
2026-03-06 15:06:51,495 - stock_predictor - INFO - Cache miss – ran prediction for ICICIBANK
2026-03-06 15:06:56,096 - stock_predictor - INFO - Fetching data for RELIANCE.NS (Period: 1y, Interval: 1d)
2026-03-06 15:06:56,392 - stock_predictor - INFO - Fetching data for TCS.NS (Period: 1y, Interval: 1d)
2026-03-06 15:06:56,711 - stock_predictor - INFO - Fetching data for INFY.NS (Period: 1y, Interval: 1d)
2026-03-06 15:06:56,893 - stock_predictor - INFO - Fetching data for HDFCBANK.NS (Period: 1y, Interval: 1d)
2026-03-06 15:06:57,102 - stock_predictor - INFO - Fetching data for ICICIBANK.NS (Period: 1y, Interval: 1d)
2026-03-06 15:06:57,656 - stock_predictor - INFO - Final Portfolio Allocation: {'RELIANCE': 0.1913, 'TCS': 0.1826, 'INFY': 0.1494, 'HDFCBANK': 0.2523, 'ICICIBANK': 0.2243}
2026-03-06 15:12:58,944 - stock_predictor - INFO - Cache hit for RELIANCE
2026-03-06 15:12:58,944 - stock_predictor - INFO - Cache hit for TCS
2026-03-06 15:12:58,945 - stock_predictor - INFO - Cache hit for INFY
2026-03-06 15:12:58,945 - stock_predictor - INFO - Cache hit for HDFCBANK
2026-03-06 15:12:58,946 - stock_predictor - INFO - Cache hit for ICICIBANK
2026-03-06 15:13:09,702 - stock_predictor - INFO - Loading resources for ICICIBANK...
2026-03-06 15:13:09,706 - stock_predictor - INFO - Scaler loaded from D:\InvestIQ-main\backend\models\saved_models\scaler_ICICIBANK.pkl
2026-03-06 15:13:09,765 - stock_predictor - INFO - Detected metadata row, dropping row 0
2026-03-06 15:13:09,765 - stock_predictor - INFO - Loaded data from D:\InvestIQ-main\backend\data\stock_data\ICICIBANK.csv with shape (5875, 7)
2026-03-06 15:13:09,766 - stock_predictor - INFO - Fetching live price data for ICICIBANK.BO...
2026-03-06 15:13:09,989 - stock_predictor - INFO - Successfully fetched live data for ICICIBANK.BO date: 2026-03-06 00:00:00
2026-03-06 15:13:09,999 - stock_predictor - INFO - Added live data for 2026-03-06 00:00:00
2026-03-06 15:13:10,029 - stock_predictor - INFO - Data cleaned successfully
2026-03-06 15:13:10,031 - stock_predictor - INFO - Fetching market index data for ^NSEI...
2026-03-06 15:13:10,051 - stock_predictor - WARNING - No data found for market index ^NSEI
2026-03-06 15:13:10,138 - stock_predictor - INFO - Technical indicators added successfully
2026-03-06 15:13:10,139 - stock_predictor - WARNING - Market data provided is empty. Skipping correlation.
2026-03-06 15:13:10,140 - stock_predictor - INFO - Adding simulated external data for ICICIBANK...
2026-03-06 15:36:10,891 - stock_predictor - INFO - Loading resources for RELIANCE...
2026-03-06 15:36:10,895 - stock_predictor - INFO - Scaler loaded from D:\InvestIQ-main\backend\models\saved_models\scaler_RELIANCE.pkl
2026-03-06 15:36:10,934 - stock_predictor - INFO - Detected metadata row, dropping row 0
2026-03-06 15:36:10,934 - stock_predictor - INFO - Loaded data from D:\InvestIQ-main\backend\data\stock_data\RELIANCE.csv with shape (6309, 7)
2026-03-06 15:36:10,934 - stock_predictor - INFO - Fetching live price data for RELIANCE.BO...
2026-03-06 15:36:11,301 - stock_predictor - INFO - Successfully fetched live data for RELIANCE.BO date: 2026-03-06 00:00:00
2026-03-06 15:36:11,306 - stock_predictor - INFO - Added live data for 2026-03-06 00:00:00
2026-03-06 15:36:11,324 - stock_predictor - INFO - Data cleaned successfully
2026-03-06 15:36:11,325 - stock_predictor - INFO - Fetching market index data for ^NSEI...
2026-03-06 15:36:11,341 - stock_predictor - WARNING - No data found for market index ^NSEI
2026-03-06 15:36:11,374 - stock_predictor - INFO - Technical indicators added successfully
2026-03-06 15:36:11,374 - stock_predictor - WARNING - Market data provided is empty. Skipping correlation.
2026-03-06 15:36:11,375 - stock_predictor - INFO - Adding simulated external data for RELIANCE...
2026-03-06 15:36:11,411 - stock_predictor - INFO - Cache miss – ran prediction for RELIANCE
2026-03-06 15:36:11,412 - stock_predictor - INFO - Loading resources for TCS...
2026-03-06 15:36:11,415 - stock_predictor - INFO - Scaler loaded from D:\InvestIQ-main\backend\models\saved_models\scaler_TCS.pkl
2026-03-06 15:36:11,445 - stock_predictor - INFO - Detected metadata row, dropping row 0
2026-03-06 15:36:11,446 - stock_predictor - INFO - Loaded data from D:\InvestIQ-main\backend\data\stock_data\TCS.csv with shape (5271, 7)
2026-03-06 15:36:11,446 - stock_predictor - INFO - Fetching live price data for TCS.BO...
2026-03-06 15:36:11,677 - stock_predictor - INFO - Successfully fetched live data for TCS.BO date: 2026-03-06 00:00:00
2026-03-06 15:36:11,681 - stock_predictor - INFO - Added live data for 2026-03-06 00:00:00
2026-03-06 15:36:11,694 - stock_predictor - INFO - Data cleaned successfully
2026-03-06 15:36:11,694 - stock_predictor - INFO - Fetching market index data for ^NSEI...
2026-03-06 15:36:11,709 - stock_predictor - WARNING - No data found for market index ^NSEI
2026-03-06 15:36:11,736 - stock_predictor - INFO - Technical indicators added successfully
2026-03-06 15:36:11,736 - stock_predictor - WARNING - Market data provided is empty. Skipping correlation.
2026-03-06 15:36:11,737 - stock_predictor - INFO - Adding simulated external data for TCS...
2026-03-06 15:36:11,769 - stock_predictor - INFO - Cache miss – ran prediction for TCS
2026-03-06 15:36:11,771 - stock_predictor - INFO - Loading resources for INFY...
2026-03-06 15:36:11,776 - stock_predictor - INFO - Scaler loaded from D:\InvestIQ-main\backend\models\saved_models\scaler_INFY.pkl
2026-03-06 15:36:11,813 - stock_predictor - INFO - Detected metadata row, dropping row 0
2026-03-06 15:36:11,813 - stock_predictor - INFO - Loaded data from D:\InvestIQ-main\backend\data\stock_data\INFY.csv with shape (6465, 7)
2026-03-06 15:36:11,814 - stock_predictor - INFO - Fetching live price data for INFY.BO...
2026-03-06 15:36:11,990 - stock_predictor - INFO - Successfully fetched live data for INFY.BO date: 2026-03-06 00:00:00
2026-03-06 15:36:11,997 - stock_predictor - INFO - Added live data for 2026-03-06 00:00:00
2026-03-06 15:36:12,011 - stock_predictor - INFO - Data cleaned successfully
2026-03-06 15:36:12,012 - stock_predictor - INFO - Fetching market index data for ^NSEI...
2026-03-06 15:36:12,026 - stock_predictor - WARNING - No data found for market index ^NSEI
2026-03-06 15:36:12,057 - stock_predictor - INFO - Technical indicators added successfully
2026-03-06 15:36:12,058 - stock_predictor - WARNING - Market data provided is empty. Skipping correlation.
2026-03-06 15:36:12,058 - stock_predictor - INFO - Adding simulated external data for INFY...
2026-03-06 15:36:12,098 - stock_predictor - INFO - Cache miss – ran prediction for INFY
2026-03-06 15:36:12,099 - stock_predictor - INFO - Loading resources for HDFCBANK...
2026-03-06 15:36:12,103 - stock_predictor - INFO - Scaler loaded from D:\InvestIQ-main\backend\models\saved_models\scaler_HDFCBANK.pkl
2026-03-06 15:36:12,134 - stock_predictor - INFO - Detected metadata row, dropping row 0
2026-03-06 15:36:12,135 - stock_predictor - INFO - Loaded data from D:\InvestIQ-main\backend\data\stock_data\HDFCBANK.csv with shape (6506, 7)
2026-03-06 15:36:12,135 - stock_predictor - INFO - Fetching live price data for HDFCBANK.BO...
2026-03-06 15:36:12,429 - stock_predictor - INFO - Successfully fetched live data for HDFCBANK.BO date: 2026-03-06 00:00:00
2026-03-06 15:36:12,434 - stock_predictor - INFO - Added live data for 2026-03-06 00:00:00
2026-03-06 15:36:12,449 - stock_predictor - INFO - Data cleaned successfully
2026-03-06 15:36:12,450 - stock_predictor - INFO - Fetching market index data for ^NSEI...
2026-03-06 15:36:12,465 - stock_predictor - WARNING - No data found for market index ^NSEI
2026-03-06 15:36:12,497 - stock_predictor - INFO - Technical indicators added successfully
2026-03-06 15:36:12,498 - stock_predictor - WARNING - Market data provided is empty. Skipping correlation.
2026-03-06 15:36:12,498 - stock_predictor - INFO - Adding simulated external data for HDFCBANK...
2026-03-06 15:36:12,535 - stock_predictor - INFO - Cache miss – ran prediction for HDFCBANK
2026-03-06 15:36:12,535 - stock_predictor - INFO - Loading resources for ICICIBANK...
2026-03-06 15:36:12,536 - stock_predictor - INFO - Scaler loaded from D:\InvestIQ-main\backend\models\saved_models\scaler_ICICIBANK.pkl
2026-03-06 15:36:12,562 - stock_predictor - INFO - Detected metadata row, dropping row 0
2026-03-06 15:36:12,563 - stock_predictor - INFO - Loaded data from D:\InvestIQ-main\backend\data\stock_data\ICICIBANK.csv with shape (5875, 7)
2026-03-06 15:36:12,563 - stock_predictor - INFO - Fetching live price data for ICICIBANK.BO...
2026-03-06 15:36:12,745 - stock_predictor - INFO - Successfully fetched live data for ICICIBANK.BO date: 2026-03-06 00:00:00
2026-03-06 15:36:12,751 - stock_predictor - INFO - Added live data for 2026-03-06 00:00:00
2026-03-06 15:36:12,766 - stock_predictor - INFO - Data cleaned successfully
2026-03-06 15:36:12,766 - stock_predictor - INFO - Fetching market index data for ^NSEI...
2026-03-06 15:36:12,781 - stock_predictor - WARNING - No data found for market index ^NSEI
2026-03-06 15:36:12,810 - stock_predictor - INFO - Technical indicators added successfully
2026-03-06 15:36:12,810 - stock_predictor - WARNING - Market data provided is empty. Skipping correlation.
2026-03-06 15:36:12,810 - stock_predictor - INFO - Adding simulated external data for ICICIBANK...
2026-03-06 15:36:12,841 - stock_predictor - INFO - Cache miss – ran prediction for ICICIBANK
2026-03-06 15:36:17,692 - stock_predictor - INFO - Fetching data for RELIANCE.NS (Period: 1y, Interval: 1d)
2026-03-06 15:36:18,068 - stock_predictor - INFO - Fetching data for TCS.NS (Period: 1y, Interval: 1d)
2026-03-06 15:36:18,239 - stock_predictor - INFO - Fetching data for INFY.NS (Period: 1y, Interval: 1d)
2026-03-06 15:36:18,429 - stock_predictor - INFO - Fetching data for HDFCBANK.NS (Period: 1y, Interval: 1d)
2026-03-06 15:36:18,625 - stock_predictor - INFO - Fetching data for ICICIBANK.NS (Period: 1y, Interval: 1d)
2026-03-06 15:36:18,876 - stock_predictor - INFO - Final Portfolio Allocation: {'RELIANCE': 0.1912, 'TCS': 0.1826, 'INFY': 0.1494, 'HDFCBANK': 0.2521, 'ICICIBANK': 0.2247}
2026-03-06 15:36:36,032 - stock_predictor - INFO - Cache hit for RELIANCE
2026-03-06 15:36:36,032 - stock_predictor - INFO - Cache hit for TCS
2026-03-06 15:36:36,032 - stock_predictor - INFO - Cache hit for INFY
2026-03-06 15:36:36,033 - stock_predictor - INFO - Cache hit for HDFCBANK
2026-03-06 15:36:36,033 - stock_predictor - INFO - Cache hit for ICICIBANK
2026-03-13 09:40:17,503 - stock_predictor - INFO - Fetching data for HDFCBANK.NS (Period: 2y, Interval: 1d)
2026-03-13 09:40:19,375 - stock_predictor - INFO - Starting advanced training pipeline for HDFCBANK.NS...
2026-03-13 09:40:19,379 - stock_predictor - INFO - Loaded data from backend/data/stock_data\HDFCBANK.NS.csv with shape (496, 8)
2026-03-13 09:40:19,387 - stock_predictor - INFO - Data cleaned successfully
2026-03-13 09:40:19,387 - stock_predictor - INFO - Fetching market index data for ^NSEI...
2026-03-13 09:40:20,378 - stock_predictor - WARNING - No data found for market index ^NSEI
2026-03-13 09:40:20,391 - stock_predictor - INFO - Technical indicators added successfully
2026-03-13 09:40:20,391 - stock_predictor - WARNING - Market data provided is empty. Skipping correlation.
2026-03-13 09:40:20,392 - stock_predictor - INFO - Adding simulated external data for HDFCBANK.NS...
2026-03-13 09:40:20,405 - stock_predictor - INFO - Scaled columns: ['Open', 'High', 'Low', 'Close', 'Volume', 'Dividends', 'Stock Splits', 'SMA_20', 'SMA_50', 'RSI', 'BB_High', 'BB_Low', 'VWAP', 'MACD', 'MACD_Signal', 'MACD_Hist', 'ATR', 'Log_Return', 'Volume_Change', 'Rolling_Volatility', 'Market_Correlation', 'Sentiment', 'Macro_Score']
2026-03-13 09:40:31,403 - stock_predictor - INFO - Training on cuda...
2026-03-13 09:40:32,318 - stock_predictor - INFO - Epoch 1/100 - Train Loss: 0.881547 - Val Loss: 0.979505
2026-03-13 09:40:32,319 - stock_predictor - INFO - Validation loss decreased (inf --> 0.979505).  Saving model ...
2026-03-13 09:40:32,530 - stock_predictor - INFO - Epoch 2/100 - Train Loss: 0.836115 - Val Loss: 1.101202
2026-03-13 09:40:32,531 - stock_predictor - INFO - EarlyStopping counter: 1 out of 10
2026-03-13 09:40:32,676 - stock_predictor - INFO - Epoch 3/100 - Train Loss: 0.829149 - Val Loss: 1.024881
2026-03-13 09:40:32,677 - stock_predictor - INFO - EarlyStopping counter: 2 out of 10
2026-03-13 09:40:32,824 - stock_predictor - INFO - Epoch 4/100 - Train Loss: 0.827613 - Val Loss: 1.099398
2026-03-13 09:40:32,824 - stock_predictor - INFO - EarlyStopping counter: 3 out of 10
2026-03-13 09:40:32,971 - stock_predictor - INFO - Epoch 5/100 - Train Loss: 0.810198 - Val Loss: 1.193157
2026-03-13 09:40:32,971 - stock_predictor - INFO - EarlyStopping counter: 4 out of 10
2026-03-13 09:40:33,110 - stock_predictor - INFO - Epoch 6/100 - Train Loss: 0.799842 - Val Loss: 1.195737
2026-03-13 09:40:33,111 - stock_predictor - INFO - EarlyStopping counter: 5 out of 10
2026-03-13 09:40:33,249 - stock_predictor - INFO - Epoch 7/100 - Train Loss: 0.805984 - Val Loss: 1.201355
2026-03-13 09:40:33,249 - stock_predictor - INFO - EarlyStopping counter: 6 out of 10
2026-03-13 09:40:33,397 - stock_predictor - INFO - Epoch 8/100 - Train Loss: 0.785987 - Val Loss: 1.317482
2026-03-13 09:40:33,397 - stock_predictor - INFO - EarlyStopping counter: 7 out of 10
2026-03-13 09:40:33,581 - stock_predictor - INFO - Epoch 9/100 - Train Loss: 0.775489 - Val Loss: 1.380429
2026-03-13 09:40:33,582 - stock_predictor - INFO - EarlyStopping counter: 8 out of 10
2026-03-13 09:40:33,763 - stock_predictor - INFO - Epoch 10/100 - Train Loss: 0.777616 - Val Loss: 1.392060
2026-03-13 09:40:33,764 - stock_predictor - INFO - EarlyStopping counter: 9 out of 10
2026-03-13 09:40:33,932 - stock_predictor - INFO - Epoch 11/100 - Train Loss: 0.763448 - Val Loss: 1.431035
2026-03-13 09:40:33,933 - stock_predictor - INFO - EarlyStopping counter: 10 out of 10
2026-03-13 09:40:33,933 - stock_predictor - INFO - Early stopping triggered.
2026-03-13 09:40:33,938 - stock_predictor - INFO - Scaler saved to D:\InvestIQ-main\backend\models\saved_models\scaler_HDFCBANK.NS.pkl
2026-03-13 09:40:33,938 - stock_predictor - INFO - Training completed for HDFCBANK.NS.
2026-03-13 09:40:33,940 - stock_predictor - INFO - Fetching data for RELIANCE.NS (Period: 2y, Interval: 1d)
2026-03-13 09:40:34,483 - stock_predictor - INFO - Starting advanced training pipeline for RELIANCE.NS...
2026-03-13 09:40:34,486 - stock_predictor - INFO - Loaded data from backend/data/stock_data\RELIANCE.NS.csv with shape (496, 8)
2026-03-13 09:40:34,493 - stock_predictor - INFO - Data cleaned successfully
2026-03-13 09:40:34,493 - stock_predictor - INFO - Fetching market index data for ^NSEI...
2026-03-13 09:40:34,509 - stock_predictor - WARNING - No data found for market index ^NSEI
2026-03-13 09:40:34,522 - stock_predictor - INFO - Technical indicators added successfully
2026-03-13 09:40:34,522 - stock_predictor - WARNING - Market data provided is empty. Skipping correlation.
2026-03-13 09:40:34,523 - stock_predictor - INFO - Adding simulated external data for RELIANCE.NS...
2026-03-13 09:40:34,531 - stock_predictor - INFO - Scaled columns: ['Open', 'High', 'Low', 'Close', 'Volume', 'Dividends', 'Stock Splits', 'SMA_20', 'SMA_50', 'RSI', 'BB_High', 'BB_Low', 'VWAP', 'MACD', 'MACD_Signal', 'MACD_Hist', 'ATR', 'Log_Return', 'Volume_Change', 'Rolling_Volatility', 'Market_Correlation', 'Sentiment', 'Macro_Score']
2026-03-13 09:40:34,549 - stock_predictor - INFO - Training on cuda...
2026-03-13 09:40:34,680 - stock_predictor - INFO - Epoch 1/100 - Train Loss: 0.913709 - Val Loss: 1.146157
2026-03-13 09:40:34,680 - stock_predictor - INFO - Validation loss decreased (inf --> 1.146157).  Saving model ...
2026-03-13 09:40:34,821 - stock_predictor - INFO - Epoch 2/100 - Train Loss: 0.868397 - Val Loss: 1.157740
2026-03-13 09:40:34,822 - stock_predictor - INFO - EarlyStopping counter: 1 out of 10
2026-03-13 09:40:34,955 - stock_predictor - INFO - Epoch 3/100 - Train Loss: 0.866375 - Val Loss: 1.157083
2026-03-13 09:40:34,955 - stock_predictor - INFO - EarlyStopping counter: 2 out of 10
2026-03-13 09:40:35,088 - stock_predictor - INFO - Epoch 4/100 - Train Loss: 0.865697 - Val Loss: 1.146391
2026-03-13 09:40:35,088 - stock_predictor - INFO - EarlyStopping counter: 3 out of 10
2026-03-13 09:40:35,227 - stock_predictor - INFO - Epoch 5/100 - Train Loss: 0.853483 - Val Loss: 1.153845
2026-03-13 09:40:35,227 - stock_predictor - INFO - EarlyStopping counter: 4 out of 10
2026-03-13 09:40:35,379 - stock_predictor - INFO - Epoch 6/100 - Train Loss: 0.843437 - Val Loss: 1.145913
2026-03-13 09:40:35,380 - stock_predictor - INFO - Validation loss decreased (1.146157 --> 1.145913).  Saving model ...
2026-03-13 09:40:35,539 - stock_predictor - INFO - Epoch 7/100 - Train Loss: 0.831304 - Val Loss: 1.156974
2026-03-13 09:40:35,539 - stock_predictor - INFO - EarlyStopping counter: 1 out of 10
2026-03-13 09:40:35,697 - stock_predictor - INFO - Epoch 8/100 - Train Loss: 0.832640 - Val Loss: 1.160185
2026-03-13 09:40:35,697 - stock_predictor - INFO - EarlyStopping counter: 2 out of 10
2026-03-13 09:40:35,862 - stock_predictor - INFO - Epoch 9/100 - Train Loss: 0.823354 - Val Loss: 1.157272
2026-03-13 09:40:35,862 - stock_predictor - INFO - EarlyStopping counter: 3 out of 10
2026-03-13 09:40:36,015 - stock_predictor - INFO - Epoch 10/100 - Train Loss: 0.804695 - Val Loss: 1.173297
2026-03-13 09:40:36,016 - stock_predictor - INFO - EarlyStopping counter: 4 out of 10
2026-03-13 09:40:36,174 - stock_predictor - INFO - Epoch 11/100 - Train Loss: 0.793183 - Val Loss: 1.160811
2026-03-13 09:40:36,175 - stock_predictor - INFO - EarlyStopping counter: 5 out of 10
2026-03-13 09:40:36,327 - stock_predictor - INFO - Epoch 12/100 - Train Loss: 0.785740 - Val Loss: 1.162827
2026-03-13 09:40:36,327 - stock_predictor - INFO - EarlyStopping counter: 6 out of 10
2026-03-13 09:40:36,484 - stock_predictor - INFO - Epoch 13/100 - Train Loss: 0.783971 - Val Loss: 1.173431
2026-03-13 09:40:36,484 - stock_predictor - INFO - EarlyStopping counter: 7 out of 10
2026-03-13 09:40:36,638 - stock_predictor - INFO - Epoch 14/100 - Train Loss: 0.782083 - Val Loss: 1.162772
2026-03-13 09:40:36,639 - stock_predictor - INFO - EarlyStopping counter: 8 out of 10
2026-03-13 09:40:36,794 - stock_predictor - INFO - Epoch 15/100 - Train Loss: 0.770665 - Val Loss: 1.166939
2026-03-13 09:40:36,795 - stock_predictor - INFO - EarlyStopping counter: 9 out of 10
2026-03-13 09:40:36,944 - stock_predictor - INFO - Epoch 16/100 - Train Loss: 0.760372 - Val Loss: 1.169620
2026-03-13 09:40:36,945 - stock_predictor - INFO - EarlyStopping counter: 10 out of 10
2026-03-13 09:40:36,945 - stock_predictor - INFO - Early stopping triggered.
2026-03-13 09:40:36,947 - stock_predictor - INFO - Scaler saved to D:\InvestIQ-main\backend\models\saved_models\scaler_RELIANCE.NS.pkl
2026-03-13 09:40:36,948 - stock_predictor - INFO - Training completed for RELIANCE.NS.
2026-03-13 09:40:36,950 - stock_predictor - INFO - Fetching data for TCS.NS (Period: 2y, Interval: 1d)
2026-03-13 09:40:37,500 - stock_predictor - INFO - Starting advanced training pipeline for TCS.NS...
2026-03-13 09:40:37,505 - stock_predictor - INFO - Loaded data from backend/data/stock_data\TCS.NS.csv with shape (496, 8)
2026-03-13 09:40:37,511 - stock_predictor - INFO - Data cleaned successfully
2026-03-13 09:40:37,512 - stock_predictor - INFO - Fetching market index data for ^NSEI...
2026-03-13 09:40:37,530 - stock_predictor - WARNING - No data found for market index ^NSEI
2026-03-13 09:40:37,550 - stock_predictor - INFO - Technical indicators added successfully
2026-03-13 09:40:37,551 - stock_predictor - WARNING - Market data provided is empty. Skipping correlation.
2026-03-13 09:40:37,553 - stock_predictor - INFO - Adding simulated external data for TCS.NS...
2026-03-13 09:40:37,568 - stock_predictor - INFO - Scaled columns: ['Open', 'High', 'Low', 'Close', 'Volume', 'Dividends', 'Stock Splits', 'SMA_20', 'SMA_50', 'RSI', 'BB_High', 'BB_Low', 'VWAP', 'MACD', 'MACD_Signal', 'MACD_Hist', 'ATR', 'Log_Return', 'Volume_Change', 'Rolling_Volatility', 'Market_Correlation', 'Sentiment', 'Macro_Score']
2026-03-13 09:40:37,592 - stock_predictor - INFO - Training on cuda...
2026-03-13 09:40:37,748 - stock_predictor - INFO - Epoch 1/100 - Train Loss: 0.955598 - Val Loss: 1.235505
2026-03-13 09:40:37,749 - stock_predictor - INFO - Validation loss decreased (inf --> 1.235505).  Saving model ...
2026-03-13 09:40:37,958 - stock_predictor - INFO - Epoch 2/100 - Train Loss: 0.934207 - Val Loss: 1.206923
2026-03-13 09:40:37,959 - stock_predictor - INFO - Validation loss decreased (1.235505 --> 1.206923).  Saving model ...
2026-03-13 09:40:38,111 - stock_predictor - INFO - Epoch 3/100 - Train Loss: 0.912250 - Val Loss: 1.242161
2026-03-13 09:40:38,111 - stock_predictor - INFO - EarlyStopping counter: 1 out of 10
2026-03-13 09:40:38,251 - stock_predictor - INFO - Epoch 4/100 - Train Loss: 0.905799 - Val Loss: 1.310514
2026-03-13 09:40:38,252 - stock_predictor - INFO - EarlyStopping counter: 2 out of 10
2026-03-13 09:40:38,397 - stock_predictor - INFO - Epoch 5/100 - Train Loss: 0.890297 - Val Loss: 1.406602
2026-03-13 09:40:38,397 - stock_predictor - INFO - EarlyStopping counter: 3 out of 10
2026-03-13 09:40:38,551 - stock_predictor - INFO - Epoch 6/100 - Train Loss: 0.892050 - Val Loss: 1.428147
2026-03-13 09:40:38,552 - stock_predictor - INFO - EarlyStopping counter: 4 out of 10
2026-03-13 09:40:38,715 - stock_predictor - INFO - Epoch 7/100 - Train Loss: 0.891653 - Val Loss: 1.386036
2026-03-13 09:40:38,717 - stock_predictor - INFO - EarlyStopping counter: 5 out of 10
2026-03-13 09:40:38,888 - stock_predictor - INFO - Epoch 8/100 - Train Loss: 0.857399 - Val Loss: 1.430096
2026-03-13 09:40:38,888 - stock_predictor - INFO - EarlyStopping counter: 6 out of 10
2026-03-13 09:40:39,064 - stock_predictor - INFO - Epoch 9/100 - Train Loss: 0.863580 - Val Loss: 1.437482
2026-03-13 09:40:39,064 - stock_predictor - INFO - EarlyStopping counter: 7 out of 10
2026-03-13 09:40:39,241 - stock_predictor - INFO - Epoch 10/100 - Train Loss: 0.852528 - Val Loss: 1.413505
2026-03-13 09:40:39,242 - stock_predictor - INFO - EarlyStopping counter: 8 out of 10
2026-03-13 09:40:39,415 - stock_predictor - INFO - Epoch 11/100 - Train Loss: 0.830579 - Val Loss: 1.418337
2026-03-13 09:40:39,416 - stock_predictor - INFO - EarlyStopping counter: 9 out of 10
2026-03-13 09:40:39,586 - stock_predictor - INFO - Epoch 12/100 - Train Loss: 0.821126 - Val Loss: 1.435936
2026-03-13 09:40:39,587 - stock_predictor - INFO - EarlyStopping counter: 10 out of 10
2026-03-13 09:40:39,587 - stock_predictor - INFO - Early stopping triggered.
2026-03-13 09:40:39,588 - stock_predictor - INFO - Scaler saved to D:\InvestIQ-main\backend\models\saved_models\scaler_TCS.NS.pkl
2026-03-13 09:40:39,589 - stock_predictor - INFO - Training completed for TCS.NS.
2026-03-13 09:40:39,590 - stock_predictor - INFO - Fetching data for INFY.NS (Period: 2y, Interval: 1d)
2026-03-13 09:40:39,919 - stock_predictor - INFO - Starting advanced training pipeline for INFY.NS...
2026-03-13 09:40:39,921 - stock_predictor - INFO - Loaded data from backend/data/stock_data\INFY.NS.csv with shape (496, 8)
2026-03-13 09:40:39,930 - stock_predictor - INFO - Data cleaned successfully
2026-03-13 09:40:39,930 - stock_predictor - INFO - Fetching market index data for ^NSEI...
2026-03-13 09:40:39,947 - stock_predictor - WARNING - No data found for market index ^NSEI
2026-03-13 09:40:39,960 - stock_predictor - INFO - Technical indicators added successfully
2026-03-13 09:40:39,961 - stock_predictor - WARNING - Market data provided is empty. Skipping correlation.
2026-03-13 09:40:39,962 - stock_predictor - INFO - Adding simulated external data for INFY.NS...
2026-03-13 09:40:39,970 - stock_predictor - INFO - Scaled columns: ['Open', 'High', 'Low', 'Close', 'Volume', 'Dividends', 'Stock Splits', 'SMA_20', 'SMA_50', 'RSI', 'BB_High', 'BB_Low', 'VWAP', 'MACD', 'MACD_Signal', 'MACD_Hist', 'ATR', 'Log_Return', 'Volume_Change', 'Rolling_Volatility', 'Market_Correlation', 'Sentiment', 'Macro_Score']
2026-03-13 09:40:39,986 - stock_predictor - INFO - Training on cuda...
2026-03-13 09:40:40,130 - stock_predictor - INFO - Epoch 1/100 - Train Loss: 1.108085 - Val Loss: 0.866105
2026-03-13 09:40:40,131 - stock_predictor - INFO - Validation loss decreased (inf --> 0.866105).  Saving model ...
2026-03-13 09:40:40,277 - stock_predictor - INFO - Epoch 2/100 - Train Loss: 1.078420 - Val Loss: 0.871435
2026-03-13 09:40:40,278 - stock_predictor - INFO - EarlyStopping counter: 1 out of 10
2026-03-13 09:40:40,421 - stock_predictor - INFO - Epoch 3/100 - Train Loss: 1.049235 - Val Loss: 0.850810
2026-03-13 09:40:40,422 - stock_predictor - INFO - Validation loss decreased (0.866105 --> 0.850810).  Saving model ...
2026-03-13 09:40:40,578 - stock_predictor - INFO - Epoch 4/100 - Train Loss: 1.053195 - Val Loss: 0.849388
2026-03-13 09:40:40,578 - stock_predictor - INFO - Validation loss decreased (0.850810 --> 0.849388).  Saving model ...
2026-03-13 09:40:40,725 - stock_predictor - INFO - Epoch 5/100 - Train Loss: 1.055462 - Val Loss: 0.884206
2026-03-13 09:40:40,726 - stock_predictor - INFO - EarlyStopping counter: 1 out of 10
2026-03-13 09:40:40,872 - stock_predictor - INFO - Epoch 6/100 - Train Loss: 1.034549 - Val Loss: 0.871495
2026-03-13 09:40:40,873 - stock_predictor - INFO - EarlyStopping counter: 2 out of 10
2026-03-13 09:40:41,019 - stock_predictor - INFO - Epoch 7/100 - Train Loss: 1.031148 - Val Loss: 0.927067
2026-03-13 09:40:41,019 - stock_predictor - INFO - EarlyStopping counter: 3 out of 10
2026-03-13 09:40:41,169 - stock_predictor - INFO - Epoch 8/100 - Train Loss: 1.025192 - Val Loss: 0.925874
2026-03-13 09:40:41,169 - stock_predictor - INFO - EarlyStopping counter: 4 out of 10
2026-03-13 09:40:41,327 - stock_predictor - INFO - Epoch 9/100 - Train Loss: 1.012156 - Val Loss: 0.968636
2026-03-13 09:40:41,328 - stock_predictor - INFO - EarlyStopping counter: 5 out of 10
2026-03-13 09:40:41,488 - stock_predictor - INFO - Epoch 10/100 - Train Loss: 0.989577 - Val Loss: 0.971535
2026-03-13 09:40:41,489 - stock_predictor - INFO - EarlyStopping counter: 6 out of 10
2026-03-13 09:40:41,653 - stock_predictor - INFO - Epoch 11/100 - Train Loss: 0.981313 - Val Loss: 0.999410
2026-03-13 09:40:41,654 - stock_predictor - INFO - EarlyStopping counter: 7 out of 10
2026-03-13 09:40:41,820 - stock_predictor - INFO - Epoch 12/100 - Train Loss: 0.968136 - Val Loss: 1.005232
2026-03-13 09:40:41,820 - stock_predictor - INFO - EarlyStopping counter: 8 out of 10
2026-03-13 09:40:41,984 - stock_predictor - INFO - Epoch 13/100 - Train Loss: 0.970049 - Val Loss: 1.018205
2026-03-13 09:40:41,985 - stock_predictor - INFO - EarlyStopping counter: 9 out of 10
2026-03-13 09:40:42,147 - stock_predictor - INFO - Epoch 14/100 - Train Loss: 0.966671 - Val Loss: 1.022902
2026-03-13 09:40:42,148 - stock_predictor - INFO - EarlyStopping counter: 10 out of 10
2026-03-13 09:40:42,148 - stock_predictor - INFO - Early stopping triggered.
2026-03-13 09:40:42,150 - stock_predictor - INFO - Scaler saved to D:\InvestIQ-main\backend\models\saved_models\scaler_INFY.NS.pkl
2026-03-13 09:40:42,151 - stock_predictor - INFO - Training completed for INFY.NS.
2026-03-13 09:40:42,152 - stock_predictor - INFO - Fetching data for ICICIBANK.NS (Period: 2y, Interval: 1d)
2026-03-13 09:40:42,793 - stock_predictor - INFO - Starting advanced training pipeline for ICICIBANK.NS...
2026-03-13 09:40:42,797 - stock_predictor - INFO - Loaded data from backend/data/stock_data\ICICIBANK.NS.csv with shape (496, 8)
2026-03-13 09:40:42,812 - stock_predictor - INFO - Data cleaned successfully
2026-03-13 09:40:42,812 - stock_predictor - INFO - Fetching market index data for ^NSEI...
2026-03-13 09:40:42,829 - stock_predictor - WARNING - No data found for market index ^NSEI
2026-03-13 09:40:42,841 - stock_predictor - INFO - Technical indicators added successfully
2026-03-13 09:40:42,842 - stock_predictor - WARNING - Market data provided is empty. Skipping correlation.
2026-03-13 09:40:42,843 - stock_predictor - INFO - Adding simulated external data for ICICIBANK.NS...
2026-03-13 09:40:42,861 - stock_predictor - INFO - Scaled columns: ['Open', 'High', 'Low', 'Close', 'Volume', 'Dividends', 'Stock Splits', 'SMA_20', 'SMA_50', 'RSI', 'BB_High', 'BB_Low', 'VWAP', 'MACD', 'MACD_Signal', 'MACD_Hist', 'ATR', 'Log_Return', 'Volume_Change', 'Rolling_Volatility', 'Market_Correlation', 'Sentiment', 'Macro_Score']
2026-03-13 09:40:42,884 - stock_predictor - INFO - Training on cuda...
2026-03-13 09:40:43,080 - stock_predictor - INFO - Epoch 1/100 - Train Loss: 0.844749 - Val Loss: 1.497968
2026-03-13 09:40:43,080 - stock_predictor - INFO - Validation loss decreased (inf --> 1.497968).  Saving model ...
2026-03-13 09:40:43,234 - stock_predictor - INFO - Epoch 2/100 - Train Loss: 0.803570 - Val Loss: 1.417069
2026-03-13 09:40:43,235 - stock_predictor - INFO - Validation loss decreased (1.497968 --> 1.417069).  Saving model ...
2026-03-13 09:40:43,374 - stock_predictor - INFO - Epoch 3/100 - Train Loss: 0.799761 - Val Loss: 1.452855
2026-03-13 09:40:43,374 - stock_predictor - INFO - EarlyStopping counter: 1 out of 10
2026-03-13 09:40:43,506 - stock_predictor - INFO - Epoch 4/100 - Train Loss: 0.791970 - Val Loss: 1.402738
2026-03-13 09:40:43,507 - stock_predictor - INFO - Validation loss decreased (1.417069 --> 1.402738).  Saving model ...
2026-03-13 09:40:43,654 - stock_predictor - INFO - Epoch 5/100 - Train Loss: 0.773163 - Val Loss: 1.450949
2026-03-13 09:40:43,654 - stock_predictor - INFO - EarlyStopping counter: 1 out of 10
2026-03-13 09:40:43,796 - stock_predictor - INFO - Epoch 6/100 - Train Loss: 0.776494 - Val Loss: 1.474357
2026-03-13 09:40:43,796 - stock_predictor - INFO - EarlyStopping counter: 2 out of 10
2026-03-13 09:40:43,959 - stock_predictor - INFO - Epoch 7/100 - Train Loss: 0.771456 - Val Loss: 1.421785
2026-03-13 09:40:43,960 - stock_predictor - INFO - EarlyStopping counter: 3 out of 10
2026-03-13 09:40:44,122 - stock_predictor - INFO - Epoch 8/100 - Train Loss: 0.763606 - Val Loss: 1.437236
2026-03-13 09:40:44,123 - stock_predictor - INFO - EarlyStopping counter: 4 out of 10
2026-03-13 09:40:44,294 - stock_predictor - INFO - Epoch 9/100 - Train Loss: 0.734040 - Val Loss: 1.444646
2026-03-13 09:40:44,295 - stock_predictor - INFO - EarlyStopping counter: 5 out of 10
2026-03-13 09:40:44,471 - stock_predictor - INFO - Epoch 10/100 - Train Loss: 0.727089 - Val Loss: 1.442484
2026-03-13 09:40:44,471 - stock_predictor - INFO - EarlyStopping counter: 6 out of 10
2026-03-13 09:40:44,642 - stock_predictor - INFO - Epoch 11/100 - Train Loss: 0.729337 - Val Loss: 1.409812
2026-03-13 09:40:44,643 - stock_predictor - INFO - EarlyStopping counter: 7 out of 10
2026-03-13 09:40:44,815 - stock_predictor - INFO - Epoch 12/100 - Train Loss: 0.723193 - Val Loss: 1.420473
2026-03-13 09:40:44,816 - stock_predictor - INFO - EarlyStopping counter: 8 out of 10
2026-03-13 09:40:44,987 - stock_predictor - INFO - Epoch 13/100 - Train Loss: 0.714580 - Val Loss: 1.421645
2026-03-13 09:40:44,987 - stock_predictor - INFO - EarlyStopping counter: 9 out of 10
2026-03-13 09:40:45,155 - stock_predictor - INFO - Epoch 14/100 - Train Loss: 0.716156 - Val Loss: 1.420966
2026-03-13 09:40:45,155 - stock_predictor - INFO - EarlyStopping counter: 10 out of 10
2026-03-13 09:40:45,155 - stock_predictor - INFO - Early stopping triggered.
2026-03-13 09:40:45,157 - stock_predictor - INFO - Scaler saved to D:\InvestIQ-main\backend\models\saved_models\scaler_ICICIBANK.NS.pkl
2026-03-13 09:40:45,157 - stock_predictor - INFO - Training completed for ICICIBANK.NS.
2026-03-13 09:41:13,188 - stock_predictor - INFO - Fetching data for HDFCBANK.NS (Period: 2y, Interval: 1d)
2026-03-13 09:41:14,801 - stock_predictor - INFO - Starting advanced training pipeline for HDFCBANK.NS...
2026-03-13 09:41:14,806 - stock_predictor - INFO - Loaded data from backend/data/stock_data\HDFCBANK.NS.csv with shape (496, 8)
2026-03-13 09:41:14,819 - stock_predictor - INFO - Data cleaned successfully
2026-03-13 09:41:14,819 - stock_predictor - INFO - Fetching market index data for ^NSEI...
2026-03-13 09:41:15,769 - stock_predictor - WARNING - No data found for market index ^NSEI
2026-03-13 09:41:15,784 - stock_predictor - INFO - Technical indicators added successfully
2026-03-13 09:41:15,784 - stock_predictor - WARNING - Market data provided is empty. Skipping correlation.
2026-03-13 09:41:15,785 - stock_predictor - INFO - Adding simulated external data for HDFCBANK.NS...
2026-03-13 09:41:15,796 - stock_predictor - INFO - Scaled columns: ['Open', 'High', 'Low', 'Close', 'Volume', 'Dividends', 'Stock Splits', 'SMA_20', 'SMA_50', 'RSI', 'BB_High', 'BB_Low', 'VWAP', 'MACD', 'MACD_Signal', 'MACD_Hist', 'ATR', 'Log_Return', 'Volume_Change', 'Rolling_Volatility', 'Market_Correlation', 'Sentiment', 'Macro_Score']
2026-03-13 09:41:18,469 - stock_predictor - INFO - Training on cuda...
2026-03-13 09:41:19,029 - stock_predictor - INFO - Epoch 1/100 - Train Loss: 0.863853 - Val Loss: 1.113450
2026-03-13 09:41:19,030 - stock_predictor - INFO - Validation loss decreased (inf --> 1.113450).  Saving model ...
2026-03-13 09:41:19,201 - stock_predictor - INFO - Epoch 2/100 - Train Loss: 0.838184 - Val Loss: 1.022339
2026-03-13 09:41:19,201 - stock_predictor - INFO - Validation loss decreased (1.113450 --> 1.022339).  Saving model ...
2026-03-13 09:41:19,389 - stock_predictor - INFO - Epoch 3/100 - Train Loss: 0.831557 - Val Loss: 1.055355
2026-03-13 09:41:19,389 - stock_predictor - INFO - EarlyStopping counter: 1 out of 10
2026-03-13 09:41:19,537 - stock_predictor - INFO - Epoch 4/100 - Train Loss: 0.828080 - Val Loss: 1.016086
2026-03-13 09:41:19,538 - stock_predictor - INFO - Validation loss decreased (1.022339 --> 1.016086).  Saving model ...
2026-03-13 09:41:19,695 - stock_predictor - INFO - Epoch 5/100 - Train Loss: 0.824978 - Val Loss: 1.013305
2026-03-13 09:41:19,695 - stock_predictor - INFO - Validation loss decreased (1.016086 --> 1.013305).  Saving model ...
2026-03-13 09:41:19,849 - stock_predictor - INFO - Epoch 6/100 - Train Loss: 0.815803 - Val Loss: 1.078449
2026-03-13 09:41:19,849 - stock_predictor - INFO - EarlyStopping counter: 1 out of 10
2026-03-13 09:41:19,995 - stock_predictor - INFO - Epoch 7/100 - Train Loss: 0.813826 - Val Loss: 1.130458
2026-03-13 09:41:19,995 - stock_predictor - INFO - EarlyStopping counter: 2 out of 10
2026-03-13 09:41:20,128 - stock_predictor - INFO - Epoch 8/100 - Train Loss: 0.798592 - Val Loss: 1.159392
2026-03-13 09:41:20,128 - stock_predictor - INFO - EarlyStopping counter: 3 out of 10
2026-03-13 09:41:20,268 - stock_predictor - INFO - Epoch 9/100 - Train Loss: 0.792081 - Val Loss: 1.268294
2026-03-13 09:41:20,268 - stock_predictor - INFO - EarlyStopping counter: 4 out of 10
2026-03-13 09:41:20,413 - stock_predictor - INFO - Epoch 10/100 - Train Loss: 0.787530 - Val Loss: 1.172649
2026-03-13 09:41:20,413 - stock_predictor - INFO - EarlyStopping counter: 5 out of 10
2026-03-13 09:41:20,563 - stock_predictor - INFO - Epoch 11/100 - Train Loss: 0.784679 - Val Loss: 1.149109
2026-03-13 09:41:20,563 - stock_predictor - INFO - EarlyStopping counter: 6 out of 10
2026-03-13 09:41:20,717 - stock_predictor - INFO - Epoch 12/100 - Train Loss: 0.782513 - Val Loss: 1.190657
2026-03-13 09:41:20,718 - stock_predictor - INFO - EarlyStopping counter: 7 out of 10
2026-03-13 09:41:20,876 - stock_predictor - INFO - Epoch 13/100 - Train Loss: 0.777931 - Val Loss: 1.209999
2026-03-13 09:41:20,876 - stock_predictor - INFO - EarlyStopping counter: 8 out of 10
2026-03-13 09:41:21,047 - stock_predictor - INFO - Epoch 14/100 - Train Loss: 0.753113 - Val Loss: 1.235953
2026-03-13 09:41:21,047 - stock_predictor - INFO - EarlyStopping counter: 9 out of 10
2026-03-13 09:41:21,268 - stock_predictor - INFO - Epoch 15/100 - Train Loss: 0.746153 - Val Loss: 1.292532
2026-03-13 09:41:21,268 - stock_predictor - INFO - EarlyStopping counter: 10 out of 10
2026-03-13 09:41:21,268 - stock_predictor - INFO - Early stopping triggered.
2026-03-13 09:41:21,271 - stock_predictor - INFO - Scaler saved to D:\InvestIQ-main\backend\models\saved_models\scaler_HDFCBANK.NS.pkl
2026-03-13 09:41:21,271 - stock_predictor - INFO - Training completed for HDFCBANK.NS.
2026-03-13 09:41:21,273 - stock_predictor - INFO - Fetching data for RELIANCE.NS (Period: 2y, Interval: 1d)
2026-03-13 09:41:21,823 - stock_predictor - INFO - Starting advanced training pipeline for RELIANCE.NS...
2026-03-13 09:41:21,827 - stock_predictor - INFO - Loaded data from backend/data/stock_data\RELIANCE.NS.csv with shape (496, 8)
2026-03-13 09:41:21,835 - stock_predictor - INFO - Data cleaned successfully
2026-03-13 09:41:21,835 - stock_predictor - INFO - Fetching market index data for ^NSEI...
2026-03-13 09:41:21,853 - stock_predictor - WARNING - No data found for market index ^NSEI
2026-03-13 09:41:21,868 - stock_predictor - INFO - Technical indicators added successfully
2026-03-13 09:41:21,869 - stock_predictor - WARNING - Market data provided is empty. Skipping correlation.
2026-03-13 09:41:21,869 - stock_predictor - INFO - Adding simulated external data for RELIANCE.NS...
2026-03-13 09:41:21,882 - stock_predictor - INFO - Scaled columns: ['Open', 'High', 'Low', 'Close', 'Volume', 'Dividends', 'Stock Splits', 'SMA_20', 'SMA_50', 'RSI', 'BB_High', 'BB_Low', 'VWAP', 'MACD', 'MACD_Signal', 'MACD_Hist', 'ATR', 'Log_Return', 'Volume_Change', 'Rolling_Volatility', 'Market_Correlation', 'Sentiment', 'Macro_Score']
2026-03-13 09:41:21,901 - stock_predictor - INFO - Training on cuda...
2026-03-13 09:41:22,046 - stock_predictor - INFO - Epoch 1/100 - Train Loss: 0.898792 - Val Loss: 1.149539
2026-03-13 09:41:22,046 - stock_predictor - INFO - Validation loss decreased (inf --> 1.149539).  Saving model ...
2026-03-13 09:41:22,191 - stock_predictor - INFO - Epoch 2/100 - Train Loss: 0.878561 - Val Loss: 1.148433
2026-03-13 09:41:22,191 - stock_predictor - INFO - Validation loss decreased (1.149539 --> 1.148433).  Saving model ...
2026-03-13 09:41:22,330 - stock_predictor - INFO - Epoch 3/100 - Train Loss: 0.865329 - Val Loss: 1.144212
2026-03-13 09:41:22,330 - stock_predictor - INFO - Validation loss decreased (1.148433 --> 1.144212).  Saving model ...
2026-03-13 09:41:22,475 - stock_predictor - INFO - Epoch 4/100 - Train Loss: 0.850596 - Val Loss: 1.138510
2026-03-13 09:41:22,476 - stock_predictor - INFO - Validation loss decreased (1.144212 --> 1.138510).  Saving model ...
2026-03-13 09:41:22,623 - stock_predictor - INFO - Epoch 5/100 - Train Loss: 0.846641 - Val Loss: 1.146634
2026-03-13 09:41:22,624 - stock_predictor - INFO - EarlyStopping counter: 1 out of 10
2026-03-13 09:41:22,771 - stock_predictor - INFO - Epoch 6/100 - Train Loss: 0.831042 - Val Loss: 1.149736
2026-03-13 09:41:22,772 - stock_predictor - INFO - EarlyStopping counter: 2 out of 10
2026-03-13 09:41:22,933 - stock_predictor - INFO - Epoch 7/100 - Train Loss: 0.818083 - Val Loss: 1.138907
2026-03-13 09:41:22,933 - stock_predictor - INFO - EarlyStopping counter: 3 out of 10
2026-03-13 09:41:23,092 - stock_predictor - INFO - Epoch 8/100 - Train Loss: 0.805467 - Val Loss: 1.170203
2026-03-13 09:41:23,092 - stock_predictor - INFO - EarlyStopping counter: 4 out of 10
2026-03-13 09:41:23,258 - stock_predictor - INFO - Epoch 9/100 - Train Loss: 0.786811 - Val Loss: 1.167089
2026-03-13 09:41:23,258 - stock_predictor - INFO - EarlyStopping counter: 5 out of 10
2026-03-13 09:41:23,438 - stock_predictor - INFO - Epoch 10/100 - Train Loss: 0.775739 - Val Loss: 1.146758
2026-03-13 09:41:23,438 - stock_predictor - INFO - EarlyStopping counter: 6 out of 10
2026-03-13 09:41:23,600 - stock_predictor - INFO - Epoch 11/100 - Train Loss: 0.767649 - Val Loss: 1.151628
2026-03-13 09:41:23,600 - stock_predictor - INFO - EarlyStopping counter: 7 out of 10
2026-03-13 09:41:23,765 - stock_predictor - INFO - Epoch 12/100 - Train Loss: 0.754809 - Val Loss: 1.172913
2026-03-13 09:41:23,765 - stock_predictor - INFO - EarlyStopping counter: 8 out of 10
2026-03-13 09:41:23,924 - stock_predictor - INFO - Epoch 13/100 - Train Loss: 0.737342 - Val Loss: 1.161000
2026-03-13 09:41:23,924 - stock_predictor - INFO - EarlyStopping counter: 9 out of 10
2026-03-13 09:41:24,085 - stock_predictor - INFO - Epoch 14/100 - Train Loss: 0.736795 - Val Loss: 1.182429
2026-03-13 09:41:24,085 - stock_predictor - INFO - EarlyStopping counter: 10 out of 10
2026-03-13 09:41:24,085 - stock_predictor - INFO - Early stopping triggered.
2026-03-13 09:41:24,087 - stock_predictor - INFO - Scaler saved to D:\InvestIQ-main\backend\models\saved_models\scaler_RELIANCE.NS.pkl
2026-03-13 09:41:24,088 - stock_predictor - INFO - Training completed for RELIANCE.NS.
2026-03-13 09:41:24,089 - stock_predictor - INFO - Fetching data for TCS.NS (Period: 2y, Interval: 1d)
2026-03-13 09:41:24,431 - stock_predictor - INFO - Starting advanced training pipeline for TCS.NS...
2026-03-13 09:41:24,435 - stock_predictor - INFO - Loaded data from backend/data/stock_data\TCS.NS.csv with shape (496, 8)
2026-03-13 09:41:24,441 - stock_predictor - INFO - Data cleaned successfully
2026-03-13 09:41:24,442 - stock_predictor - INFO - Fetching market index data for ^NSEI...
2026-03-13 09:41:24,458 - stock_predictor - WARNING - No data found for market index ^NSEI
2026-03-13 09:41:24,469 - stock_predictor - INFO - Technical indicators added successfully
2026-03-13 09:41:24,469 - stock_predictor - WARNING - Market data provided is empty. Skipping correlation.
2026-03-13 09:41:24,470 - stock_predictor - INFO - Adding simulated external data for TCS.NS...
2026-03-13 09:41:24,482 - stock_predictor - INFO - Scaled columns: ['Open', 'High', 'Low', 'Close', 'Volume', 'Dividends', 'Stock Splits', 'SMA_20', 'SMA_50', 'RSI', 'BB_High', 'BB_Low', 'VWAP', 'MACD', 'MACD_Signal', 'MACD_Hist', 'ATR', 'Log_Return', 'Volume_Change', 'Rolling_Volatility', 'Market_Correlation', 'Sentiment', 'Macro_Score']
2026-03-13 09:41:24,501 - stock_predictor - INFO - Training on cuda...
2026-03-13 09:41:24,641 - stock_predictor - INFO - Epoch 1/100 - Train Loss: 0.974765 - Val Loss: 1.155178
2026-03-13 09:41:24,641 - stock_predictor - INFO - Validation loss decreased (inf --> 1.155178).  Saving model ...
2026-03-13 09:41:24,786 - stock_predictor - INFO - Epoch 2/100 - Train Loss: 0.928868 - Val Loss: 1.195032
2026-03-13 09:41:24,786 - stock_predictor - INFO - EarlyStopping counter: 1 out of 10
2026-03-13 09:41:24,923 - stock_predictor - INFO - Epoch 3/100 - Train Loss: 0.920548 - Val Loss: 1.192700
2026-03-13 09:41:24,923 - stock_predictor - INFO - EarlyStopping counter: 2 out of 10
2026-03-13 09:41:25,060 - stock_predictor - INFO - Epoch 4/100 - Train Loss: 0.920474 - Val Loss: 1.196577
2026-03-13 09:41:25,060 - stock_predictor - INFO - EarlyStopping counter: 3 out of 10
2026-03-13 09:41:25,197 - stock_predictor - INFO - Epoch 5/100 - Train Loss: 0.920803 - Val Loss: 1.238508
2026-03-13 09:41:25,197 - stock_predictor - INFO - EarlyStopping counter: 4 out of 10
2026-03-13 09:41:25,340 - stock_predictor - INFO - Epoch 6/100 - Train Loss: 0.904563 - Val Loss: 1.262396
2026-03-13 09:41:25,340 - stock_predictor - INFO - EarlyStopping counter: 5 out of 10
2026-03-13 09:41:25,490 - stock_predictor - INFO - Epoch 7/100 - Train Loss: 0.897181 - Val Loss: 1.317013
2026-03-13 09:41:25,490 - stock_predictor - INFO - EarlyStopping counter: 6 out of 10
2026-03-13 09:41:25,640 - stock_predictor - INFO - Epoch 8/100 - Train Loss: 0.888495 - Val Loss: 1.351773
2026-03-13 09:41:25,641 - stock_predictor - INFO - EarlyStopping counter: 7 out of 10
2026-03-13 09:41:25,799 - stock_predictor - INFO - Epoch 9/100 - Train Loss: 0.873345 - Val Loss: 1.410008
2026-03-13 09:41:25,799 - stock_predictor - INFO - EarlyStopping counter: 8 out of 10
2026-03-13 09:41:25,960 - stock_predictor - INFO - Epoch 10/100 - Train Loss: 0.864870 - Val Loss: 1.408735
2026-03-13 09:41:25,960 - stock_predictor - INFO - EarlyStopping counter: 9 out of 10
2026-03-13 09:41:26,121 - stock_predictor - INFO - Epoch 11/100 - Train Loss: 0.863184 - Val Loss: 1.415346
2026-03-13 09:41:26,122 - stock_predictor - INFO - EarlyStopping counter: 10 out of 10
2026-03-13 09:41:26,122 - stock_predictor - INFO - Early stopping triggered.
2026-03-13 09:41:26,123 - stock_predictor - INFO - Scaler saved to D:\InvestIQ-main\backend\models\saved_models\scaler_TCS.NS.pkl
2026-03-13 09:41:26,123 - stock_predictor - INFO - Training completed for TCS.NS.
2026-03-13 09:41:26,124 - stock_predictor - INFO - Fetching data for INFY.NS (Period: 2y, Interval: 1d)
2026-03-13 09:41:26,453 - stock_predictor - INFO - Starting advanced training pipeline for INFY.NS...
2026-03-13 09:41:26,458 - stock_predictor - INFO - Loaded data from backend/data/stock_data\INFY.NS.csv with shape (496, 8)
2026-03-13 09:41:26,465 - stock_predictor - INFO - Data cleaned successfully
2026-03-13 09:41:26,465 - stock_predictor - INFO - Fetching market index data for ^NSEI...
2026-03-13 09:41:26,482 - stock_predictor - WARNING - No data found for market index ^NSEI
2026-03-13 09:41:26,495 - stock_predictor - INFO - Technical indicators added successfully
2026-03-13 09:41:26,495 - stock_predictor - WARNING - Market data provided is empty. Skipping correlation.
2026-03-13 09:41:26,496 - stock_predictor - INFO - Adding simulated external data for INFY.NS...
2026-03-13 09:41:26,507 - stock_predictor - INFO - Scaled columns: ['Open', 'High', 'Low', 'Close', 'Volume', 'Dividends', 'Stock Splits', 'SMA_20', 'SMA_50', 'RSI', 'BB_High', 'BB_Low', 'VWAP', 'MACD', 'MACD_Signal', 'MACD_Hist', 'ATR', 'Log_Return', 'Volume_Change', 'Rolling_Volatility', 'Market_Correlation', 'Sentiment', 'Macro_Score']
2026-03-13 09:41:26,525 - stock_predictor - INFO - Training on cuda...
2026-03-13 09:41:26,679 - stock_predictor - INFO - Epoch 1/100 - Train Loss: 1.113567 - Val Loss: 0.868197
2026-03-13 09:41:26,679 - stock_predictor - INFO - Validation loss decreased (inf --> 0.868197).  Saving model ...
2026-03-13 09:41:26,836 - stock_predictor - INFO - Epoch 2/100 - Train Loss: 1.066864 - Val Loss: 0.869526
2026-03-13 09:41:26,837 - stock_predictor - INFO - EarlyStopping counter: 1 out of 10
2026-03-13 09:41:26,978 - stock_predictor - INFO - Epoch 3/100 - Train Loss: 1.055991 - Val Loss: 0.885969
2026-03-13 09:41:26,978 - stock_predictor - INFO - EarlyStopping counter: 2 out of 10
2026-03-13 09:41:27,114 - stock_predictor - INFO - Epoch 4/100 - Train Loss: 1.051111 - Val Loss: 0.892119
2026-03-13 09:41:27,115 - stock_predictor - INFO - EarlyStopping counter: 3 out of 10
2026-03-13 09:41:27,255 - stock_predictor - INFO - Epoch 5/100 - Train Loss: 1.034882 - Val Loss: 0.902540
2026-03-13 09:41:27,255 - stock_predictor - INFO - EarlyStopping counter: 4 out of 10
2026-03-13 09:41:27,436 - stock_predictor - INFO - Epoch 6/100 - Train Loss: 1.026602 - Val Loss: 0.927197
2026-03-13 09:41:27,437 - stock_predictor - INFO - EarlyStopping counter: 5 out of 10
2026-03-13 09:41:27,588 - stock_predictor - INFO - Epoch 7/100 - Train Loss: 1.033519 - Val Loss: 0.911558
2026-03-13 09:41:27,588 - stock_predictor - INFO - EarlyStopping counter: 6 out of 10
2026-03-13 09:41:27,741 - stock_predictor - INFO - Epoch 8/100 - Train Loss: 1.021860 - Val Loss: 0.936116
2026-03-13 09:41:27,741 - stock_predictor - INFO - EarlyStopping counter: 7 out of 10
2026-03-13 09:41:27,889 - stock_predictor - INFO - Epoch 9/100 - Train Loss: 1.006436 - Val Loss: 0.937492
2026-03-13 09:41:27,889 - stock_predictor - INFO - EarlyStopping counter: 8 out of 10
2026-03-13 09:41:28,044 - stock_predictor - INFO - Epoch 10/100 - Train Loss: 0.992706 - Val Loss: 0.983585
2026-03-13 09:41:28,044 - stock_predictor - INFO - EarlyStopping counter: 9 out of 10
2026-03-13 09:41:28,198 - stock_predictor - INFO - Epoch 11/100 - Train Loss: 0.993578 - Val Loss: 0.980428
2026-03-13 09:41:28,198 - stock_predictor - INFO - EarlyStopping counter: 10 out of 10
2026-03-13 09:41:28,198 - stock_predictor - INFO - Early stopping triggered.
2026-03-13 09:41:28,199 - stock_predictor - INFO - Scaler saved to D:\InvestIQ-main\backend\models\saved_models\scaler_INFY.NS.pkl
2026-03-13 09:41:28,199 - stock_predictor - INFO - Training completed for INFY.NS.
2026-03-13 09:41:28,200 - stock_predictor - INFO - Fetching data for ICICIBANK.NS (Period: 2y, Interval: 1d)
2026-03-13 09:41:29,107 - stock_predictor - INFO - Starting advanced training pipeline for ICICIBANK.NS...
2026-03-13 09:41:29,110 - stock_predictor - INFO - Loaded data from backend/data/stock_data\ICICIBANK.NS.csv with shape (496, 8)
2026-03-13 09:41:29,116 - stock_predictor - INFO - Data cleaned successfully
2026-03-13 09:41:29,117 - stock_predictor - INFO - Fetching market index data for ^NSEI...
2026-03-13 09:41:29,134 - stock_predictor - WARNING - No data found for market index ^NSEI
2026-03-13 09:41:29,150 - stock_predictor - INFO - Technical indicators added successfully
2026-03-13 09:41:29,150 - stock_predictor - WARNING - Market data provided is empty. Skipping correlation.
2026-03-13 09:41:29,151 - stock_predictor - INFO - Adding simulated external data for ICICIBANK.NS...
2026-03-13 09:41:29,159 - stock_predictor - INFO - Scaled columns: ['Open', 'High', 'Low', 'Close', 'Volume', 'Dividends', 'Stock Splits', 'SMA_20', 'SMA_50', 'RSI', 'BB_High', 'BB_Low', 'VWAP', 'MACD', 'MACD_Signal', 'MACD_Hist', 'ATR', 'Log_Return', 'Volume_Change', 'Rolling_Volatility', 'Market_Correlation', 'Sentiment', 'Macro_Score']
2026-03-13 09:41:29,177 - stock_predictor - INFO - Training on cuda...
2026-03-13 09:41:29,328 - stock_predictor - INFO - Epoch 1/100 - Train Loss: 0.835399 - Val Loss: 1.441809
2026-03-13 09:41:29,328 - stock_predictor - INFO - Validation loss decreased (inf --> 1.441809).  Saving model ...
2026-03-13 09:41:29,465 - stock_predictor - INFO - Epoch 2/100 - Train Loss: 0.794814 - Val Loss: 1.444556
2026-03-13 09:41:29,466 - stock_predictor - INFO - EarlyStopping counter: 1 out of 10
2026-03-13 09:41:29,595 - stock_predictor - INFO - Epoch 3/100 - Train Loss: 0.795270 - Val Loss: 1.427113
2026-03-13 09:41:29,595 - stock_predictor - INFO - Validation loss decreased (1.441809 --> 1.427113).  Saving model ...
2026-03-13 09:41:29,737 - stock_predictor - INFO - Epoch 4/100 - Train Loss: 0.791087 - Val Loss: 1.465726
2026-03-13 09:41:29,737 - stock_predictor - INFO - EarlyStopping counter: 1 out of 10
2026-03-13 09:41:29,872 - stock_predictor - INFO - Epoch 5/100 - Train Loss: 0.792504 - Val Loss: 1.408129
2026-03-13 09:41:29,873 - stock_predictor - INFO - Validation loss decreased (1.427113 --> 1.408129).  Saving model ...
2026-03-13 09:41:30,018 - stock_predictor - INFO - Epoch 6/100 - Train Loss: 0.769457 - Val Loss: 1.433777
2026-03-13 09:41:30,018 - stock_predictor - INFO - EarlyStopping counter: 1 out of 10
2026-03-13 09:41:30,157 - stock_predictor - INFO - Epoch 7/100 - Train Loss: 0.762621 - Val Loss: 1.558860
2026-03-13 09:41:30,158 - stock_predictor - INFO - EarlyStopping counter: 2 out of 10
2026-03-13 09:41:30,306 - stock_predictor - INFO - Epoch 8/100 - Train Loss: 0.764849 - Val Loss: 1.471639
2026-03-13 09:41:30,307 - stock_predictor - INFO - EarlyStopping counter: 3 out of 10
2026-03-13 09:41:30,464 - stock_predictor - INFO - Epoch 9/100 - Train Loss: 0.746440 - Val Loss: 1.487107
2026-03-13 09:41:30,464 - stock_predictor - INFO - EarlyStopping counter: 4 out of 10
2026-03-13 09:41:30,635 - stock_predictor - INFO - Epoch 10/100 - Train Loss: 0.746196 - Val Loss: 1.494310
2026-03-13 09:41:30,636 - stock_predictor - INFO - EarlyStopping counter: 5 out of 10
2026-03-13 09:41:30,805 - stock_predictor - INFO - Epoch 11/100 - Train Loss: 0.741407 - Val Loss: 1.440506
2026-03-13 09:41:30,805 - stock_predictor - INFO - EarlyStopping counter: 6 out of 10
2026-03-13 09:41:30,974 - stock_predictor - INFO - Epoch 12/100 - Train Loss: 0.731687 - Val Loss: 1.480843
2026-03-13 09:41:30,974 - stock_predictor - INFO - EarlyStopping counter: 7 out of 10
2026-03-13 09:41:31,141 - stock_predictor - INFO - Epoch 13/100 - Train Loss: 0.730562 - Val Loss: 1.461150
2026-03-13 09:41:31,142 - stock_predictor - INFO - EarlyStopping counter: 8 out of 10
2026-03-13 09:41:31,308 - stock_predictor - INFO - Epoch 14/100 - Train Loss: 0.725887 - Val Loss: 1.442650
2026-03-13 09:41:31,308 - stock_predictor - INFO - EarlyStopping counter: 9 out of 10
2026-03-13 09:41:31,485 - stock_predictor - INFO - Epoch 15/100 - Train Loss: 0.712781 - Val Loss: 1.470028
2026-03-13 09:41:31,485 - stock_predictor - INFO - EarlyStopping counter: 10 out of 10
2026-03-13 09:41:31,485 - stock_predictor - INFO - Early stopping triggered.
2026-03-13 09:41:31,487 - stock_predictor - INFO - Scaler saved to D:\InvestIQ-main\backend\models\saved_models\scaler_ICICIBANK.NS.pkl
2026-03-13 09:41:31,487 - stock_predictor - INFO - Training completed for ICICIBANK.NS.
2026-03-13 09:42:19,729 - stock_predictor - INFO - Fetching data for HDFCBANK.NS (Period: 2y, Interval: 1d)
2026-03-13 09:42:22,575 - stock_predictor - INFO - Starting advanced training pipeline for HDFCBANK.NS...
2026-03-13 09:42:22,579 - stock_predictor - INFO - Loaded data from backend/data/stock_data\HDFCBANK.NS.csv with shape (496, 8)
2026-03-13 09:42:22,590 - stock_predictor - INFO - Data cleaned successfully
2026-03-13 09:42:22,591 - stock_predictor - INFO - Fetching market index data for ^NSEI...
2026-03-13 09:42:23,481 - stock_predictor - WARNING - No data found for market index ^NSEI
2026-03-13 09:42:23,526 - stock_predictor - INFO - Technical indicators added successfully
2026-03-13 09:42:23,527 - stock_predictor - WARNING - Market data provided is empty. Skipping correlation.
2026-03-13 09:42:23,529 - stock_predictor - INFO - Adding simulated external data for HDFCBANK.NS...
2026-03-13 09:42:23,553 - stock_predictor - INFO - Scaled columns: ['Open', 'High', 'Low', 'Close', 'Volume', 'Dividends', 'Stock Splits', 'SMA_20', 'SMA_50', 'RSI', 'BB_High', 'BB_Low', 'VWAP', 'MACD', 'MACD_Signal', 'MACD_Hist', 'ATR', 'Log_Return', 'Volume_Change', 'Rolling_Volatility', 'Market_Correlation', 'Sentiment', 'Macro_Score']
2026-03-13 09:42:26,895 - stock_predictor - INFO - Training on cuda...
2026-03-13 09:42:27,360 - stock_predictor - INFO - Epoch 1/100 - Train Loss: 0.887604 - Val Loss: 1.180192
2026-03-13 09:42:27,360 - stock_predictor - INFO - Validation loss decreased (inf --> 1.180192).  Saving model ...
2026-03-13 09:42:27,515 - stock_predictor - INFO - Epoch 2/100 - Train Loss: 0.843898 - Val Loss: 1.032363
2026-03-13 09:42:27,516 - stock_predictor - INFO - Validation loss decreased (1.180192 --> 1.032363).  Saving model ...
2026-03-13 09:42:27,643 - stock_predictor - INFO - Epoch 3/100 - Train Loss: 0.828719 - Val Loss: 1.051171
2026-03-13 09:42:27,643 - stock_predictor - INFO - EarlyStopping counter: 1 out of 10
2026-03-13 09:42:27,760 - stock_predictor - INFO - Epoch 4/100 - Train Loss: 0.832631 - Val Loss: 1.081139
2026-03-13 09:42:27,760 - stock_predictor - INFO - EarlyStopping counter: 2 out of 10
2026-03-13 09:42:27,877 - stock_predictor - INFO - Epoch 5/100 - Train Loss: 0.824296 - Val Loss: 1.048720
2026-03-13 09:42:27,877 - stock_predictor - INFO - EarlyStopping counter: 3 out of 10
2026-03-13 09:42:28,008 - stock_predictor - INFO - Epoch 6/100 - Train Loss: 0.807822 - Val Loss: 1.074074
2026-03-13 09:42:28,008 - stock_predictor - INFO - EarlyStopping counter: 4 out of 10
2026-03-13 09:42:28,124 - stock_predictor - INFO - Epoch 7/100 - Train Loss: 0.788629 - Val Loss: 1.072073
2026-03-13 09:42:28,124 - stock_predictor - INFO - EarlyStopping counter: 5 out of 10
2026-03-13 09:42:28,269 - stock_predictor - INFO - Epoch 8/100 - Train Loss: 0.786183 - Val Loss: 1.063877
2026-03-13 09:42:28,269 - stock_predictor - INFO - EarlyStopping counter: 6 out of 10
2026-03-13 09:42:28,396 - stock_predictor - INFO - Epoch 9/100 - Train Loss: 0.771096 - Val Loss: 1.150477
2026-03-13 09:42:28,397 - stock_predictor - INFO - EarlyStopping counter: 7 out of 10
2026-03-13 09:42:28,523 - stock_predictor - INFO - Epoch 10/100 - Train Loss: 0.763366 - Val Loss: 1.140505
2026-03-13 09:42:28,524 - stock_predictor - INFO - EarlyStopping counter: 8 out of 10
2026-03-13 09:42:28,643 - stock_predictor - INFO - Epoch 11/100 - Train Loss: 0.747576 - Val Loss: 1.160579
2026-03-13 09:42:28,644 - stock_predictor - INFO - EarlyStopping counter: 9 out of 10
2026-03-13 09:42:28,760 - stock_predictor - INFO - Epoch 12/100 - Train Loss: 0.743549 - Val Loss: 1.168196
2026-03-13 09:42:28,761 - stock_predictor - INFO - EarlyStopping counter: 10 out of 10
2026-03-13 09:42:28,762 - stock_predictor - INFO - Early stopping triggered.
2026-03-13 09:42:28,763 - stock_predictor - INFO - Scaler saved to D:\InvestIQ-main\backend\models\saved_models\scaler_HDFCBANK.NS.pkl
2026-03-13 09:42:28,764 - stock_predictor - INFO - Training completed for HDFCBANK.NS.
2026-03-13 09:42:28,766 - stock_predictor - INFO - Fetching data for RELIANCE.NS (Period: 2y, Interval: 1d)
2026-03-13 09:42:29,699 - stock_predictor - INFO - Starting advanced training pipeline for RELIANCE.NS...
2026-03-13 09:42:29,707 - stock_predictor - INFO - Loaded data from backend/data/stock_data\RELIANCE.NS.csv with shape (496, 8)
2026-03-13 09:42:29,724 - stock_predictor - INFO - Data cleaned successfully
2026-03-13 09:42:29,725 - stock_predictor - INFO - Fetching market index data for ^NSEI...
2026-03-13 09:42:29,742 - stock_predictor - WARNING - No data found for market index ^NSEI
2026-03-13 09:42:29,755 - stock_predictor - INFO - Technical indicators added successfully
2026-03-13 09:42:29,755 - stock_predictor - WARNING - Market data provided is empty. Skipping correlation.
2026-03-13 09:42:29,756 - stock_predictor - INFO - Adding simulated external data for RELIANCE.NS...
2026-03-13 09:42:29,764 - stock_predictor - INFO - Scaled columns: ['Open', 'High', 'Low', 'Close', 'Volume', 'Dividends', 'Stock Splits', 'SMA_20', 'SMA_50', 'RSI', 'BB_High', 'BB_Low', 'VWAP', 'MACD', 'MACD_Signal', 'MACD_Hist', 'ATR', 'Log_Return', 'Volume_Change', 'Rolling_Volatility', 'Market_Correlation', 'Sentiment', 'Macro_Score']
2026-03-13 09:42:29,779 - stock_predictor - INFO - Training on cuda...
2026-03-13 09:42:29,917 - stock_predictor - INFO - Epoch 1/100 - Train Loss: 0.917571 - Val Loss: 1.159475
2026-03-13 09:42:29,918 - stock_predictor - INFO - Validation loss decreased (inf --> 1.159475).  Saving model ...
2026-03-13 09:42:30,050 - stock_predictor - INFO - Epoch 2/100 - Train Loss: 0.884037 - Val Loss: 1.162117
2026-03-13 09:42:30,050 - stock_predictor - INFO - EarlyStopping counter: 1 out of 10
2026-03-13 09:42:30,172 - stock_predictor - INFO - Epoch 3/100 - Train Loss: 0.864180 - Val Loss: 1.164595
2026-03-13 09:42:30,173 - stock_predictor - INFO - EarlyStopping counter: 2 out of 10
2026-03-13 09:42:30,297 - stock_predictor - INFO - Epoch 4/100 - Train Loss: 0.856004 - Val Loss: 1.163262
2026-03-13 09:42:30,298 - stock_predictor - INFO - EarlyStopping counter: 3 out of 10
2026-03-13 09:42:30,419 - stock_predictor - INFO - Epoch 5/100 - Train Loss: 0.853013 - Val Loss: 1.131000
2026-03-13 09:42:30,419 - stock_predictor - INFO - Validation loss decreased (1.159475 --> 1.131000).  Saving model ...
2026-03-13 09:42:30,544 - stock_predictor - INFO - Epoch 6/100 - Train Loss: 0.852358 - Val Loss: 1.159466
2026-03-13 09:42:30,544 - stock_predictor - INFO - EarlyStopping counter: 1 out of 10
2026-03-13 09:42:30,671 - stock_predictor - INFO - Epoch 7/100 - Train Loss: 0.849457 - Val Loss: 1.116064
2026-03-13 09:42:30,671 - stock_predictor - INFO - Validation loss decreased (1.131000 --> 1.116064).  Saving model ...
2026-03-13 09:42:30,801 - stock_predictor - INFO - Epoch 8/100 - Train Loss: 0.826976 - Val Loss: 1.181298
2026-03-13 09:42:30,802 - stock_predictor - INFO - EarlyStopping counter: 1 out of 10
2026-03-13 09:42:30,927 - stock_predictor - INFO - Epoch 9/100 - Train Loss: 0.820162 - Val Loss: 1.166906
2026-03-13 09:42:30,928 - stock_predictor - INFO - EarlyStopping counter: 2 out of 10
2026-03-13 09:42:31,058 - stock_predictor - INFO - Epoch 10/100 - Train Loss: 0.792723 - Val Loss: 1.238528
2026-03-13 09:42:31,059 - stock_predictor - INFO - EarlyStopping counter: 3 out of 10
2026-03-13 09:42:31,258 - stock_predictor - INFO - Epoch 11/100 - Train Loss: 0.811036 - Val Loss: 1.319237
2026-03-13 09:42:31,259 - stock_predictor - INFO - EarlyStopping counter: 4 out of 10
2026-03-13 09:42:31,381 - stock_predictor - INFO - Epoch 12/100 - Train Loss: 0.769305 - Val Loss: 1.229713
2026-03-13 09:42:31,381 - stock_predictor - INFO - EarlyStopping counter: 5 out of 10
2026-03-13 09:42:31,531 - stock_predictor - INFO - Epoch 13/100 - Train Loss: 0.764490 - Val Loss: 1.321814
2026-03-13 09:42:31,532 - stock_predictor - INFO - EarlyStopping counter: 6 out of 10
2026-03-13 09:42:31,696 - stock_predictor - INFO - Epoch 14/100 - Train Loss: 0.751548 - Val Loss: 1.368427
2026-03-13 09:42:31,696 - stock_predictor - INFO - EarlyStopping counter: 7 out of 10
2026-03-13 09:42:31,860 - stock_predictor - INFO - Epoch 15/100 - Train Loss: 0.735611 - Val Loss: 1.275017
2026-03-13 09:42:31,861 - stock_predictor - INFO - EarlyStopping counter: 8 out of 10
2026-03-13 09:42:31,983 - stock_predictor - INFO - Epoch 16/100 - Train Loss: 0.729924 - Val Loss: 1.303709
2026-03-13 09:42:31,983 - stock_predictor - INFO - EarlyStopping counter: 9 out of 10
2026-03-13 09:42:32,101 - stock_predictor - INFO - Epoch 17/100 - Train Loss: 0.722325 - Val Loss: 1.305019
2026-03-13 09:42:32,102 - stock_predictor - INFO - EarlyStopping counter: 10 out of 10
2026-03-13 09:42:32,102 - stock_predictor - INFO - Early stopping triggered.
2026-03-13 09:42:32,103 - stock_predictor - INFO - Scaler saved to D:\InvestIQ-main\backend\models\saved_models\scaler_RELIANCE.NS.pkl
2026-03-13 09:42:32,103 - stock_predictor - INFO - Training completed for RELIANCE.NS.
2026-03-13 09:42:32,104 - stock_predictor - INFO - Fetching data for TCS.NS (Period: 2y, Interval: 1d)
2026-03-13 09:42:32,564 - stock_predictor - INFO - Starting advanced training pipeline for TCS.NS...
2026-03-13 09:42:32,567 - stock_predictor - INFO - Loaded data from backend/data/stock_data\TCS.NS.csv with shape (496, 8)
2026-03-13 09:42:32,573 - stock_predictor - INFO - Data cleaned successfully
2026-03-13 09:42:32,574 - stock_predictor - INFO - Fetching market index data for ^NSEI...
2026-03-13 09:42:32,593 - stock_predictor - WARNING - No data found for market index ^NSEI
2026-03-13 09:42:32,603 - stock_predictor - INFO - Technical indicators added successfully
2026-03-13 09:42:32,604 - stock_predictor - WARNING - Market data provided is empty. Skipping correlation.
2026-03-13 09:42:32,604 - stock_predictor - INFO - Adding simulated external data for TCS.NS...
2026-03-13 09:42:32,613 - stock_predictor - INFO - Scaled columns: ['Open', 'High', 'Low', 'Close', 'Volume', 'Dividends', 'Stock Splits', 'SMA_20', 'SMA_50', 'RSI', 'BB_High', 'BB_Low', 'VWAP', 'MACD', 'MACD_Signal', 'MACD_Hist', 'ATR', 'Log_Return', 'Volume_Change', 'Rolling_Volatility', 'Market_Correlation', 'Sentiment', 'Macro_Score']
2026-03-13 09:42:32,632 - stock_predictor - INFO - Training on cuda...
2026-03-13 09:42:32,751 - stock_predictor - INFO - Epoch 1/100 - Train Loss: 0.970953 - Val Loss: 1.182441
2026-03-13 09:42:32,752 - stock_predictor - INFO - Validation loss decreased (inf --> 1.182441).  Saving model ...
2026-03-13 09:42:32,877 - stock_predictor - INFO - Epoch 2/100 - Train Loss: 0.926514 - Val Loss: 1.190611
2026-03-13 09:42:32,878 - stock_predictor - INFO - EarlyStopping counter: 1 out of 10
2026-03-13 09:42:33,003 - stock_predictor - INFO - Epoch 3/100 - Train Loss: 0.914212 - Val Loss: 1.222046
2026-03-13 09:42:33,004 - stock_predictor - INFO - EarlyStopping counter: 2 out of 10
2026-03-13 09:42:33,120 - stock_predictor - INFO - Epoch 4/100 - Train Loss: 0.924346 - Val Loss: 1.249193
2026-03-13 09:42:33,120 - stock_predictor - INFO - EarlyStopping counter: 3 out of 10
2026-03-13 09:42:33,236 - stock_predictor - INFO - Epoch 5/100 - Train Loss: 0.903707 - Val Loss: 1.277547
2026-03-13 09:42:33,237 - stock_predictor - INFO - EarlyStopping counter: 4 out of 10
2026-03-13 09:42:33,352 - stock_predictor - INFO - Epoch 6/100 - Train Loss: 0.879655 - Val Loss: 1.330928
2026-03-13 09:42:33,352 - stock_predictor - INFO - EarlyStopping counter: 5 out of 10
2026-03-13 09:42:33,466 - stock_predictor - INFO - Epoch 7/100 - Train Loss: 0.868211 - Val Loss: 1.383669
2026-03-13 09:42:33,467 - stock_predictor - INFO - EarlyStopping counter: 6 out of 10
2026-03-13 09:42:33,584 - stock_predictor - INFO - Epoch 8/100 - Train Loss: 0.851770 - Val Loss: 1.402313
2026-03-13 09:42:33,585 - stock_predictor - INFO - EarlyStopping counter: 7 out of 10
2026-03-13 09:42:33,704 - stock_predictor - INFO - Epoch 9/100 - Train Loss: 0.849647 - Val Loss: 1.420323
2026-03-13 09:42:33,704 - stock_predictor - INFO - EarlyStopping counter: 8 out of 10
2026-03-13 09:42:33,822 - stock_predictor - INFO - Epoch 10/100 - Train Loss: 0.829794 - Val Loss: 1.422069
2026-03-13 09:42:33,822 - stock_predictor - INFO - EarlyStopping counter: 9 out of 10
2026-03-13 09:42:33,938 - stock_predictor - INFO - Epoch 11/100 - Train Loss: 0.829377 - Val Loss: 1.449613
2026-03-13 09:42:33,938 - stock_predictor - INFO - EarlyStopping counter: 10 out of 10
2026-03-13 09:42:33,939 - stock_predictor - INFO - Early stopping triggered.
2026-03-13 09:42:33,940 - stock_predictor - INFO - Scaler saved to D:\InvestIQ-main\backend\models\saved_models\scaler_TCS.NS.pkl
2026-03-13 09:42:33,940 - stock_predictor - INFO - Training completed for TCS.NS.
2026-03-13 09:42:33,942 - stock_predictor - INFO - Fetching data for INFY.NS (Period: 2y, Interval: 1d)
2026-03-13 09:42:34,359 - stock_predictor - INFO - Starting advanced training pipeline for INFY.NS...
2026-03-13 09:42:34,368 - stock_predictor - INFO - Loaded data from backend/data/stock_data\INFY.NS.csv with shape (496, 8)
2026-03-13 09:42:34,386 - stock_predictor - INFO - Data cleaned successfully
2026-03-13 09:42:34,387 - stock_predictor - INFO - Fetching market index data for ^NSEI...
2026-03-13 09:42:34,409 - stock_predictor - WARNING - No data found for market index ^NSEI
2026-03-13 09:42:34,426 - stock_predictor - INFO - Technical indicators added successfully
2026-03-13 09:42:34,426 - stock_predictor - WARNING - Market data provided is empty. Skipping correlation.
2026-03-13 09:42:34,427 - stock_predictor - INFO - Adding simulated external data for INFY.NS...
2026-03-13 09:42:34,439 - stock_predictor - INFO - Scaled columns: ['Open', 'High', 'Low', 'Close', 'Volume', 'Dividends', 'Stock Splits', 'SMA_20', 'SMA_50', 'RSI', 'BB_High', 'BB_Low', 'VWAP', 'MACD', 'MACD_Signal', 'MACD_Hist', 'ATR', 'Log_Return', 'Volume_Change', 'Rolling_Volatility', 'Market_Correlation', 'Sentiment', 'Macro_Score']
2026-03-13 09:42:34,454 - stock_predictor - INFO - Training on cuda...
2026-03-13 09:42:34,573 - stock_predictor - INFO - Epoch 1/100 - Train Loss: 1.108037 - Val Loss: 0.872201
2026-03-13 09:42:34,574 - stock_predictor - INFO - Validation loss decreased (inf --> 0.872201).  Saving model ...
2026-03-13 09:42:34,697 - stock_predictor - INFO - Epoch 2/100 - Train Loss: 1.062238 - Val Loss: 0.868007
2026-03-13 09:42:34,698 - stock_predictor - INFO - Validation loss decreased (0.872201 --> 0.868007).  Saving model ...
2026-03-13 09:42:34,820 - stock_predictor - INFO - Epoch 3/100 - Train Loss: 1.047052 - Val Loss: 0.878566
2026-03-13 09:42:34,820 - stock_predictor - INFO - EarlyStopping counter: 1 out of 10
2026-03-13 09:42:34,937 - stock_predictor - INFO - Epoch 4/100 - Train Loss: 1.030018 - Val Loss: 0.900198
2026-03-13 09:42:34,938 - stock_predictor - INFO - EarlyStopping counter: 2 out of 10
2026-03-13 09:42:35,053 - stock_predictor - INFO - Epoch 5/100 - Train Loss: 1.042840 - Val Loss: 0.921734
2026-03-13 09:42:35,054 - stock_predictor - INFO - EarlyStopping counter: 3 out of 10
2026-03-13 09:42:35,169 - stock_predictor - INFO - Epoch 6/100 - Train Loss: 1.023814 - Val Loss: 0.948914
2026-03-13 09:42:35,169 - stock_predictor - INFO - EarlyStopping counter: 4 out of 10
2026-03-13 09:42:35,285 - stock_predictor - INFO - Epoch 7/100 - Train Loss: 0.999737 - Val Loss: 0.976115
2026-03-13 09:42:35,285 - stock_predictor - INFO - EarlyStopping counter: 5 out of 10
2026-03-13 09:42:35,403 - stock_predictor - INFO - Epoch 8/100 - Train Loss: 1.002254 - Val Loss: 0.967846
2026-03-13 09:42:35,404 - stock_predictor - INFO - EarlyStopping counter: 6 out of 10
2026-03-13 09:42:35,520 - stock_predictor - INFO - Epoch 9/100 - Train Loss: 0.982781 - Val Loss: 0.989544
2026-03-13 09:42:35,520 - stock_predictor - INFO - EarlyStopping counter: 7 out of 10
2026-03-13 09:42:35,635 - stock_predictor - INFO - Epoch 10/100 - Train Loss: 0.970202 - Val Loss: 0.997664
2026-03-13 09:42:35,635 - stock_predictor - INFO - EarlyStopping counter: 8 out of 10
2026-03-13 09:42:35,762 - stock_predictor - INFO - Epoch 11/100 - Train Loss: 0.957878 - Val Loss: 1.014535
2026-03-13 09:42:35,762 - stock_predictor - INFO - EarlyStopping counter: 9 out of 10
2026-03-13 09:42:35,879 - stock_predictor - INFO - Epoch 12/100 - Train Loss: 0.954965 - Val Loss: 1.012329
2026-03-13 09:42:35,880 - stock_predictor - INFO - EarlyStopping counter: 10 out of 10
2026-03-13 09:42:35,880 - stock_predictor - INFO - Early stopping triggered.
2026-03-13 09:42:35,882 - stock_predictor - INFO - Scaler saved to D:\InvestIQ-main\backend\models\saved_models\scaler_INFY.NS.pkl
2026-03-13 09:42:35,883 - stock_predictor - INFO - Training completed for INFY.NS.
2026-03-13 09:42:35,884 - stock_predictor - INFO - Fetching data for ICICIBANK.NS (Period: 2y, Interval: 1d)
2026-03-13 09:42:36,642 - stock_predictor - INFO - Starting advanced training pipeline for ICICIBANK.NS...
2026-03-13 09:42:36,650 - stock_predictor - INFO - Loaded data from backend/data/stock_data\ICICIBANK.NS.csv with shape (496, 8)
2026-03-13 09:42:36,667 - stock_predictor - INFO - Data cleaned successfully
2026-03-13 09:42:36,668 - stock_predictor - INFO - Fetching market index data for ^NSEI...
2026-03-13 09:42:36,695 - stock_predictor - WARNING - No data found for market index ^NSEI
2026-03-13 09:42:36,709 - stock_predictor - INFO - Technical indicators added successfully
2026-03-13 09:42:36,710 - stock_predictor - WARNING - Market data provided is empty. Skipping correlation.
2026-03-13 09:42:36,711 - stock_predictor - INFO - Adding simulated external data for ICICIBANK.NS...
2026-03-13 09:42:36,722 - stock_predictor - INFO - Scaled columns: ['Open', 'High', 'Low', 'Close', 'Volume', 'Dividends', 'Stock Splits', 'SMA_20', 'SMA_50', 'RSI', 'BB_High', 'BB_Low', 'VWAP', 'MACD', 'MACD_Signal', 'MACD_Hist', 'ATR', 'Log_Return', 'Volume_Change', 'Rolling_Volatility', 'Market_Correlation', 'Sentiment', 'Macro_Score']
2026-03-13 09:42:36,737 - stock_predictor - INFO - Training on cuda...
2026-03-13 09:42:36,855 - stock_predictor - INFO - Epoch 1/100 - Train Loss: 0.835321 - Val Loss: 1.478009
2026-03-13 09:42:36,855 - stock_predictor - INFO - Validation loss decreased (inf --> 1.478009).  Saving model ...
2026-03-13 09:42:36,981 - stock_predictor - INFO - Epoch 2/100 - Train Loss: 0.802136 - Val Loss: 1.435901
2026-03-13 09:42:36,981 - stock_predictor - INFO - Validation loss decreased (1.478009 --> 1.435901).  Saving model ...
2026-03-13 09:42:37,108 - stock_predictor - INFO - Epoch 3/100 - Train Loss: 0.794035 - Val Loss: 1.434815
2026-03-13 09:42:37,108 - stock_predictor - INFO - Validation loss decreased (1.435901 --> 1.434815).  Saving model ...
2026-03-13 09:42:37,237 - stock_predictor - INFO - Epoch 4/100 - Train Loss: 0.796162 - Val Loss: 1.432652
2026-03-13 09:42:37,237 - stock_predictor - INFO - Validation loss decreased (1.434815 --> 1.432652).  Saving model ...
2026-03-13 09:42:37,366 - stock_predictor - INFO - Epoch 5/100 - Train Loss: 0.791870 - Val Loss: 1.420651
2026-03-13 09:42:37,367 - stock_predictor - INFO - Validation loss decreased (1.432652 --> 1.420651).  Saving model ...
2026-03-13 09:42:37,492 - stock_predictor - INFO - Epoch 6/100 - Train Loss: 0.783763 - Val Loss: 1.422352
2026-03-13 09:42:37,492 - stock_predictor - INFO - EarlyStopping counter: 1 out of 10
2026-03-13 09:42:37,614 - stock_predictor - INFO - Epoch 7/100 - Train Loss: 0.781786 - Val Loss: 1.383047
2026-03-13 09:42:37,614 - stock_predictor - INFO - Validation loss decreased (1.420651 --> 1.383047).  Saving model ...
2026-03-13 09:42:37,739 - stock_predictor - INFO - Epoch 8/100 - Train Loss: 0.770087 - Val Loss: 1.336248
2026-03-13 09:42:37,740 - stock_predictor - INFO - Validation loss decreased (1.383047 --> 1.336248).  Saving model ...
2026-03-13 09:42:37,864 - stock_predictor - INFO - Epoch 9/100 - Train Loss: 0.760308 - Val Loss: 1.347108
2026-03-13 09:42:37,864 - stock_predictor - INFO - EarlyStopping counter: 1 out of 10
2026-03-13 09:42:37,982 - stock_predictor - INFO - Epoch 10/100 - Train Loss: 0.739687 - Val Loss: 1.375165
2026-03-13 09:42:37,983 - stock_predictor - INFO - EarlyStopping counter: 2 out of 10
2026-03-13 09:42:38,100 - stock_predictor - INFO - Epoch 11/100 - Train Loss: 0.737074 - Val Loss: 1.345506
2026-03-13 09:42:38,101 - stock_predictor - INFO - EarlyStopping counter: 3 out of 10
2026-03-13 09:42:38,218 - stock_predictor - INFO - Epoch 12/100 - Train Loss: 0.722804 - Val Loss: 1.344150
2026-03-13 09:42:38,218 - stock_predictor - INFO - EarlyStopping counter: 4 out of 10
2026-03-13 09:42:38,333 - stock_predictor - INFO - Epoch 13/100 - Train Loss: 0.724318 - Val Loss: 1.344769
2026-03-13 09:42:38,333 - stock_predictor - INFO - EarlyStopping counter: 5 out of 10
2026-03-13 09:42:38,449 - stock_predictor - INFO - Epoch 14/100 - Train Loss: 0.712369 - Val Loss: 1.338632
2026-03-13 09:42:38,450 - stock_predictor - INFO - EarlyStopping counter: 6 out of 10
2026-03-13 09:42:38,567 - stock_predictor - INFO - Epoch 15/100 - Train Loss: 0.698967 - Val Loss: 1.335083
2026-03-13 09:42:38,567 - stock_predictor - INFO - Validation loss decreased (1.336248 --> 1.335083).  Saving model ...
2026-03-13 09:42:38,688 - stock_predictor - INFO - Epoch 16/100 - Train Loss: 0.691181 - Val Loss: 1.338825
2026-03-13 09:42:38,689 - stock_predictor - INFO - EarlyStopping counter: 1 out of 10
2026-03-13 09:42:38,813 - stock_predictor - INFO - Epoch 17/100 - Train Loss: 0.681634 - Val Loss: 1.340850
2026-03-13 09:42:38,813 - stock_predictor - INFO - EarlyStopping counter: 2 out of 10
2026-03-13 09:42:38,937 - stock_predictor - INFO - Epoch 18/100 - Train Loss: 0.692198 - Val Loss: 1.355708
2026-03-13 09:42:38,938 - stock_predictor - INFO - EarlyStopping counter: 3 out of 10
2026-03-13 09:42:39,060 - stock_predictor - INFO - Epoch 19/100 - Train Loss: 0.677238 - Val Loss: 1.355228
2026-03-13 09:42:39,060 - stock_predictor - INFO - EarlyStopping counter: 4 out of 10
2026-03-13 09:42:39,183 - stock_predictor - INFO - Epoch 20/100 - Train Loss: 0.662638 - Val Loss: 1.356116
2026-03-13 09:42:39,184 - stock_predictor - INFO - EarlyStopping counter: 5 out of 10
2026-03-13 09:42:39,300 - stock_predictor - INFO - Epoch 21/100 - Train Loss: 0.658354 - Val Loss: 1.355350
2026-03-13 09:42:39,300 - stock_predictor - INFO - EarlyStopping counter: 6 out of 10
2026-03-13 09:42:39,423 - stock_predictor - INFO - Epoch 22/100 - Train Loss: 0.651031 - Val Loss: 1.353564
2026-03-13 09:42:39,423 - stock_predictor - INFO - EarlyStopping counter: 7 out of 10
2026-03-13 09:42:39,559 - stock_predictor - INFO - Epoch 23/100 - Train Loss: 0.647124 - Val Loss: 1.353094
2026-03-13 09:42:39,559 - stock_predictor - INFO - EarlyStopping counter: 8 out of 10
2026-03-13 09:42:39,705 - stock_predictor - INFO - Epoch 24/100 - Train Loss: 0.633180 - Val Loss: 1.353893
2026-03-13 09:42:39,705 - stock_predictor - INFO - EarlyStopping counter: 9 out of 10
2026-03-13 09:42:39,837 - stock_predictor - INFO - Epoch 25/100 - Train Loss: 0.636682 - Val Loss: 1.354908
2026-03-13 09:42:39,838 - stock_predictor - INFO - EarlyStopping counter: 10 out of 10
2026-03-13 09:42:39,838 - stock_predictor - INFO - Early stopping triggered.
2026-03-13 09:42:39,839 - stock_predictor - INFO - Scaler saved to D:\InvestIQ-main\backend\models\saved_models\scaler_ICICIBANK.NS.pkl
2026-03-13 09:42:39,839 - stock_predictor - INFO - Training completed for ICICIBANK.NS.
2026-03-13 09:43:03,689 - stock_predictor - INFO - Starting advanced training pipeline for HDFCBANK...
2026-03-13 09:43:03,711 - stock_predictor - INFO - Detected metadata row, dropping row 0
2026-03-13 09:43:03,712 - stock_predictor - INFO - Loaded data from D:\InvestIQ-main\backend\data\stock_data\HDFCBANK.csv with shape (6506, 7)
2026-03-13 09:43:03,730 - stock_predictor - INFO - Data cleaned successfully
2026-03-13 09:43:03,731 - stock_predictor - INFO - Fetching market index data for ^NSEI...
2026-03-13 09:43:05,983 - stock_predictor - WARNING - No data found for market index ^NSEI
2026-03-13 09:43:06,057 - stock_predictor - INFO - Technical indicators added successfully
2026-03-13 09:43:06,057 - stock_predictor - WARNING - Market data provided is empty. Skipping correlation.
2026-03-13 09:43:06,058 - stock_predictor - INFO - Adding simulated external data for HDFCBANK...
2026-03-13 09:43:06,091 - stock_predictor - INFO - Scaled columns: ['Open', 'High', 'Low', 'Close', 'Volume', 'VWAP', 'SMA_20', 'SMA_50', 'RSI', 'BB_High', 'BB_Low', 'MACD', 'MACD_Signal', 'MACD_Hist', 'ATR', 'Log_Return', 'Volume_Change', 'Rolling_Volatility', 'Market_Correlation', 'Sentiment', 'Macro_Score']
2026-03-13 09:43:09,074 - stock_predictor - INFO - Training on cuda...
2026-03-13 09:43:11,474 - stock_predictor - INFO - Epoch 1/100 - Train Loss: 1.117903 - Val Loss: 0.528151
2026-03-13 09:43:11,475 - stock_predictor - INFO - Validation loss decreased (inf --> 0.528151).  Saving model ...
2026-03-13 09:43:13,654 - stock_predictor - INFO - Epoch 2/100 - Train Loss: 1.118811 - Val Loss: 0.527385
2026-03-13 09:43:13,654 - stock_predictor - INFO - Validation loss decreased (0.528151 --> 0.527385).  Saving model ...
2026-03-13 09:43:15,964 - stock_predictor - INFO - Epoch 3/100 - Train Loss: 1.112840 - Val Loss: 0.527764
2026-03-13 09:43:15,965 - stock_predictor - INFO - EarlyStopping counter: 1 out of 10
2026-03-13 09:43:18,022 - stock_predictor - INFO - Epoch 4/100 - Train Loss: 1.116361 - Val Loss: 0.527875
2026-03-13 09:43:18,022 - stock_predictor - INFO - EarlyStopping counter: 2 out of 10
2026-03-13 09:43:20,073 - stock_predictor - INFO - Epoch 5/100 - Train Loss: 1.113541 - Val Loss: 0.528299
2026-03-13 09:43:20,073 - stock_predictor - INFO - EarlyStopping counter: 3 out of 10
2026-03-13 09:43:22,062 - stock_predictor - INFO - Epoch 6/100 - Train Loss: 1.111223 - Val Loss: 0.527769
2026-03-13 09:43:22,062 - stock_predictor - INFO - EarlyStopping counter: 4 out of 10
2026-03-13 09:43:24,105 - stock_predictor - INFO - Epoch 7/100 - Train Loss: 1.118812 - Val Loss: 0.527986
2026-03-13 09:43:24,106 - stock_predictor - INFO - EarlyStopping counter: 5 out of 10
2026-03-13 09:43:26,334 - stock_predictor - INFO - Epoch 8/100 - Train Loss: 1.110387 - Val Loss: 0.527876
2026-03-13 09:43:26,334 - stock_predictor - INFO - EarlyStopping counter: 6 out of 10
2026-03-13 09:43:28,619 - stock_predictor - INFO - Epoch 9/100 - Train Loss: 1.111795 - Val Loss: 0.527803
2026-03-13 09:43:28,619 - stock_predictor - INFO - EarlyStopping counter: 7 out of 10
2026-03-13 09:43:30,882 - stock_predictor - INFO - Epoch 10/100 - Train Loss: 1.113884 - Val Loss: 0.527604
2026-03-13 09:43:30,883 - stock_predictor - INFO - EarlyStopping counter: 8 out of 10
2026-03-13 09:43:33,045 - stock_predictor - INFO - Epoch 11/100 - Train Loss: 1.114702 - Val Loss: 0.527961
2026-03-13 09:43:33,046 - stock_predictor - INFO - EarlyStopping counter: 9 out of 10
2026-03-13 09:43:35,273 - stock_predictor - INFO - Epoch 12/100 - Train Loss: 1.111679 - Val Loss: 0.528951
2026-03-13 09:43:35,273 - stock_predictor - INFO - EarlyStopping counter: 10 out of 10
2026-03-13 09:43:35,274 - stock_predictor - INFO - Early stopping triggered.
2026-03-13 09:43:35,275 - stock_predictor - INFO - Scaler saved to D:\InvestIQ-main\backend\models\saved_models\scaler_HDFCBANK.pkl
2026-03-13 09:43:35,275 - stock_predictor - INFO - Training completed for HDFCBANK.
2026-03-13 09:43:35,281 - stock_predictor - INFO - Starting advanced training pipeline for HDFCBANK.NS...
2026-03-13 09:43:35,285 - stock_predictor - INFO - Loaded data from D:\InvestIQ-main\backend\data\stock_data\HDFCBANK.NS.csv with shape (496, 8)
2026-03-13 09:43:35,292 - stock_predictor - INFO - Data cleaned successfully
2026-03-13 09:43:35,292 - stock_predictor - INFO - Fetching market index data for ^NSEI...
2026-03-13 09:43:37,325 - stock_predictor - WARNING - No data found for market index ^NSEI
2026-03-13 09:43:37,346 - stock_predictor - INFO - Technical indicators added successfully
2026-03-13 09:43:37,347 - stock_predictor - WARNING - Market data provided is empty. Skipping correlation.
2026-03-13 09:43:37,347 - stock_predictor - INFO - Adding simulated external data for HDFCBANK.NS...
2026-03-13 09:43:37,357 - stock_predictor - INFO - Scaled columns: ['Open', 'High', 'Low', 'Close', 'Volume', 'Dividends', 'Stock Splits', 'SMA_20', 'SMA_50', 'RSI', 'BB_High', 'BB_Low', 'VWAP', 'MACD', 'MACD_Signal', 'MACD_Hist', 'ATR', 'Log_Return', 'Volume_Change', 'Rolling_Volatility', 'Market_Correlation', 'Sentiment', 'Macro_Score']
2026-03-13 09:43:37,375 - stock_predictor - INFO - Training on cuda...
2026-03-13 09:43:37,648 - stock_predictor - INFO - Epoch 1/100 - Train Loss: 0.875082 - Val Loss: 1.039056
2026-03-13 09:43:37,648 - stock_predictor - INFO - Validation loss decreased (inf --> 1.039056).  Saving model ...
2026-03-13 09:43:37,814 - stock_predictor - INFO - Epoch 2/100 - Train Loss: 0.835939 - Val Loss: 1.083848
2026-03-13 09:43:37,815 - stock_predictor - INFO - EarlyStopping counter: 1 out of 10
2026-03-13 09:43:37,933 - stock_predictor - INFO - Epoch 3/100 - Train Loss: 0.826053 - Val Loss: 1.050542
2026-03-13 09:43:37,933 - stock_predictor - INFO - EarlyStopping counter: 2 out of 10
2026-03-13 09:43:38,051 - stock_predictor - INFO - Epoch 4/100 - Train Loss: 0.817548 - Val Loss: 1.011349
2026-03-13 09:43:38,052 - stock_predictor - INFO - Validation loss decreased (1.039056 --> 1.011349).  Saving model ...
2026-03-13 09:43:38,178 - stock_predictor - INFO - Epoch 5/100 - Train Loss: 0.813268 - Val Loss: 1.007373
2026-03-13 09:43:38,178 - stock_predictor - INFO - Validation loss decreased (1.011349 --> 1.007373).  Saving model ...
2026-03-13 09:43:38,301 - stock_predictor - INFO - Epoch 6/100 - Train Loss: 0.806068 - Val Loss: 1.013243
2026-03-13 09:43:38,302 - stock_predictor - INFO - EarlyStopping counter: 1 out of 10
2026-03-13 09:43:38,415 - stock_predictor - INFO - Epoch 7/100 - Train Loss: 0.783974 - Val Loss: 0.900433
2026-03-13 09:43:38,416 - stock_predictor - INFO - Validation loss decreased (1.007373 --> 0.900433).  Saving model ...
2026-03-13 09:43:38,542 - stock_predictor - INFO - Epoch 8/100 - Train Loss: 0.769979 - Val Loss: 1.053901
2026-03-13 09:43:38,542 - stock_predictor - INFO - EarlyStopping counter: 1 out of 10
2026-03-13 09:43:38,658 - stock_predictor - INFO - Epoch 9/100 - Train Loss: 0.777191 - Val Loss: 1.173720
2026-03-13 09:43:38,659 - stock_predictor - INFO - EarlyStopping counter: 2 out of 10
2026-03-13 09:43:38,773 - stock_predictor - INFO - Epoch 10/100 - Train Loss: 0.759317 - Val Loss: 1.030527
2026-03-13 09:43:38,773 - stock_predictor - INFO - EarlyStopping counter: 3 out of 10
2026-03-13 09:43:38,893 - stock_predictor - INFO - Epoch 11/100 - Train Loss: 0.754803 - Val Loss: 1.092273
2026-03-13 09:43:38,894 - stock_predictor - INFO - EarlyStopping counter: 4 out of 10
2026-03-13 09:43:39,012 - stock_predictor - INFO - Epoch 12/100 - Train Loss: 0.738618 - Val Loss: 1.118807
2026-03-13 09:43:39,012 - stock_predictor - INFO - EarlyStopping counter: 5 out of 10
2026-03-13 09:43:39,128 - stock_predictor - INFO - Epoch 13/100 - Train Loss: 0.726692 - Val Loss: 1.129195
2026-03-13 09:43:39,129 - stock_predictor - INFO - EarlyStopping counter: 6 out of 10
2026-03-13 09:43:39,248 - stock_predictor - INFO - Epoch 14/100 - Train Loss: 0.716843 - Val Loss: 1.200099
2026-03-13 09:43:39,249 - stock_predictor - INFO - EarlyStopping counter: 7 out of 10
2026-03-13 09:43:39,367 - stock_predictor - INFO - Epoch 15/100 - Train Loss: 0.710846 - Val Loss: 1.289216
2026-03-13 09:43:39,367 - stock_predictor - INFO - EarlyStopping counter: 8 out of 10
2026-03-13 09:43:39,481 - stock_predictor - INFO - Epoch 16/100 - Train Loss: 0.702519 - Val Loss: 1.231269
2026-03-13 09:43:39,482 - stock_predictor - INFO - EarlyStopping counter: 9 out of 10
2026-03-13 09:43:39,597 - stock_predictor - INFO - Epoch 17/100 - Train Loss: 0.688162 - Val Loss: 1.262890
2026-03-13 09:43:39,597 - stock_predictor - INFO - EarlyStopping counter: 10 out of 10
2026-03-13 09:43:39,598 - stock_predictor - INFO - Early stopping triggered.
2026-03-13 09:43:39,599 - stock_predictor - INFO - Scaler saved to D:\InvestIQ-main\backend\models\saved_models\scaler_HDFCBANK.NS.pkl
2026-03-13 09:43:39,599 - stock_predictor - INFO - Training completed for HDFCBANK.NS.
2026-03-13 09:43:39,600 - stock_predictor - INFO - Starting advanced training pipeline for ICICIBANK...
2026-03-13 09:43:39,616 - stock_predictor - INFO - Detected metadata row, dropping row 0
2026-03-13 09:43:39,616 - stock_predictor - INFO - Loaded data from D:\InvestIQ-main\backend\data\stock_data\ICICIBANK.csv with shape (5875, 7)
2026-03-13 09:43:39,632 - stock_predictor - INFO - Data cleaned successfully
2026-03-13 09:43:39,633 - stock_predictor - INFO - Fetching market index data for ^NSEI...
2026-03-13 09:43:40,642 - stock_predictor - WARNING - No data found for market index ^NSEI
2026-03-13 09:43:40,717 - stock_predictor - INFO - Technical indicators added successfully
2026-03-13 09:43:40,717 - stock_predictor - WARNING - Market data provided is empty. Skipping correlation.
2026-03-13 09:43:40,718 - stock_predictor - INFO - Adding simulated external data for ICICIBANK...
2026-03-13 09:43:40,757 - stock_predictor - INFO - Scaled columns: ['Open', 'High', 'Low', 'Close', 'Volume', 'VWAP', 'SMA_20', 'SMA_50', 'RSI', 'BB_High', 'BB_Low', 'MACD', 'MACD_Signal', 'MACD_Hist', 'ATR', 'Log_Return', 'Volume_Change', 'Rolling_Volatility', 'Market_Correlation', 'Sentiment', 'Macro_Score']
2026-03-13 09:43:40,812 - stock_predictor - INFO - Training on cuda...
2026-03-13 09:43:42,713 - stock_predictor - INFO - Epoch 1/100 - Train Loss: 1.186609 - Val Loss: 0.294663
2026-03-13 09:43:42,713 - stock_predictor - INFO - Validation loss decreased (inf --> 0.294663).  Saving model ...
2026-03-13 09:43:44,649 - stock_predictor - INFO - Epoch 2/100 - Train Loss: 1.180602 - Val Loss: 0.295357
2026-03-13 09:43:44,650 - stock_predictor - INFO - EarlyStopping counter: 1 out of 10
2026-03-13 09:43:46,693 - stock_predictor - INFO - Epoch 3/100 - Train Loss: 1.180891 - Val Loss: 0.299254
2026-03-13 09:43:46,693 - stock_predictor - INFO - EarlyStopping counter: 2 out of 10
2026-03-13 09:43:48,751 - stock_predictor - INFO - Epoch 4/100 - Train Loss: 1.181659 - Val Loss: 0.300764
2026-03-13 09:43:48,751 - stock_predictor - INFO - EarlyStopping counter: 3 out of 10
2026-03-13 09:43:50,831 - stock_predictor - INFO - Epoch 5/100 - Train Loss: 1.177312 - Val Loss: 0.295613
2026-03-13 09:43:50,831 - stock_predictor - INFO - EarlyStopping counter: 4 out of 10
2026-03-13 09:43:52,869 - stock_predictor - INFO - Epoch 6/100 - Train Loss: 1.174559 - Val Loss: 0.298151
2026-03-13 09:43:52,869 - stock_predictor - INFO - EarlyStopping counter: 5 out of 10
2026-03-13 09:43:54,824 - stock_predictor - INFO - Epoch 7/100 - Train Loss: 1.174551 - Val Loss: 0.316768
2026-03-13 09:43:54,825 - stock_predictor - INFO - EarlyStopping counter: 6 out of 10
2026-03-13 09:43:56,758 - stock_predictor - INFO - Epoch 8/100 - Train Loss: 1.171028 - Val Loss: 0.315020
2026-03-13 09:43:56,758 - stock_predictor - INFO - EarlyStopping counter: 7 out of 10
2026-03-13 09:43:58,667 - stock_predictor - INFO - Epoch 9/100 - Train Loss: 1.167526 - Val Loss: 0.314040
2026-03-13 09:43:58,667 - stock_predictor - INFO - EarlyStopping counter: 8 out of 10
2026-03-13 09:44:00,628 - stock_predictor - INFO - Epoch 10/100 - Train Loss: 1.161432 - Val Loss: 0.324201
2026-03-13 09:44:00,629 - stock_predictor - INFO - EarlyStopping counter: 9 out of 10
2026-03-13 09:44:02,669 - stock_predictor - INFO - Epoch 11/100 - Train Loss: 1.155272 - Val Loss: 0.336262
2026-03-13 09:44:02,671 - stock_predictor - INFO - EarlyStopping counter: 10 out of 10
2026-03-13 09:44:02,672 - stock_predictor - INFO - Early stopping triggered.
2026-03-13 09:44:02,673 - stock_predictor - INFO - Scaler saved to D:\InvestIQ-main\backend\models\saved_models\scaler_ICICIBANK.pkl
2026-03-13 09:44:02,674 - stock_predictor - INFO - Training completed for ICICIBANK.
2026-03-13 09:44:02,685 - stock_predictor - INFO - Starting advanced training pipeline for ICICIBANK.NS...
2026-03-13 09:44:02,692 - stock_predictor - INFO - Loaded data from D:\InvestIQ-main\backend\data\stock_data\ICICIBANK.NS.csv with shape (496, 8)
2026-03-13 09:44:02,706 - stock_predictor - INFO - Data cleaned successfully
2026-03-13 09:44:02,707 - stock_predictor - INFO - Fetching market index data for ^NSEI...
2026-03-13 09:44:02,724 - stock_predictor - WARNING - No data found for market index ^NSEI
2026-03-13 09:44:02,735 - stock_predictor - INFO - Technical indicators added successfully
2026-03-13 09:44:02,736 - stock_predictor - WARNING - Market data provided is empty. Skipping correlation.
2026-03-13 09:44:02,737 - stock_predictor - INFO - Adding simulated external data for ICICIBANK.NS...
2026-03-13 09:44:02,746 - stock_predictor - INFO - Scaled columns: ['Open', 'High', 'Low', 'Close', 'Volume', 'Dividends', 'Stock Splits', 'SMA_20', 'SMA_50', 'RSI', 'BB_High', 'BB_Low', 'VWAP', 'MACD', 'MACD_Signal', 'MACD_Hist', 'ATR', 'Log_Return', 'Volume_Change', 'Rolling_Volatility', 'Market_Correlation', 'Sentiment', 'Macro_Score']
2026-03-13 09:44:02,767 - stock_predictor - INFO - Training on cuda...
2026-03-13 09:44:02,891 - stock_predictor - INFO - Epoch 1/100 - Train Loss: 0.834387 - Val Loss: 1.457423
2026-03-13 09:44:02,891 - stock_predictor - INFO - Validation loss decreased (inf --> 1.457423).  Saving model ...
2026-03-13 09:44:03,028 - stock_predictor - INFO - Epoch 2/100 - Train Loss: 0.805858 - Val Loss: 1.435796
2026-03-13 09:44:03,029 - stock_predictor - INFO - Validation loss decreased (1.457423 --> 1.435796).  Saving model ...
2026-03-13 09:44:03,157 - stock_predictor - INFO - Epoch 3/100 - Train Loss: 0.788299 - Val Loss: 1.459966
2026-03-13 09:44:03,157 - stock_predictor - INFO - EarlyStopping counter: 1 out of 10
2026-03-13 09:44:03,277 - stock_predictor - INFO - Epoch 4/100 - Train Loss: 0.786471 - Val Loss: 1.497317
2026-03-13 09:44:03,278 - stock_predictor - INFO - EarlyStopping counter: 2 out of 10
2026-03-13 09:44:03,398 - stock_predictor - INFO - Epoch 5/100 - Train Loss: 0.763589 - Val Loss: 1.495257
2026-03-13 09:44:03,399 - stock_predictor - INFO - EarlyStopping counter: 3 out of 10
2026-03-13 09:44:03,516 - stock_predictor - INFO - Epoch 6/100 - Train Loss: 0.768922 - Val Loss: 1.544936
2026-03-13 09:44:03,517 - stock_predictor - INFO - EarlyStopping counter: 4 out of 10
2026-03-13 09:44:03,639 - stock_predictor - INFO - Epoch 7/100 - Train Loss: 0.742040 - Val Loss: 1.516150
2026-03-13 09:44:03,639 - stock_predictor - INFO - EarlyStopping counter: 5 out of 10
2026-03-13 09:44:03,758 - stock_predictor - INFO - Epoch 8/100 - Train Loss: 0.737587 - Val Loss: 1.471342
2026-03-13 09:44:03,758 - stock_predictor - INFO - EarlyStopping counter: 6 out of 10
2026-03-13 09:44:03,877 - stock_predictor - INFO - Epoch 9/100 - Train Loss: 0.730567 - Val Loss: 1.497383
2026-03-13 09:44:03,877 - stock_predictor - INFO - EarlyStopping counter: 7 out of 10
2026-03-13 09:44:03,997 - stock_predictor - INFO - Epoch 10/100 - Train Loss: 0.728775 - Val Loss: 1.414093
2026-03-13 09:44:03,999 - stock_predictor - INFO - Validation loss decreased (1.435796 --> 1.414093).  Saving model ...
2026-03-13 09:44:04,141 - stock_predictor - INFO - Epoch 11/100 - Train Loss: 0.732468 - Val Loss: 1.543844
2026-03-13 09:44:04,141 - stock_predictor - INFO - EarlyStopping counter: 1 out of 10
2026-03-13 09:44:04,272 - stock_predictor - INFO - Epoch 12/100 - Train Loss: 0.716250 - Val Loss: 1.481816
2026-03-13 09:44:04,273 - stock_predictor - INFO - EarlyStopping counter: 2 out of 10
2026-03-13 09:44:04,394 - stock_predictor - INFO - Epoch 13/100 - Train Loss: 0.715232 - Val Loss: 1.445158
2026-03-13 09:44:04,395 - stock_predictor - INFO - EarlyStopping counter: 3 out of 10
2026-03-13 09:44:04,513 - stock_predictor - INFO - Epoch 14/100 - Train Loss: 0.693951 - Val Loss: 1.452942
2026-03-13 09:44:04,513 - stock_predictor - INFO - EarlyStopping counter: 4 out of 10
2026-03-13 09:44:04,630 - stock_predictor - INFO - Epoch 15/100 - Train Loss: 0.683695 - Val Loss: 1.462068
2026-03-13 09:44:04,630 - stock_predictor - INFO - EarlyStopping counter: 5 out of 10
2026-03-13 09:44:04,747 - stock_predictor - INFO - Epoch 16/100 - Train Loss: 0.686246 - Val Loss: 1.471958
2026-03-13 09:44:04,748 - stock_predictor - INFO - EarlyStopping counter: 6 out of 10
2026-03-13 09:44:04,865 - stock_predictor - INFO - Epoch 17/100 - Train Loss: 0.674587 - Val Loss: 1.473563
2026-03-13 09:44:04,866 - stock_predictor - INFO - EarlyStopping counter: 7 out of 10
2026-03-13 09:44:04,983 - stock_predictor - INFO - Epoch 18/100 - Train Loss: 0.665680 - Val Loss: 1.434777
2026-03-13 09:44:04,983 - stock_predictor - INFO - EarlyStopping counter: 8 out of 10
2026-03-13 09:44:05,098 - stock_predictor - INFO - Epoch 19/100 - Train Loss: 0.669555 - Val Loss: 1.467084
2026-03-13 09:44:05,099 - stock_predictor - INFO - EarlyStopping counter: 9 out of 10
2026-03-13 09:44:05,242 - stock_predictor - INFO - Epoch 20/100 - Train Loss: 0.664233 - Val Loss: 1.449602
2026-03-13 09:44:05,242 - stock_predictor - INFO - EarlyStopping counter: 10 out of 10
2026-03-13 09:44:05,242 - stock_predictor - INFO - Early stopping triggered.
2026-03-13 09:44:05,244 - stock_predictor - INFO - Scaler saved to D:\InvestIQ-main\backend\models\saved_models\scaler_ICICIBANK.NS.pkl
2026-03-13 09:44:05,244 - stock_predictor - INFO - Training completed for ICICIBANK.NS.
2026-03-13 09:44:05,245 - stock_predictor - INFO - Starting advanced training pipeline for INFY...
2026-03-13 09:44:05,263 - stock_predictor - INFO - Detected metadata row, dropping row 0
2026-03-13 09:44:05,263 - stock_predictor - INFO - Loaded data from D:\InvestIQ-main\backend\data\stock_data\INFY.csv with shape (6465, 7)
2026-03-13 09:44:05,281 - stock_predictor - INFO - Data cleaned successfully
2026-03-13 09:44:05,281 - stock_predictor - INFO - Fetching market index data for ^NSEI...
2026-03-13 09:44:06,755 - stock_predictor - WARNING - No data found for market index ^NSEI
2026-03-13 09:44:06,796 - stock_predictor - INFO - Technical indicators added successfully
2026-03-13 09:44:06,797 - stock_predictor - WARNING - Market data provided is empty. Skipping correlation.
2026-03-13 09:44:06,798 - stock_predictor - INFO - Adding simulated external data for INFY...
2026-03-13 09:44:06,842 - stock_predictor - INFO - Scaled columns: ['Open', 'High', 'Low', 'Close', 'Volume', 'VWAP', 'SMA_20', 'SMA_50', 'RSI', 'BB_High', 'BB_Low', 'MACD', 'MACD_Signal', 'MACD_Hist', 'ATR', 'Log_Return', 'Volume_Change', 'Rolling_Volatility', 'Market_Correlation', 'Sentiment', 'Macro_Score']
2026-03-13 09:44:06,909 - stock_predictor - INFO - Training on cuda...
2026-03-13 09:44:09,327 - stock_predictor - INFO - Epoch 1/100 - Train Loss: 1.059686 - Val Loss: 0.487089
2026-03-13 09:44:09,328 - stock_predictor - INFO - Validation loss decreased (inf --> 0.487089).  Saving model ...
2026-03-13 09:44:11,609 - stock_predictor - INFO - Epoch 2/100 - Train Loss: 1.054318 - Val Loss: 0.487110
2026-03-13 09:44:11,609 - stock_predictor - INFO - EarlyStopping counter: 1 out of 10
2026-03-13 09:44:13,848 - stock_predictor - INFO - Epoch 3/100 - Train Loss: 1.053159 - Val Loss: 0.487803
2026-03-13 09:44:13,849 - stock_predictor - INFO - EarlyStopping counter: 2 out of 10
2026-03-13 09:44:16,005 - stock_predictor - INFO - Epoch 4/100 - Train Loss: 1.051830 - Val Loss: 0.486833
2026-03-13 09:44:16,005 - stock_predictor - INFO - Validation loss decreased (0.487089 --> 0.486833).  Saving model ...
2026-03-13 09:44:18,097 - stock_predictor - INFO - Epoch 5/100 - Train Loss: 1.052730 - Val Loss: 0.486022
2026-03-13 09:44:18,097 - stock_predictor - INFO - Validation loss decreased (0.486833 --> 0.486022).  Saving model ...
2026-03-13 09:44:20,482 - stock_predictor - INFO - Epoch 6/100 - Train Loss: 1.051934 - Val Loss: 0.486059
2026-03-13 09:44:20,483 - stock_predictor - INFO - EarlyStopping counter: 1 out of 10
2026-03-13 09:44:22,632 - stock_predictor - INFO - Epoch 7/100 - Train Loss: 1.051704 - Val Loss: 0.486041
2026-03-13 09:44:22,632 - stock_predictor - INFO - EarlyStopping counter: 2 out of 10
2026-03-13 09:44:24,773 - stock_predictor - INFO - Epoch 8/100 - Train Loss: 1.050871 - Val Loss: 0.485970
2026-03-13 09:44:24,774 - stock_predictor - INFO - Validation loss decreased (0.486022 --> 0.485970).  Saving model ...
2026-03-13 09:44:26,956 - stock_predictor - INFO - Epoch 9/100 - Train Loss: 1.052382 - Val Loss: 0.485833
2026-03-13 09:44:26,957 - stock_predictor - INFO - Validation loss decreased (0.485970 --> 0.485833).  Saving model ...
2026-03-13 09:44:29,079 - stock_predictor - INFO - Epoch 10/100 - Train Loss: 1.052077 - Val Loss: 0.489916
2026-03-13 09:44:29,079 - stock_predictor - INFO - EarlyStopping counter: 1 out of 10
2026-03-13 09:44:31,229 - stock_predictor - INFO - Epoch 11/100 - Train Loss: 1.052272 - Val Loss: 0.485727
2026-03-13 09:44:31,230 - stock_predictor - INFO - Validation loss decreased (0.485833 --> 0.485727).  Saving model ...
2026-03-13 09:44:33,382 - stock_predictor - INFO - Epoch 12/100 - Train Loss: 1.052541 - Val Loss: 0.485732
2026-03-13 09:44:33,382 - stock_predictor - INFO - EarlyStopping counter: 1 out of 10
2026-03-13 09:44:35,533 - stock_predictor - INFO - Epoch 13/100 - Train Loss: 1.051791 - Val Loss: 0.485737
2026-03-13 09:44:35,534 - stock_predictor - INFO - EarlyStopping counter: 2 out of 10
2026-03-13 09:44:37,614 - stock_predictor - INFO - Epoch 14/100 - Train Loss: 1.052036 - Val Loss: 0.485698
2026-03-13 09:44:37,615 - stock_predictor - INFO - Validation loss decreased (0.485727 --> 0.485698).  Saving model ...
2026-03-13 09:44:39,763 - stock_predictor - INFO - Epoch 15/100 - Train Loss: 1.052369 - Val Loss: 0.485692
2026-03-13 09:44:39,763 - stock_predictor - INFO - Validation loss decreased (0.485698 --> 0.485692).  Saving model ...
2026-03-13 09:44:42,157 - stock_predictor - INFO - Epoch 16/100 - Train Loss: 1.052388 - Val Loss: 0.485694
2026-03-13 09:44:42,157 - stock_predictor - INFO - EarlyStopping counter: 1 out of 10
2026-03-13 09:44:44,590 - stock_predictor - INFO - Epoch 17/100 - Train Loss: 1.052392 - Val Loss: 0.485686
2026-03-13 09:44:44,590 - stock_predictor - INFO - Validation loss decreased (0.485692 --> 0.485686).  Saving model ...
2026-03-13 09:44:46,980 - stock_predictor - INFO - Epoch 18/100 - Train Loss: 1.052387 - Val Loss: 0.485684
2026-03-13 09:44:46,980 - stock_predictor - INFO - Validation loss decreased (0.485686 --> 0.485684).  Saving model ...
2026-03-13 09:44:49,196 - stock_predictor - INFO - Epoch 19/100 - Train Loss: 1.052347 - Val Loss: 0.485690
2026-03-13 09:44:49,197 - stock_predictor - INFO - EarlyStopping counter: 1 out of 10
2026-03-13 09:44:51,266 - stock_predictor - INFO - Epoch 20/100 - Train Loss: 1.052342 - Val Loss: 0.485696
2026-03-13 09:44:51,266 - stock_predictor - INFO - EarlyStopping counter: 2 out of 10
2026-03-13 09:44:53,722 - stock_predictor - INFO - Epoch 21/100 - Train Loss: 1.052288 - Val Loss: 0.485688
2026-03-13 09:44:53,723 - stock_predictor - INFO - EarlyStopping counter: 3 out of 10
2026-03-13 09:44:56,148 - stock_predictor - INFO - Epoch 22/100 - Train Loss: 1.052343 - Val Loss: 0.485685
2026-03-13 09:44:56,149 - stock_predictor - INFO - EarlyStopping counter: 4 out of 10
2026-03-13 09:44:58,545 - stock_predictor - INFO - Epoch 23/100 - Train Loss: 1.052308 - Val Loss: 0.485684
2026-03-13 09:44:58,545 - stock_predictor - INFO - Validation loss decreased (0.485684 --> 0.485684).  Saving model ...
2026-03-13 09:45:00,947 - stock_predictor - INFO - Epoch 24/100 - Train Loss: 1.052345 - Val Loss: 0.485686
2026-03-13 09:45:00,947 - stock_predictor - INFO - EarlyStopping counter: 1 out of 10
2026-03-13 09:45:03,174 - stock_predictor - INFO - Epoch 25/100 - Train Loss: 1.052254 - Val Loss: 0.485688
2026-03-13 09:45:03,175 - stock_predictor - INFO - EarlyStopping counter: 2 out of 10
2026-03-13 09:45:05,366 - stock_predictor - INFO - Epoch 26/100 - Train Loss: 1.052268 - Val Loss: 0.485689
2026-03-13 09:45:05,367 - stock_predictor - INFO - EarlyStopping counter: 3 out of 10
2026-03-13 09:45:07,507 - stock_predictor - INFO - Epoch 27/100 - Train Loss: 1.052254 - Val Loss: 0.485687
2026-03-13 09:45:07,507 - stock_predictor - INFO - EarlyStopping counter: 4 out of 10
2026-03-13 09:45:09,709 - stock_predictor - INFO - Epoch 28/100 - Train Loss: 1.052420 - Val Loss: 0.485686
2026-03-13 09:45:09,710 - stock_predictor - INFO - EarlyStopping counter: 5 out of 10
2026-03-13 09:45:11,817 - stock_predictor - INFO - Epoch 29/100 - Train Loss: 1.052308 - Val Loss: 0.485687
2026-03-13 09:45:11,817 - stock_predictor - INFO - EarlyStopping counter: 6 out of 10
2026-03-13 09:45:13,832 - stock_predictor - INFO - Epoch 30/100 - Train Loss: 1.052353 - Val Loss: 0.485687
2026-03-13 09:45:13,833 - stock_predictor - INFO - EarlyStopping counter: 7 out of 10
2026-03-13 09:45:15,839 - stock_predictor - INFO - Epoch 31/100 - Train Loss: 1.052228 - Val Loss: 0.485687
2026-03-13 09:45:15,839 - stock_predictor - INFO - EarlyStopping counter: 8 out of 10
2026-03-13 09:45:18,023 - stock_predictor - INFO - Epoch 32/100 - Train Loss: 1.052241 - Val Loss: 0.485687
2026-03-13 09:45:18,024 - stock_predictor - INFO - EarlyStopping counter: 9 out of 10
2026-03-13 09:45:20,040 - stock_predictor - INFO - Epoch 33/100 - Train Loss: 1.052274 - Val Loss: 0.485686
2026-03-13 09:45:20,040 - stock_predictor - INFO - EarlyStopping counter: 10 out of 10
2026-03-13 09:45:20,040 - stock_predictor - INFO - Early stopping triggered.
2026-03-13 09:45:20,042 - stock_predictor - INFO - Scaler saved to D:\InvestIQ-main\backend\models\saved_models\scaler_INFY.pkl
2026-03-13 09:45:20,042 - stock_predictor - INFO - Training completed for INFY.
2026-03-13 09:45:20,049 - stock_predictor - INFO - Starting advanced training pipeline for INFY.NS...
2026-03-13 09:45:20,052 - stock_predictor - INFO - Loaded data from D:\InvestIQ-main\backend\data\stock_data\INFY.NS.csv with shape (496, 8)
2026-03-13 09:45:20,059 - stock_predictor - INFO - Data cleaned successfully
2026-03-13 09:45:20,059 - stock_predictor - INFO - Fetching market index data for ^NSEI...
2026-03-13 09:45:20,075 - stock_predictor - WARNING - No data found for market index ^NSEI
2026-03-13 09:45:20,089 - stock_predictor - INFO - Technical indicators added successfully
2026-03-13 09:45:20,090 - stock_predictor - WARNING - Market data provided is empty. Skipping correlation.
2026-03-13 09:45:20,093 - stock_predictor - INFO - Adding simulated external data for INFY.NS...
2026-03-13 09:45:20,104 - stock_predictor - INFO - Scaled columns: ['Open', 'High', 'Low', 'Close', 'Volume', 'Dividends', 'Stock Splits', 'SMA_20', 'SMA_50', 'RSI', 'BB_High', 'BB_Low', 'VWAP', 'MACD', 'MACD_Signal', 'MACD_Hist', 'ATR', 'Log_Return', 'Volume_Change', 'Rolling_Volatility', 'Market_Correlation', 'Sentiment', 'Macro_Score']
2026-03-13 09:45:20,120 - stock_predictor - INFO - Training on cuda...
2026-03-13 09:45:20,236 - stock_predictor - INFO - Epoch 1/100 - Train Loss: 1.109221 - Val Loss: 0.878557
2026-03-13 09:45:20,237 - stock_predictor - INFO - Validation loss decreased (inf --> 0.878557).  Saving model ...
2026-03-13 09:45:20,358 - stock_predictor - INFO - Epoch 2/100 - Train Loss: 1.054811 - Val Loss: 0.877585
2026-03-13 09:45:20,358 - stock_predictor - INFO - Validation loss decreased (0.878557 --> 0.877585).  Saving model ...
2026-03-13 09:45:20,485 - stock_predictor - INFO - Epoch 3/100 - Train Loss: 1.045825 - Val Loss: 0.863762
2026-03-13 09:45:20,486 - stock_predictor - INFO - Validation loss decreased (0.877585 --> 0.863762).  Saving model ...
2026-03-13 09:45:20,614 - stock_predictor - INFO - Epoch 4/100 - Train Loss: 1.035073 - Val Loss: 0.913972
2026-03-13 09:45:20,614 - stock_predictor - INFO - EarlyStopping counter: 1 out of 10
2026-03-13 09:45:20,730 - stock_predictor - INFO - Epoch 5/100 - Train Loss: 1.033183 - Val Loss: 0.922098
2026-03-13 09:45:20,730 - stock_predictor - INFO - EarlyStopping counter: 2 out of 10
2026-03-13 09:45:20,847 - stock_predictor - INFO - Epoch 6/100 - Train Loss: 1.027647 - Val Loss: 0.921732
2026-03-13 09:45:20,847 - stock_predictor - INFO - EarlyStopping counter: 3 out of 10
2026-03-13 09:45:20,968 - stock_predictor - INFO - Epoch 7/100 - Train Loss: 1.016740 - Val Loss: 0.910732
2026-03-13 09:45:20,968 - stock_predictor - INFO - EarlyStopping counter: 4 out of 10
2026-03-13 09:45:21,083 - stock_predictor - INFO - Epoch 8/100 - Train Loss: 1.006481 - Val Loss: 0.943764
2026-03-13 09:45:21,083 - stock_predictor - INFO - EarlyStopping counter: 5 out of 10
2026-03-13 09:45:21,198 - stock_predictor - INFO - Epoch 9/100 - Train Loss: 1.000942 - Val Loss: 0.929749
2026-03-13 09:45:21,198 - stock_predictor - INFO - EarlyStopping counter: 6 out of 10
2026-03-13 09:45:21,320 - stock_predictor - INFO - Epoch 10/100 - Train Loss: 1.008435 - Val Loss: 0.950067
2026-03-13 09:45:21,320 - stock_predictor - INFO - EarlyStopping counter: 7 out of 10
2026-03-13 09:45:21,439 - stock_predictor - INFO - Epoch 11/100 - Train Loss: 0.988918 - Val Loss: 0.934339
2026-03-13 09:45:21,439 - stock_predictor - INFO - EarlyStopping counter: 8 out of 10
2026-03-13 09:45:21,555 - stock_predictor - INFO - Epoch 12/100 - Train Loss: 0.971769 - Val Loss: 0.982343
2026-03-13 09:45:21,556 - stock_predictor - INFO - EarlyStopping counter: 9 out of 10
2026-03-13 09:45:21,683 - stock_predictor - INFO - Epoch 13/100 - Train Loss: 0.963151 - Val Loss: 0.998153
2026-03-13 09:45:21,684 - stock_predictor - INFO - EarlyStopping counter: 10 out of 10
2026-03-13 09:45:21,684 - stock_predictor - INFO - Early stopping triggered.
2026-03-13 09:45:21,686 - stock_predictor - INFO - Scaler saved to D:\InvestIQ-main\backend\models\saved_models\scaler_INFY.NS.pkl
2026-03-13 09:45:21,686 - stock_predictor - INFO - Training completed for INFY.NS.
2026-03-13 09:45:21,687 - stock_predictor - INFO - Starting advanced training pipeline for RELIANCE...
2026-03-13 09:45:21,707 - stock_predictor - INFO - Detected metadata row, dropping row 0
2026-03-13 09:45:21,708 - stock_predictor - INFO - Loaded data from D:\InvestIQ-main\backend\data\stock_data\RELIANCE.csv with shape (6309, 7)
2026-03-13 09:45:21,730 - stock_predictor - INFO - Data cleaned successfully
2026-03-13 09:45:21,731 - stock_predictor - INFO - Fetching market index data for ^NSEI...
2026-03-13 09:45:23,271 - stock_predictor - WARNING - No data found for market index ^NSEI
2026-03-13 09:45:23,378 - stock_predictor - INFO - Technical indicators added successfully
2026-03-13 09:45:23,379 - stock_predictor - WARNING - Market data provided is empty. Skipping correlation.
2026-03-13 09:45:23,380 - stock_predictor - INFO - Adding simulated external data for RELIANCE...
2026-03-13 09:45:23,425 - stock_predictor - INFO - Scaled columns: ['Open', 'High', 'Low', 'Close', 'Volume', 'VWAP', 'SMA_20', 'SMA_50', 'RSI', 'BB_High', 'BB_Low', 'MACD', 'MACD_Signal', 'MACD_Hist', 'ATR', 'Log_Return', 'Volume_Change', 'Rolling_Volatility', 'Market_Correlation', 'Sentiment', 'Macro_Score']
2026-03-13 09:45:23,483 - stock_predictor - INFO - Training on cuda...
2026-03-13 09:45:25,837 - stock_predictor - INFO - Epoch 1/100 - Train Loss: 1.138356 - Val Loss: 0.495169
2026-03-13 09:45:25,838 - stock_predictor - INFO - Validation loss decreased (inf --> 0.495169).  Saving model ...
2026-03-13 09:45:28,115 - stock_predictor - INFO - Epoch 2/100 - Train Loss: 1.135387 - Val Loss: 0.496822
2026-03-13 09:45:28,115 - stock_predictor - INFO - EarlyStopping counter: 1 out of 10
2026-03-13 09:45:30,415 - stock_predictor - INFO - Epoch 3/100 - Train Loss: 1.132133 - Val Loss: 0.502124
2026-03-13 09:45:30,415 - stock_predictor - INFO - EarlyStopping counter: 2 out of 10
2026-03-13 09:45:32,890 - stock_predictor - INFO - Epoch 4/100 - Train Loss: 1.132937 - Val Loss: 0.495838
2026-03-13 09:45:32,891 - stock_predictor - INFO - EarlyStopping counter: 3 out of 10
2026-03-13 09:45:35,924 - stock_predictor - INFO - Epoch 5/100 - Train Loss: 1.131387 - Val Loss: 0.496180
2026-03-13 09:45:35,925 - stock_predictor - INFO - EarlyStopping counter: 4 out of 10
2026-03-13 09:45:38,272 - stock_predictor - INFO - Epoch 6/100 - Train Loss: 1.129308 - Val Loss: 0.498168
2026-03-13 09:45:38,273 - stock_predictor - INFO - EarlyStopping counter: 5 out of 10
2026-03-13 09:45:40,743 - stock_predictor - INFO - Epoch 7/100 - Train Loss: 1.128711 - Val Loss: 0.501112
2026-03-13 09:45:40,743 - stock_predictor - INFO - EarlyStopping counter: 6 out of 10
2026-03-13 09:45:43,546 - stock_predictor - INFO - Epoch 8/100 - Train Loss: 1.126238 - Val Loss: 0.508684
2026-03-13 09:45:43,548 - stock_predictor - INFO - EarlyStopping counter: 7 out of 10
2026-03-13 09:45:47,798 - stock_predictor - INFO - Epoch 9/100 - Train Loss: 1.124774 - Val Loss: 0.504268
2026-03-13 09:45:47,798 - stock_predictor - INFO - EarlyStopping counter: 8 out of 10
2026-03-13 09:45:52,193 - stock_predictor - INFO - Epoch 10/100 - Train Loss: 1.118874 - Val Loss: 0.544452
2026-03-13 09:45:52,193 - stock_predictor - INFO - EarlyStopping counter: 9 out of 10
2026-03-13 09:45:55,376 - stock_predictor - INFO - Epoch 11/100 - Train Loss: 1.116511 - Val Loss: 0.518444
2026-03-13 09:45:55,376 - stock_predictor - INFO - EarlyStopping counter: 10 out of 10
2026-03-13 09:45:55,376 - stock_predictor - INFO - Early stopping triggered.
2026-03-13 09:45:55,377 - stock_predictor - INFO - Scaler saved to D:\InvestIQ-main\backend\models\saved_models\scaler_RELIANCE.pkl
2026-03-13 09:45:55,378 - stock_predictor - INFO - Training completed for RELIANCE.
2026-03-13 09:45:55,382 - stock_predictor - INFO - Starting advanced training pipeline for RELIANCE.NS...
2026-03-13 09:45:55,386 - stock_predictor - INFO - Loaded data from D:\InvestIQ-main\backend\data\stock_data\RELIANCE.NS.csv with shape (496, 8)
2026-03-13 09:45:55,393 - stock_predictor - INFO - Data cleaned successfully
2026-03-13 09:45:55,393 - stock_predictor - INFO - Fetching market index data for ^NSEI...
2026-03-13 09:45:55,408 - stock_predictor - WARNING - No data found for market index ^NSEI
2026-03-13 09:45:55,419 - stock_predictor - INFO - Technical indicators added successfully
2026-03-13 09:45:55,420 - stock_predictor - WARNING - Market data provided is empty. Skipping correlation.
2026-03-13 09:45:55,420 - stock_predictor - INFO - Adding simulated external data for RELIANCE.NS...
2026-03-13 09:45:55,427 - stock_predictor - INFO - Scaled columns: ['Open', 'High', 'Low', 'Close', 'Volume', 'Dividends', 'Stock Splits', 'SMA_20', 'SMA_50', 'RSI', 'BB_High', 'BB_Low', 'VWAP', 'MACD', 'MACD_Signal', 'MACD_Hist', 'ATR', 'Log_Return', 'Volume_Change', 'Rolling_Volatility', 'Market_Correlation', 'Sentiment', 'Macro_Score']
2026-03-13 09:45:55,446 - stock_predictor - INFO - Training on cuda...
2026-03-13 09:45:55,564 - stock_predictor - INFO - Epoch 1/100 - Train Loss: 0.914367 - Val Loss: 1.159403
2026-03-13 09:45:55,564 - stock_predictor - INFO - Validation loss decreased (inf --> 1.159403).  Saving model ...
2026-03-13 09:45:55,691 - stock_predictor - INFO - Epoch 2/100 - Train Loss: 0.876038 - Val Loss: 1.151573
2026-03-13 09:45:55,692 - stock_predictor - INFO - Validation loss decreased (1.159403 --> 1.151573).  Saving model ...
2026-03-13 09:45:55,816 - stock_predictor - INFO - Epoch 3/100 - Train Loss: 0.866775 - Val Loss: 1.143786
2026-03-13 09:45:55,816 - stock_predictor - INFO - Validation loss decreased (1.151573 --> 1.143786).  Saving model ...
2026-03-13 09:45:55,944 - stock_predictor - INFO - Epoch 4/100 - Train Loss: 0.851414 - Val Loss: 1.141837
2026-03-13 09:45:55,944 - stock_predictor - INFO - Validation loss decreased (1.143786 --> 1.141837).  Saving model ...
2026-03-13 09:45:56,075 - stock_predictor - INFO - Epoch 5/100 - Train Loss: 0.842485 - Val Loss: 1.143698
2026-03-13 09:45:56,076 - stock_predictor - INFO - EarlyStopping counter: 1 out of 10
2026-03-13 09:45:56,191 - stock_predictor - INFO - Epoch 6/100 - Train Loss: 0.843737 - Val Loss: 1.135397
2026-03-13 09:45:56,192 - stock_predictor - INFO - Validation loss decreased (1.141837 --> 1.135397).  Saving model ...
2026-03-13 09:45:56,337 - stock_predictor - INFO - Epoch 7/100 - Train Loss: 0.851664 - Val Loss: 1.168779
2026-03-13 09:45:56,337 - stock_predictor - INFO - EarlyStopping counter: 1 out of 10
2026-03-13 09:45:56,459 - stock_predictor - INFO - Epoch 8/100 - Train Loss: 0.830059 - Val Loss: 1.150117
2026-03-13 09:45:56,459 - stock_predictor - INFO - EarlyStopping counter: 2 out of 10
2026-03-13 09:45:56,577 - stock_predictor - INFO - Epoch 9/100 - Train Loss: 0.835902 - Val Loss: 1.137657
2026-03-13 09:45:56,577 - stock_predictor - INFO - EarlyStopping counter: 3 out of 10
2026-03-13 09:45:56,696 - stock_predictor - INFO - Epoch 10/100 - Train Loss: 0.830788 - Val Loss: 1.179787
2026-03-13 09:45:56,696 - stock_predictor - INFO - EarlyStopping counter: 4 out of 10
2026-03-13 09:45:56,826 - stock_predictor - INFO - Epoch 11/100 - Train Loss: 0.809630 - Val Loss: 1.136231
2026-03-13 09:45:56,826 - stock_predictor - INFO - EarlyStopping counter: 5 out of 10
2026-03-13 09:45:56,947 - stock_predictor - INFO - Epoch 12/100 - Train Loss: 0.801650 - Val Loss: 1.168572
2026-03-13 09:45:56,948 - stock_predictor - INFO - EarlyStopping counter: 6 out of 10
2026-03-13 09:45:57,072 - stock_predictor - INFO - Epoch 13/100 - Train Loss: 0.774819 - Val Loss: 1.178437
2026-03-13 09:45:57,072 - stock_predictor - INFO - EarlyStopping counter: 7 out of 10
2026-03-13 09:45:57,195 - stock_predictor - INFO - Epoch 14/100 - Train Loss: 0.779507 - Val Loss: 1.170383
2026-03-13 09:45:57,195 - stock_predictor - INFO - EarlyStopping counter: 8 out of 10
2026-03-13 09:45:57,314 - stock_predictor - INFO - Epoch 15/100 - Train Loss: 0.764863 - Val Loss: 1.169428
2026-03-13 09:45:57,314 - stock_predictor - INFO - EarlyStopping counter: 9 out of 10
2026-03-13 09:45:57,444 - stock_predictor - INFO - Epoch 16/100 - Train Loss: 0.765188 - Val Loss: 1.160312
2026-03-13 09:45:57,444 - stock_predictor - INFO - EarlyStopping counter: 10 out of 10
2026-03-13 09:45:57,445 - stock_predictor - INFO - Early stopping triggered.
2026-03-13 09:45:57,446 - stock_predictor - INFO - Scaler saved to D:\InvestIQ-main\backend\models\saved_models\scaler_RELIANCE.NS.pkl
2026-03-13 09:45:57,447 - stock_predictor - INFO - Training completed for RELIANCE.NS.
2026-03-13 09:45:57,448 - stock_predictor - INFO - Starting advanced training pipeline for TCS...
2026-03-13 09:45:57,471 - stock_predictor - INFO - Detected metadata row, dropping row 0
2026-03-13 09:45:57,472 - stock_predictor - INFO - Loaded data from D:\InvestIQ-main\backend\data\stock_data\TCS.csv with shape (5271, 7)
2026-03-13 09:45:57,492 - stock_predictor - INFO - Data cleaned successfully
2026-03-13 09:45:57,493 - stock_predictor - INFO - Fetching market index data for ^NSEI...
2026-03-13 09:46:07,571 - stock_predictor - WARNING - No data found for market index ^NSEI
2026-03-13 09:46:07,685 - stock_predictor - INFO - Technical indicators added successfully
2026-03-13 09:46:07,686 - stock_predictor - WARNING - Market data provided is empty. Skipping correlation.
2026-03-13 09:46:07,688 - stock_predictor - INFO - Adding simulated external data for TCS...
2026-03-13 09:46:07,818 - stock_predictor - INFO - Scaled columns: ['Open', 'High', 'Low', 'Close', 'Volume', 'VWAP', 'SMA_20', 'SMA_50', 'RSI', 'BB_High', 'BB_Low', 'MACD', 'MACD_Signal', 'MACD_Hist', 'ATR', 'Log_Return', 'Volume_Change', 'Rolling_Volatility', 'Market_Correlation', 'Sentiment', 'Macro_Score']
2026-03-13 09:46:07,925 - stock_predictor - INFO - Training on cuda...
2026-03-13 09:46:14,705 - stock_predictor - INFO - Epoch 1/100 - Train Loss: 1.133824 - Val Loss: 0.599040
2026-03-13 09:46:14,706 - stock_predictor - INFO - Validation loss decreased (inf --> 0.599040).  Saving model ...
2026-03-13 09:46:20,368 - stock_predictor - INFO - Epoch 2/100 - Train Loss: 1.124222 - Val Loss: 0.593999
2026-03-13 09:46:20,369 - stock_predictor - INFO - Validation loss decreased (0.599040 --> 0.593999).  Saving model ...
2026-03-13 09:46:26,732 - stock_predictor - INFO - Epoch 3/100 - Train Loss: 1.158893 - Val Loss: 0.595017
2026-03-13 09:46:26,734 - stock_predictor - INFO - EarlyStopping counter: 1 out of 10
2026-03-13 09:46:32,827 - stock_predictor - INFO - Epoch 4/100 - Train Loss: 1.124692 - Val Loss: 0.593697
2026-03-13 09:46:32,827 - stock_predictor - INFO - Validation loss decreased (0.593999 --> 0.593697).  Saving model ...
2026-03-13 09:46:36,217 - stock_predictor - INFO - Epoch 5/100 - Train Loss: 1.120993 - Val Loss: 0.593943
2026-03-13 09:46:36,218 - stock_predictor - INFO - EarlyStopping counter: 1 out of 10
2026-03-13 09:46:39,027 - stock_predictor - INFO - Epoch 6/100 - Train Loss: 1.125848 - Val Loss: 0.593872
2026-03-13 09:46:39,028 - stock_predictor - INFO - EarlyStopping counter: 2 out of 10
2026-03-13 09:46:40,838 - stock_predictor - INFO - Epoch 7/100 - Train Loss: 1.123584 - Val Loss: 0.592627
2026-03-13 09:46:40,839 - stock_predictor - INFO - Validation loss decreased (0.593697 --> 0.592627).  Saving model ...
2026-03-13 09:46:42,590 - stock_predictor - INFO - Epoch 8/100 - Train Loss: 1.123892 - Val Loss: 0.595541
2026-03-13 09:46:42,590 - stock_predictor - INFO - EarlyStopping counter: 1 out of 10
2026-03-13 09:46:44,325 - stock_predictor - INFO - Epoch 9/100 - Train Loss: 1.129950 - Val Loss: 0.598954
2026-03-13 09:46:44,325 - stock_predictor - INFO - EarlyStopping counter: 2 out of 10
2026-03-13 09:46:46,108 - stock_predictor - INFO - Epoch 10/100 - Train Loss: 1.119651 - Val Loss: 0.618472
2026-03-13 09:46:46,108 - stock_predictor - INFO - EarlyStopping counter: 3 out of 10
2026-03-13 09:46:47,972 - stock_predictor - INFO - Epoch 11/100 - Train Loss: 1.162244 - Val Loss: 0.616806
2026-03-13 09:46:47,973 - stock_predictor - INFO - EarlyStopping counter: 4 out of 10
2026-03-13 09:46:49,725 - stock_predictor - INFO - Epoch 12/100 - Train Loss: 1.124923 - Val Loss: 0.643250
2026-03-13 09:46:49,725 - stock_predictor - INFO - EarlyStopping counter: 5 out of 10
2026-03-13 09:46:53,779 - stock_predictor - INFO - Epoch 13/100 - Train Loss: 1.122654 - Val Loss: 0.612832
2026-03-13 09:46:53,782 - stock_predictor - INFO - EarlyStopping counter: 6 out of 10
2026-03-13 09:46:58,830 - stock_predictor - INFO - Epoch 14/100 - Train Loss: 1.120876 - Val Loss: 0.612640
2026-03-13 09:46:58,832 - stock_predictor - INFO - EarlyStopping counter: 7 out of 10
2026-03-13 09:47:01,947 - stock_predictor - INFO - Epoch 15/100 - Train Loss: 1.119181 - Val Loss: 0.632395
2026-03-13 09:47:01,948 - stock_predictor - INFO - EarlyStopping counter: 8 out of 10
2026-03-13 09:47:05,055 - stock_predictor - INFO - Epoch 16/100 - Train Loss: 1.132805 - Val Loss: 0.653238
2026-03-13 09:47:05,059 - stock_predictor - INFO - EarlyStopping counter: 9 out of 10
2026-03-13 09:47:08,287 - stock_predictor - INFO - Epoch 17/100 - Train Loss: 1.116882 - Val Loss: 0.703000
2026-03-13 09:47:08,288 - stock_predictor - INFO - EarlyStopping counter: 10 out of 10
2026-03-13 09:47:08,288 - stock_predictor - INFO - Early stopping triggered.
2026-03-13 09:47:08,291 - stock_predictor - INFO - Scaler saved to D:\InvestIQ-main\backend\models\saved_models\scaler_TCS.pkl
2026-03-13 09:47:08,291 - stock_predictor - INFO - Training completed for TCS.
2026-03-13 09:47:08,304 - stock_predictor - INFO - Starting advanced training pipeline for TCS.NS...
2026-03-13 09:47:08,309 - stock_predictor - INFO - Loaded data from D:\InvestIQ-main\backend\data\stock_data\TCS.NS.csv with shape (496, 8)
2026-03-13 09:47:08,338 - stock_predictor - INFO - Data cleaned successfully
2026-03-13 09:47:08,339 - stock_predictor - INFO - Fetching market index data for ^NSEI...
2026-03-13 09:47:08,358 - stock_predictor - WARNING - No data found for market index ^NSEI
2026-03-13 09:47:08,389 - stock_predictor - INFO - Technical indicators added successfully
2026-03-13 09:47:08,389 - stock_predictor - WARNING - Market data provided is empty. Skipping correlation.
2026-03-13 09:47:08,390 - stock_predictor - INFO - Adding simulated external data for TCS.NS...
2026-03-13 09:47:08,412 - stock_predictor - INFO - Scaled columns: ['Open', 'High', 'Low', 'Close', 'Volume', 'Dividends', 'Stock Splits', 'SMA_20', 'SMA_50', 'RSI', 'BB_High', 'BB_Low', 'VWAP', 'MACD', 'MACD_Signal', 'MACD_Hist', 'ATR', 'Log_Return', 'Volume_Change', 'Rolling_Volatility', 'Market_Correlation', 'Sentiment', 'Macro_Score']
2026-03-13 09:47:08,438 - stock_predictor - INFO - Training on cuda...
2026-03-13 09:47:08,654 - stock_predictor - INFO - Epoch 1/100 - Train Loss: 0.966020 - Val Loss: 1.273926
2026-03-13 09:47:08,654 - stock_predictor - INFO - Validation loss decreased (inf --> 1.273926).  Saving model ...
2026-03-13 09:47:08,885 - stock_predictor - INFO - Epoch 2/100 - Train Loss: 0.916291 - Val Loss: 1.212589
2026-03-13 09:47:08,886 - stock_predictor - INFO - Validation loss decreased (1.273926 --> 1.212589).  Saving model ...
2026-03-13 09:47:09,122 - stock_predictor - INFO - Epoch 3/100 - Train Loss: 0.914530 - Val Loss: 1.258503
2026-03-13 09:47:09,122 - stock_predictor - INFO - EarlyStopping counter: 1 out of 10
2026-03-13 09:47:09,341 - stock_predictor - INFO - Epoch 4/100 - Train Loss: 0.900849 - Val Loss: 1.247572
2026-03-13 09:47:09,342 - stock_predictor - INFO - EarlyStopping counter: 2 out of 10
2026-03-13 09:47:09,564 - stock_predictor - INFO - Epoch 5/100 - Train Loss: 0.877757 - Val Loss: 1.305486
2026-03-13 09:47:09,564 - stock_predictor - INFO - EarlyStopping counter: 3 out of 10
2026-03-13 09:47:09,770 - stock_predictor - INFO - Epoch 6/100 - Train Loss: 0.865373 - Val Loss: 1.340421
2026-03-13 09:47:09,771 - stock_predictor - INFO - EarlyStopping counter: 4 out of 10
2026-03-13 09:47:09,970 - stock_predictor - INFO - Epoch 7/100 - Train Loss: 0.858725 - Val Loss: 1.314949
2026-03-13 09:47:09,970 - stock_predictor - INFO - EarlyStopping counter: 5 out of 10
2026-03-13 09:47:10,198 - stock_predictor - INFO - Epoch 8/100 - Train Loss: 0.858391 - Val Loss: 1.332464
2026-03-13 09:47:10,199 - stock_predictor - INFO - EarlyStopping counter: 6 out of 10
2026-03-13 09:47:10,439 - stock_predictor - INFO - Epoch 9/100 - Train Loss: 0.842115 - Val Loss: 1.356233
2026-03-13 09:47:10,439 - stock_predictor - INFO - EarlyStopping counter: 7 out of 10
2026-03-13 09:47:10,785 - stock_predictor - INFO - Epoch 10/100 - Train Loss: 0.815339 - Val Loss: 1.404534
2026-03-13 09:47:10,785 - stock_predictor - INFO - EarlyStopping counter: 8 out of 10
2026-03-13 09:47:10,999 - stock_predictor - INFO - Epoch 11/100 - Train Loss: 0.812348 - Val Loss: 1.414417
2026-03-13 09:47:11,000 - stock_predictor - INFO - EarlyStopping counter: 9 out of 10
2026-03-13 09:47:11,211 - stock_predictor - INFO - Epoch 12/100 - Train Loss: 0.812227 - Val Loss: 1.410964
2026-03-13 09:47:11,211 - stock_predictor - INFO - EarlyStopping counter: 10 out of 10
2026-03-13 09:47:11,212 - stock_predictor - INFO - Early stopping triggered.
2026-03-13 09:47:11,214 - stock_predictor - INFO - Scaler saved to D:\InvestIQ-main\backend\models\saved_models\scaler_TCS.NS.pkl
2026-03-13 09:47:11,215 - stock_predictor - INFO - Training completed for TCS.NS.
2026-03-13 10:00:38,921 - stock_predictor - INFO - [DataLoader] Found exact CSV: D:\InvestIQ-main\backend\data\stock_data\HDFCBANK.NS.csv
2026-03-13 10:00:38,921 - stock_predictor - INFO - [DataLoader] Loading HDFCBANK.NS from local CSV: D:\InvestIQ-main\backend\data\stock_data\HDFCBANK.NS.csv
2026-03-13 10:01:24,928 - stock_predictor - INFO - [DataLoader] Found base CSV (30y data): D:\InvestIQ-main\backend\data\stock_data\HDFCBANK.csv
2026-03-13 10:01:24,928 - stock_predictor - INFO - [DataLoader] Loading HDFCBANK.NS from local CSV: D:\InvestIQ-main\backend\data\stock_data\HDFCBANK.csv
2026-03-13 10:01:24,959 - stock_predictor - INFO - [DataLoader] HDFCBANK.NS: dropped 1 junk/metadata rows
2026-03-13 10:02:12,727 - stock_predictor - INFO - [DataLoader] Found base CSV (30y data): D:\InvestIQ-main\backend\data\stock_data\HDFCBANK.csv
2026-03-13 10:02:12,728 - stock_predictor - INFO - [DataLoader] Loading HDFCBANK.NS from local CSV: D:\InvestIQ-main\backend\data\stock_data\HDFCBANK.csv
2026-03-13 10:02:12,761 - stock_predictor - INFO - [DataLoader] HDFCBANK.NS: dropped 1 junk/metadata rows
2026-03-13 10:02:12,821 - stock_predictor - INFO - Starting advanced training pipeline for HDFCBANK.NS...
2026-03-13 10:02:12,858 - stock_predictor - INFO - Loaded data from D:\InvestIQ-main\backend\data\stock_data\HDFCBANK.NS.csv with shape (6506, 7)
2026-03-13 10:02:12,899 - stock_predictor - INFO - Data cleaned successfully
2026-03-13 10:02:12,900 - stock_predictor - WARNING - [DataLoader] No local CSV for ^NSEI, fetching from yfinance...
2026-03-13 10:02:16,225 - stock_predictor - WARNING - [DataLoader] No data for market index ^NSEI
2026-03-13 10:02:16,311 - stock_predictor - INFO - Technical indicators added successfully
2026-03-13 10:02:16,312 - stock_predictor - WARNING - Market data provided is empty. Skipping correlation.
2026-03-13 10:02:16,313 - stock_predictor - INFO - Adding simulated external data for HDFCBANK.NS...
2026-03-13 10:02:16,359 - stock_predictor - INFO - Scaled columns: ['Open', 'High', 'Low', 'Close', 'Volume', 'VWAP', 'SMA_20', 'SMA_50', 'RSI', 'BB_High', 'BB_Low', 'MACD', 'MACD_Signal', 'MACD_Hist', 'ATR', 'Log_Return', 'Volume_Change', 'Rolling_Volatility', 'Market_Correlation', 'Sentiment', 'Macro_Score']
2026-03-13 10:02:20,426 - stock_predictor - INFO - Training on cuda...
2026-03-13 10:02:23,407 - stock_predictor - INFO - Epoch 1/100 - Train Loss: 1.118422 - Val Loss: 0.534178
2026-03-13 10:02:23,409 - stock_predictor - INFO - Validation loss decreased (inf --> 0.534178).  Saving model ...
2026-03-13 10:02:25,886 - stock_predictor - INFO - Epoch 2/100 - Train Loss: 1.113142 - Val Loss: 0.527631
2026-03-13 10:02:25,887 - stock_predictor - INFO - Validation loss decreased (0.534178 --> 0.527631).  Saving model ...
2026-03-13 10:02:28,489 - stock_predictor - INFO - Epoch 3/100 - Train Loss: 1.112665 - Val Loss: 0.528400
2026-03-13 10:02:28,489 - stock_predictor - INFO - EarlyStopping counter: 1 out of 10
2026-03-13 10:02:31,005 - stock_predictor - INFO - Epoch 4/100 - Train Loss: 1.121964 - Val Loss: 0.527813
2026-03-13 10:02:31,005 - stock_predictor - INFO - EarlyStopping counter: 2 out of 10
2026-03-13 10:02:33,734 - stock_predictor - INFO - Epoch 5/100 - Train Loss: 1.144554 - Val Loss: 0.526823
2026-03-13 10:02:33,734 - stock_predictor - INFO - Validation loss decreased (0.527631 --> 0.526823).  Saving model ...
2026-03-13 10:02:36,285 - stock_predictor - INFO - Epoch 6/100 - Train Loss: 1.110781 - Val Loss: 0.527035
2026-03-13 10:02:36,285 - stock_predictor - INFO - EarlyStopping counter: 1 out of 10
2026-03-13 10:02:38,964 - stock_predictor - INFO - Epoch 7/100 - Train Loss: 1.111687 - Val Loss: 0.527856
2026-03-13 10:02:38,965 - stock_predictor - INFO - EarlyStopping counter: 2 out of 10
2026-03-13 10:02:41,394 - stock_predictor - INFO - Epoch 8/100 - Train Loss: 1.112764 - Val Loss: 0.528083
2026-03-13 10:02:41,395 - stock_predictor - INFO - EarlyStopping counter: 3 out of 10
2026-03-13 10:02:43,791 - stock_predictor - INFO - Epoch 9/100 - Train Loss: 1.112796 - Val Loss: 0.530267
2026-03-13 10:02:43,791 - stock_predictor - INFO - EarlyStopping counter: 4 out of 10
2026-03-13 10:02:46,123 - stock_predictor - INFO - Epoch 10/100 - Train Loss: 1.111883 - Val Loss: 0.528552
2026-03-13 10:02:46,124 - stock_predictor - INFO - EarlyStopping counter: 5 out of 10
2026-03-13 10:02:48,540 - stock_predictor - INFO - Epoch 11/100 - Train Loss: 1.129555 - Val Loss: 0.528223
2026-03-13 10:02:48,540 - stock_predictor - INFO - EarlyStopping counter: 6 out of 10
2026-03-13 10:02:50,929 - stock_predictor - INFO - Epoch 12/100 - Train Loss: 1.110586 - Val Loss: 0.530520
2026-03-13 10:02:50,929 - stock_predictor - INFO - EarlyStopping counter: 7 out of 10
2026-03-13 10:02:53,237 - stock_predictor - INFO - Epoch 13/100 - Train Loss: 1.108072 - Val Loss: 0.528480
2026-03-13 10:02:53,237 - stock_predictor - INFO - EarlyStopping counter: 8 out of 10
2026-03-13 10:02:55,653 - stock_predictor - INFO - Epoch 14/100 - Train Loss: 1.107583 - Val Loss: 0.537615
2026-03-13 10:02:55,653 - stock_predictor - INFO - EarlyStopping counter: 9 out of 10
2026-03-13 10:02:58,043 - stock_predictor - INFO - Epoch 15/100 - Train Loss: 1.103903 - Val Loss: 0.536146
2026-03-13 10:02:58,043 - stock_predictor - INFO - EarlyStopping counter: 10 out of 10
2026-03-13 10:02:58,043 - stock_predictor - INFO - Early stopping triggered.
2026-03-13 10:02:58,045 - stock_predictor - INFO - Scaler saved to D:\InvestIQ-main\backend\models\saved_models\scaler_HDFCBANK.NS.pkl
2026-03-13 10:02:58,046 - stock_predictor - INFO - Training completed for HDFCBANK.NS.
2026-03-13 10:02:58,055 - stock_predictor - INFO - [DataLoader] Found base CSV (30y data): D:\InvestIQ-main\backend\data\stock_data\RELIANCE.csv
2026-03-13 10:02:58,055 - stock_predictor - INFO - [DataLoader] Loading RELIANCE.NS from local CSV: D:\InvestIQ-main\backend\data\stock_data\RELIANCE.csv
2026-03-13 10:02:58,083 - stock_predictor - INFO - [DataLoader] RELIANCE.NS: dropped 1 junk/metadata rows
2026-03-13 10:02:58,151 - stock_predictor - INFO - Starting advanced training pipeline for RELIANCE.NS...
2026-03-13 10:02:58,174 - stock_predictor - INFO - Loaded data from D:\InvestIQ-main\backend\data\stock_data\RELIANCE.NS.csv with shape (6309, 7)
2026-03-13 10:02:58,195 - stock_predictor - INFO - Data cleaned successfully
2026-03-13 10:02:58,196 - stock_predictor - WARNING - [DataLoader] No local CSV for ^NSEI, fetching from yfinance...
2026-03-13 10:03:00,651 - stock_predictor - WARNING - [DataLoader] No data for market index ^NSEI
2026-03-13 10:03:00,744 - stock_predictor - INFO - Technical indicators added successfully
2026-03-13 10:03:00,745 - stock_predictor - WARNING - Market data provided is empty. Skipping correlation.
2026-03-13 10:03:00,745 - stock_predictor - INFO - Adding simulated external data for RELIANCE.NS...
2026-03-13 10:03:00,793 - stock_predictor - INFO - Scaled columns: ['Open', 'High', 'Low', 'Close', 'Volume', 'VWAP', 'SMA_20', 'SMA_50', 'RSI', 'BB_High', 'BB_Low', 'MACD', 'MACD_Signal', 'MACD_Hist', 'ATR', 'Log_Return', 'Volume_Change', 'Rolling_Volatility', 'Market_Correlation', 'Sentiment', 'Macro_Score']
2026-03-13 10:03:00,869 - stock_predictor - INFO - Training on cuda...
2026-03-13 10:03:03,545 - stock_predictor - INFO - Epoch 1/100 - Train Loss: 1.139609 - Val Loss: 0.496586
2026-03-13 10:03:03,546 - stock_predictor - INFO - Validation loss decreased (inf --> 0.496586).  Saving model ...
2026-03-13 10:03:06,088 - stock_predictor - INFO - Epoch 2/100 - Train Loss: 1.134041 - Val Loss: 0.495549
2026-03-13 10:03:06,089 - stock_predictor - INFO - Validation loss decreased (0.496586 --> 0.495549).  Saving model ...
2026-03-13 10:03:08,509 - stock_predictor - INFO - Epoch 3/100 - Train Loss: 1.133558 - Val Loss: 0.495946
2026-03-13 10:03:08,510 - stock_predictor - INFO - EarlyStopping counter: 1 out of 10
2026-03-13 10:03:10,860 - stock_predictor - INFO - Epoch 4/100 - Train Loss: 1.133166 - Val Loss: 0.499596
2026-03-13 10:03:10,861 - stock_predictor - INFO - EarlyStopping counter: 2 out of 10
2026-03-13 10:03:13,372 - stock_predictor - INFO - Epoch 5/100 - Train Loss: 1.133377 - Val Loss: 0.495046
2026-03-13 10:03:13,373 - stock_predictor - INFO - Validation loss decreased (0.495549 --> 0.495046).  Saving model ...
2026-03-13 10:03:15,842 - stock_predictor - INFO - Epoch 6/100 - Train Loss: 1.133244 - Val Loss: 0.496399
2026-03-13 10:03:15,842 - stock_predictor - INFO - EarlyStopping counter: 1 out of 10
2026-03-13 10:03:18,339 - stock_predictor - INFO - Epoch 7/100 - Train Loss: 1.131716 - Val Loss: 0.495145
2026-03-13 10:03:18,339 - stock_predictor - INFO - EarlyStopping counter: 2 out of 10
2026-03-13 10:03:20,877 - stock_predictor - INFO - Epoch 8/100 - Train Loss: 1.133284 - Val Loss: 0.495648
2026-03-13 10:03:20,878 - stock_predictor - INFO - EarlyStopping counter: 3 out of 10
2026-03-13 10:03:23,393 - stock_predictor - INFO - Epoch 9/100 - Train Loss: 1.132819 - Val Loss: 0.497678
2026-03-13 10:03:23,393 - stock_predictor - INFO - EarlyStopping counter: 4 out of 10
2026-03-13 10:03:25,693 - stock_predictor - INFO - Epoch 10/100 - Train Loss: 1.131467 - Val Loss: 0.494964
2026-03-13 10:03:25,693 - stock_predictor - INFO - Validation loss decreased (0.495046 --> 0.494964).  Saving model ...
2026-03-13 10:03:28,101 - stock_predictor - INFO - Epoch 11/100 - Train Loss: 1.130476 - Val Loss: 0.496586
2026-03-13 10:03:28,101 - stock_predictor - INFO - EarlyStopping counter: 1 out of 10
2026-03-13 10:03:30,506 - stock_predictor - INFO - Epoch 12/100 - Train Loss: 1.129969 - Val Loss: 0.497898
2026-03-13 10:03:30,507 - stock_predictor - INFO - EarlyStopping counter: 2 out of 10
2026-03-13 10:03:32,900 - stock_predictor - INFO - Epoch 13/100 - Train Loss: 1.128830 - Val Loss: 0.496956
2026-03-13 10:03:32,901 - stock_predictor - INFO - EarlyStopping counter: 3 out of 10
2026-03-13 10:03:35,320 - stock_predictor - INFO - Epoch 14/100 - Train Loss: 1.128714 - Val Loss: 0.497358
2026-03-13 10:03:35,320 - stock_predictor - INFO - EarlyStopping counter: 4 out of 10
2026-03-13 10:03:37,707 - stock_predictor - INFO - Epoch 15/100 - Train Loss: 1.126568 - Val Loss: 0.503009
2026-03-13 10:03:37,707 - stock_predictor - INFO - EarlyStopping counter: 5 out of 10
2026-03-13 10:03:40,180 - stock_predictor - INFO - Epoch 16/100 - Train Loss: 1.125679 - Val Loss: 0.506232
2026-03-13 10:03:40,181 - stock_predictor - INFO - EarlyStopping counter: 6 out of 10
2026-03-13 10:03:42,655 - stock_predictor - INFO - Epoch 17/100 - Train Loss: 1.123914 - Val Loss: 0.509021
2026-03-13 10:03:42,657 - stock_predictor - INFO - EarlyStopping counter: 7 out of 10
2026-03-13 10:03:45,193 - stock_predictor - INFO - Epoch 18/100 - Train Loss: 1.123238 - Val Loss: 0.509676
2026-03-13 10:03:45,194 - stock_predictor - INFO - EarlyStopping counter: 8 out of 10
2026-03-13 10:03:47,715 - stock_predictor - INFO - Epoch 19/100 - Train Loss: 1.123326 - Val Loss: 0.515681
2026-03-13 10:03:47,715 - stock_predictor - INFO - EarlyStopping counter: 9 out of 10
2026-03-13 10:03:50,216 - stock_predictor - INFO - Epoch 20/100 - Train Loss: 1.121207 - Val Loss: 0.516069
2026-03-13 10:03:50,217 - stock_predictor - INFO - EarlyStopping counter: 10 out of 10
2026-03-13 10:03:50,217 - stock_predictor - INFO - Early stopping triggered.
2026-03-13 10:03:50,218 - stock_predictor - INFO - Scaler saved to D:\InvestIQ-main\backend\models\saved_models\scaler_RELIANCE.NS.pkl
2026-03-13 10:03:50,218 - stock_predictor - INFO - Training completed for RELIANCE.NS.
2026-03-13 10:03:50,226 - stock_predictor - INFO - [DataLoader] Found base CSV (30y data): D:\InvestIQ-main\backend\data\stock_data\TCS.csv
2026-03-13 10:03:50,227 - stock_predictor - INFO - [DataLoader] Loading TCS.NS from local CSV: D:\InvestIQ-main\backend\data\stock_data\TCS.csv
2026-03-13 10:03:50,248 - stock_predictor - INFO - [DataLoader] TCS.NS: dropped 1 junk/metadata rows
2026-03-13 10:03:50,304 - stock_predictor - INFO - Starting advanced training pipeline for TCS.NS...
2026-03-13 10:03:50,325 - stock_predictor - INFO - Loaded data from D:\InvestIQ-main\backend\data\stock_data\TCS.NS.csv with shape (5271, 7)
2026-03-13 10:03:50,340 - stock_predictor - INFO - Data cleaned successfully
2026-03-13 10:03:50,341 - stock_predictor - WARNING - [DataLoader] No local CSV for ^NSEI, fetching from yfinance...
2026-03-13 10:03:51,987 - stock_predictor - WARNING - [DataLoader] No data for market index ^NSEI
2026-03-13 10:03:52,056 - stock_predictor - INFO - Technical indicators added successfully
2026-03-13 10:03:52,057 - stock_predictor - WARNING - Market data provided is empty. Skipping correlation.
2026-03-13 10:03:52,058 - stock_predictor - INFO - Adding simulated external data for TCS.NS...
2026-03-13 10:03:52,109 - stock_predictor - INFO - Scaled columns: ['Open', 'High', 'Low', 'Close', 'Volume', 'VWAP', 'SMA_20', 'SMA_50', 'RSI', 'BB_High', 'BB_Low', 'MACD', 'MACD_Signal', 'MACD_Hist', 'ATR', 'Log_Return', 'Volume_Change', 'Rolling_Volatility', 'Market_Correlation', 'Sentiment', 'Macro_Score']
2026-03-13 10:03:52,166 - stock_predictor - INFO - Training on cuda...
2026-03-13 10:03:54,197 - stock_predictor - INFO - Epoch 1/100 - Train Loss: 1.147571 - Val Loss: 0.593520
2026-03-13 10:03:54,197 - stock_predictor - INFO - Validation loss decreased (inf --> 0.593520).  Saving model ...
2026-03-13 10:03:56,274 - stock_predictor - INFO - Epoch 2/100 - Train Loss: 1.123607 - Val Loss: 0.596064
2026-03-13 10:03:56,274 - stock_predictor - INFO - EarlyStopping counter: 1 out of 10
2026-03-13 10:03:58,258 - stock_predictor - INFO - Epoch 3/100 - Train Loss: 1.122692 - Val Loss: 0.595739
2026-03-13 10:03:58,258 - stock_predictor - INFO - EarlyStopping counter: 2 out of 10
2026-03-13 10:04:00,359 - stock_predictor - INFO - Epoch 4/100 - Train Loss: 1.123545 - Val Loss: 0.595998
2026-03-13 10:04:00,360 - stock_predictor - INFO - EarlyStopping counter: 3 out of 10
2026-03-13 10:04:02,282 - stock_predictor - INFO - Epoch 5/100 - Train Loss: 1.126256 - Val Loss: 0.596120
2026-03-13 10:04:02,282 - stock_predictor - INFO - EarlyStopping counter: 4 out of 10
2026-03-13 10:04:04,253 - stock_predictor - INFO - Epoch 6/100 - Train Loss: 1.120524 - Val Loss: 0.598030
2026-03-13 10:04:04,254 - stock_predictor - INFO - EarlyStopping counter: 5 out of 10
2026-03-13 10:04:06,365 - stock_predictor - INFO - Epoch 7/100 - Train Loss: 1.114467 - Val Loss: 0.592549
2026-03-13 10:04:06,366 - stock_predictor - INFO - Validation loss decreased (0.593520 --> 0.592549).  Saving model ...
2026-03-13 10:04:08,461 - stock_predictor - INFO - Epoch 8/100 - Train Loss: 1.114725 - Val Loss: 0.592971
2026-03-13 10:04:08,461 - stock_predictor - INFO - EarlyStopping counter: 1 out of 10
2026-03-13 10:04:10,733 - stock_predictor - INFO - Epoch 9/100 - Train Loss: 1.110571 - Val Loss: 0.593297
2026-03-13 10:04:10,733 - stock_predictor - INFO - EarlyStopping counter: 2 out of 10
2026-03-13 10:04:12,890 - stock_predictor - INFO - Epoch 10/100 - Train Loss: 1.112849 - Val Loss: 0.603837
2026-03-13 10:04:12,890 - stock_predictor - INFO - EarlyStopping counter: 3 out of 10
2026-03-13 10:04:14,994 - stock_predictor - INFO - Epoch 11/100 - Train Loss: 1.110411 - Val Loss: 0.602591
2026-03-13 10:04:14,996 - stock_predictor - INFO - EarlyStopping counter: 4 out of 10
2026-03-13 10:04:17,129 - stock_predictor - INFO - Epoch 12/100 - Train Loss: 1.111681 - Val Loss: 0.609478
2026-03-13 10:04:17,129 - stock_predictor - INFO - EarlyStopping counter: 5 out of 10
2026-03-13 10:04:19,250 - stock_predictor - INFO - Epoch 13/100 - Train Loss: 1.097453 - Val Loss: 0.617340
2026-03-13 10:04:19,251 - stock_predictor - INFO - EarlyStopping counter: 6 out of 10
2026-03-13 10:04:21,347 - stock_predictor - INFO - Epoch 14/100 - Train Loss: 1.090607 - Val Loss: 0.632039
2026-03-13 10:04:21,347 - stock_predictor - INFO - EarlyStopping counter: 7 out of 10
2026-03-13 10:04:23,217 - stock_predictor - INFO - Epoch 15/100 - Train Loss: 1.087278 - Val Loss: 0.619645
2026-03-13 10:04:23,218 - stock_predictor - INFO - EarlyStopping counter: 8 out of 10
2026-03-13 10:04:25,509 - stock_predictor - INFO - Epoch 16/100 - Train Loss: 1.073925 - Val Loss: 0.619332
2026-03-13 10:04:25,510 - stock_predictor - INFO - EarlyStopping counter: 9 out of 10
2026-03-13 10:04:27,640 - stock_predictor - INFO - Epoch 17/100 - Train Loss: 1.066746 - Val Loss: 0.639393
2026-03-13 10:04:27,641 - stock_predictor - INFO - EarlyStopping counter: 10 out of 10
2026-03-13 10:04:27,641 - stock_predictor - INFO - Early stopping triggered.
2026-03-13 10:04:27,642 - stock_predictor - INFO - Scaler saved to D:\InvestIQ-main\backend\models\saved_models\scaler_TCS.NS.pkl
2026-03-13 10:04:27,643 - stock_predictor - INFO - Training completed for TCS.NS.
2026-03-13 10:04:27,649 - stock_predictor - INFO - [DataLoader] Found base CSV (30y data): D:\InvestIQ-main\backend\data\stock_data\INFY.csv
2026-03-13 10:04:27,649 - stock_predictor - INFO - [DataLoader] Loading INFY.NS from local CSV: D:\InvestIQ-main\backend\data\stock_data\INFY.csv
2026-03-13 10:04:27,681 - stock_predictor - INFO - [DataLoader] INFY.NS: dropped 1 junk/metadata rows
2026-03-13 10:04:27,741 - stock_predictor - INFO - Starting advanced training pipeline for INFY.NS...
2026-03-13 10:04:27,774 - stock_predictor - INFO - Loaded data from D:\InvestIQ-main\backend\data\stock_data\INFY.NS.csv with shape (6465, 7)
2026-03-13 10:04:27,802 - stock_predictor - INFO - Data cleaned successfully
2026-03-13 10:04:27,803 - stock_predictor - WARNING - [DataLoader] No local CSV for ^NSEI, fetching from yfinance...
2026-03-13 10:04:30,498 - stock_predictor - WARNING - [DataLoader] No data for market index ^NSEI
2026-03-13 10:04:30,589 - stock_predictor - INFO - Technical indicators added successfully
2026-03-13 10:04:30,592 - stock_predictor - WARNING - Market data provided is empty. Skipping correlation.
2026-03-13 10:04:30,593 - stock_predictor - INFO - Adding simulated external data for INFY.NS...
2026-03-13 10:04:30,653 - stock_predictor - INFO - Scaled columns: ['Open', 'High', 'Low', 'Close', 'Volume', 'VWAP', 'SMA_20', 'SMA_50', 'RSI', 'BB_High', 'BB_Low', 'MACD', 'MACD_Signal', 'MACD_Hist', 'ATR', 'Log_Return', 'Volume_Change', 'Rolling_Volatility', 'Market_Correlation', 'Sentiment', 'Macro_Score']
2026-03-13 10:04:30,733 - stock_predictor - INFO - Training on cuda...
2026-03-13 10:04:33,558 - stock_predictor - INFO - Epoch 1/100 - Train Loss: 1.057878 - Val Loss: 0.487477
2026-03-13 10:04:33,559 - stock_predictor - INFO - Validation loss decreased (inf --> 0.487477).  Saving model ...
2026-03-13 10:04:36,156 - stock_predictor - INFO - Epoch 2/100 - Train Loss: 1.053296 - Val Loss: 0.486090
2026-03-13 10:04:36,156 - stock_predictor - INFO - Validation loss decreased (0.487477 --> 0.486090).  Saving model ...
2026-03-13 10:04:38,489 - stock_predictor - INFO - Epoch 3/100 - Train Loss: 1.052647 - Val Loss: 0.485794
2026-03-13 10:04:38,489 - stock_predictor - INFO - Validation loss decreased (0.486090 --> 0.485794).  Saving model ...
2026-03-13 10:04:40,763 - stock_predictor - INFO - Epoch 4/100 - Train Loss: 1.052487 - Val Loss: 0.485709
2026-03-13 10:04:40,763 - stock_predictor - INFO - Validation loss decreased (0.485794 --> 0.485709).  Saving model ...
2026-03-13 10:04:43,252 - stock_predictor - INFO - Epoch 5/100 - Train Loss: 1.052410 - Val Loss: 0.485693
2026-03-13 10:04:43,252 - stock_predictor - INFO - Validation loss decreased (0.485709 --> 0.485693).  Saving model ...
2026-03-13 10:04:45,825 - stock_predictor - INFO - Epoch 6/100 - Train Loss: 1.052723 - Val Loss: 0.485739
2026-03-13 10:04:45,825 - stock_predictor - INFO - EarlyStopping counter: 1 out of 10
2026-03-13 10:04:48,563 - stock_predictor - INFO - Epoch 7/100 - Train Loss: 1.052580 - Val Loss: 0.485739
2026-03-13 10:04:48,563 - stock_predictor - INFO - EarlyStopping counter: 2 out of 10
2026-03-13 10:04:51,322 - stock_predictor - INFO - Epoch 8/100 - Train Loss: 1.052476 - Val Loss: 0.485689
2026-03-13 10:04:51,322 - stock_predictor - INFO - Validation loss decreased (0.485693 --> 0.485689).  Saving model ...
2026-03-13 10:04:54,067 - stock_predictor - INFO - Epoch 9/100 - Train Loss: 1.052354 - Val Loss: 0.485676
2026-03-13 10:04:54,068 - stock_predictor - INFO - Validation loss decreased (0.485689 --> 0.485676).  Saving model ...
2026-03-13 10:04:56,659 - stock_predictor - INFO - Epoch 10/100 - Train Loss: 1.052452 - Val Loss: 0.485671
2026-03-13 10:04:56,659 - stock_predictor - INFO - Validation loss decreased (0.485676 --> 0.485671).  Saving model ...
2026-03-13 10:04:59,247 - stock_predictor - INFO - Epoch 11/100 - Train Loss: 1.052361 - Val Loss: 0.485698
2026-03-13 10:04:59,247 - stock_predictor - INFO - EarlyStopping counter: 1 out of 10
2026-03-13 10:05:01,821 - stock_predictor - INFO - Epoch 12/100 - Train Loss: 1.052435 - Val Loss: 0.485700
2026-03-13 10:05:01,821 - stock_predictor - INFO - EarlyStopping counter: 2 out of 10
2026-03-13 10:05:04,394 - stock_predictor - INFO - Epoch 13/100 - Train Loss: 1.052297 - Val Loss: 0.485702
2026-03-13 10:05:04,394 - stock_predictor - INFO - EarlyStopping counter: 3 out of 10
2026-03-13 10:05:06,905 - stock_predictor - INFO - Epoch 14/100 - Train Loss: 1.052326 - Val Loss: 0.485696
2026-03-13 10:05:06,906 - stock_predictor - INFO - EarlyStopping counter: 4 out of 10
2026-03-13 10:05:09,650 - stock_predictor - INFO - Epoch 15/100 - Train Loss: 1.052296 - Val Loss: 0.485689
2026-03-13 10:05:09,651 - stock_predictor - INFO - EarlyStopping counter: 5 out of 10
2026-03-13 10:05:12,205 - stock_predictor - INFO - Epoch 16/100 - Train Loss: 1.052319 - Val Loss: 0.485693
2026-03-13 10:05:12,206 - stock_predictor - INFO - EarlyStopping counter: 6 out of 10
2026-03-13 10:05:14,710 - stock_predictor - INFO - Epoch 17/100 - Train Loss: 1.052232 - Val Loss: 0.485691
2026-03-13 10:05:14,710 - stock_predictor - INFO - EarlyStopping counter: 7 out of 10
2026-03-13 10:05:17,208 - stock_predictor - INFO - Epoch 18/100 - Train Loss: 1.052469 - Val Loss: 0.485699
2026-03-13 10:05:17,208 - stock_predictor - INFO - EarlyStopping counter: 8 out of 10
2026-03-13 10:05:19,879 - stock_predictor - INFO - Epoch 19/100 - Train Loss: 1.052333 - Val Loss: 0.485695
2026-03-13 10:05:19,880 - stock_predictor - INFO - EarlyStopping counter: 9 out of 10
2026-03-13 10:05:22,472 - stock_predictor - INFO - Epoch 20/100 - Train Loss: 1.052276 - Val Loss: 0.485697
2026-03-13 10:05:22,472 - stock_predictor - INFO - EarlyStopping counter: 10 out of 10
2026-03-13 10:05:22,472 - stock_predictor - INFO - Early stopping triggered.
2026-03-13 10:05:22,473 - stock_predictor - INFO - Scaler saved to D:\InvestIQ-main\backend\models\saved_models\scaler_INFY.NS.pkl
2026-03-13 10:05:22,474 - stock_predictor - INFO - Training completed for INFY.NS.
2026-03-13 10:05:22,485 - stock_predictor - INFO - [DataLoader] Found base CSV (30y data): D:\InvestIQ-main\backend\data\stock_data\ICICIBANK.csv
2026-03-13 10:05:22,485 - stock_predictor - INFO - [DataLoader] Loading ICICIBANK.NS from local CSV: D:\InvestIQ-main\backend\data\stock_data\ICICIBANK.csv
2026-03-13 10:05:22,519 - stock_predictor - INFO - [DataLoader] ICICIBANK.NS: dropped 1 junk/metadata rows
2026-03-13 10:05:22,564 - stock_predictor - INFO - Starting advanced training pipeline for ICICIBANK.NS...
2026-03-13 10:05:22,580 - stock_predictor - INFO - Loaded data from D:\InvestIQ-main\backend\data\stock_data\ICICIBANK.NS.csv with shape (5875, 7)
2026-03-13 10:05:22,605 - stock_predictor - INFO - Data cleaned successfully
2026-03-13 10:05:22,606 - stock_predictor - WARNING - [DataLoader] No local CSV for ^NSEI, fetching from yfinance...
2026-03-13 10:05:24,778 - stock_predictor - WARNING - [DataLoader] No data for market index ^NSEI
2026-03-13 10:05:24,809 - stock_predictor - INFO - Technical indicators added successfully
2026-03-13 10:05:24,809 - stock_predictor - WARNING - Market data provided is empty. Skipping correlation.
2026-03-13 10:05:24,810 - stock_predictor - INFO - Adding simulated external data for ICICIBANK.NS...
2026-03-13 10:05:24,847 - stock_predictor - INFO - Scaled columns: ['Open', 'High', 'Low', 'Close', 'Volume', 'VWAP', 'SMA_20', 'SMA_50', 'RSI', 'BB_High', 'BB_Low', 'MACD', 'MACD_Signal', 'MACD_Hist', 'ATR', 'Log_Return', 'Volume_Change', 'Rolling_Volatility', 'Market_Correlation', 'Sentiment', 'Macro_Score']
2026-03-13 10:05:24,926 - stock_predictor - INFO - Training on cuda...
2026-03-13 10:05:27,314 - stock_predictor - INFO - Epoch 1/100 - Train Loss: 1.187175 - Val Loss: 0.293914
2026-03-13 10:05:27,317 - stock_predictor - INFO - Validation loss decreased (inf --> 0.293914).  Saving model ...
2026-03-13 10:05:29,520 - stock_predictor - INFO - Epoch 2/100 - Train Loss: 1.181981 - Val Loss: 0.293321
2026-03-13 10:05:29,521 - stock_predictor - INFO - Validation loss decreased (0.293914 --> 0.293321).  Saving model ...
2026-03-13 10:05:31,634 - stock_predictor - INFO - Epoch 3/100 - Train Loss: 1.182974 - Val Loss: 0.295246
2026-03-13 10:05:31,634 - stock_predictor - INFO - EarlyStopping counter: 1 out of 10
2026-03-13 10:05:33,792 - stock_predictor - INFO - Epoch 4/100 - Train Loss: 1.180913 - Val Loss: 0.296460
2026-03-13 10:05:33,793 - stock_predictor - INFO - EarlyStopping counter: 2 out of 10
2026-03-13 10:05:35,882 - stock_predictor - INFO - Epoch 5/100 - Train Loss: 1.185869 - Val Loss: 0.294022
2026-03-13 10:05:35,883 - stock_predictor - INFO - EarlyStopping counter: 3 out of 10
2026-03-13 10:05:38,263 - stock_predictor - INFO - Epoch 6/100 - Train Loss: 1.180874 - Val Loss: 0.293236
2026-03-13 10:05:38,263 - stock_predictor - INFO - Validation loss decreased (0.293321 --> 0.293236).  Saving model ...
2026-03-13 10:05:40,428 - stock_predictor - INFO - Epoch 7/100 - Train Loss: 1.178208 - Val Loss: 0.294052
2026-03-13 10:05:40,428 - stock_predictor - INFO - EarlyStopping counter: 1 out of 10
2026-03-13 10:05:42,817 - stock_predictor - INFO - Epoch 8/100 - Train Loss: 1.181411 - Val Loss: 0.294563
2026-03-13 10:05:42,818 - stock_predictor - INFO - EarlyStopping counter: 2 out of 10
2026-03-13 10:05:45,229 - stock_predictor - INFO - Epoch 9/100 - Train Loss: 1.176879 - Val Loss: 0.298914
2026-03-13 10:05:45,229 - stock_predictor - INFO - EarlyStopping counter: 3 out of 10
2026-03-13 10:05:47,404 - stock_predictor - INFO - Epoch 10/100 - Train Loss: 1.179565 - Val Loss: 0.300173
2026-03-13 10:05:47,405 - stock_predictor - INFO - EarlyStopping counter: 4 out of 10
2026-03-13 10:05:49,486 - stock_predictor - INFO - Epoch 11/100 - Train Loss: 1.177346 - Val Loss: 0.302187
2026-03-13 10:05:49,490 - stock_predictor - INFO - EarlyStopping counter: 5 out of 10
2026-03-13 10:05:51,587 - stock_predictor - INFO - Epoch 12/100 - Train Loss: 1.174478 - Val Loss: 0.319099
2026-03-13 10:05:51,588 - stock_predictor - INFO - EarlyStopping counter: 6 out of 10
2026-03-13 10:05:53,747 - stock_predictor - INFO - Epoch 13/100 - Train Loss: 1.174660 - Val Loss: 0.323644
2026-03-13 10:05:53,748 - stock_predictor - INFO - EarlyStopping counter: 7 out of 10
2026-03-13 10:05:56,107 - stock_predictor - INFO - Epoch 14/100 - Train Loss: 1.172822 - Val Loss: 0.360916
2026-03-13 10:05:56,108 - stock_predictor - INFO - EarlyStopping counter: 8 out of 10
2026-03-13 10:05:58,458 - stock_predictor - INFO - Epoch 15/100 - Train Loss: 1.167160 - Val Loss: 0.389626
2026-03-13 10:05:58,459 - stock_predictor - INFO - EarlyStopping counter: 9 out of 10
2026-03-13 10:06:00,813 - stock_predictor - INFO - Epoch 16/100 - Train Loss: 1.162612 - Val Loss: 0.468248
2026-03-13 10:06:00,813 - stock_predictor - INFO - EarlyStopping counter: 10 out of 10
2026-03-13 10:06:00,813 - stock_predictor - INFO - Early stopping triggered.
2026-03-13 10:06:00,814 - stock_predictor - INFO - Scaler saved to D:\InvestIQ-main\backend\models\saved_models\scaler_ICICIBANK.NS.pkl
2026-03-13 10:06:00,815 - stock_predictor - INFO - Training completed for ICICIBANK.NS.
2026-03-13 10:09:32,573 - stock_predictor - INFO - [DataLoader] Fetching latest 90 days of live data for HDFCBANK.NS...
2026-03-13 10:15:31,005 - stock_predictor - INFO - [Update] HDFCBANK.csv: last date = 2026-02-05
2026-03-13 10:15:32,521 - stock_predictor - INFO - [Update] HDFCBANK.csv: appended 25 new rows (up to 2026-03-13)
2026-03-13 10:15:32,608 - stock_predictor - INFO - [Update] ICICIBANK.csv: last date = 2026-02-05
2026-03-13 10:15:33,460 - stock_predictor - INFO - [Update] ICICIBANK.csv: appended 25 new rows (up to 2026-03-13)
2026-03-13 10:15:33,496 - stock_predictor - INFO - [Update] INFY.csv: last date = 2026-02-05
2026-03-13 10:15:34,287 - stock_predictor - INFO - [Update] INFY.csv: appended 25 new rows (up to 2026-03-13)
2026-03-13 10:15:34,384 - stock_predictor - INFO - [Update] RELIANCE.csv: last date = 2026-02-05
2026-03-13 10:15:34,933 - stock_predictor - INFO - [Update] RELIANCE.csv: appended 25 new rows (up to 2026-03-13)
2026-03-13 10:15:35,008 - stock_predictor - INFO - [Update] TCS.csv: last date = 2026-02-05
2026-03-13 10:15:35,312 - stock_predictor - INFO - [Update] TCS.csv: appended 25 new rows (up to 2026-03-13)
2026-03-13 10:19:20,703 - stock_predictor - INFO - [DataLoader] Found base CSV (30y data): D:\InvestIQ-main\backend\data\stock_data\HDFCBANK.csv
2026-03-13 10:19:20,705 - stock_predictor - INFO - [DataLoader] Loading HDFCBANK.NS from local CSV: D:\InvestIQ-main\backend\data\stock_data\HDFCBANK.csv
2026-03-13 10:19:20,755 - stock_predictor - INFO - [DataLoader] HDFCBANK.NS: dropped 1 junk/metadata rows
2026-03-13 10:19:20,783 - stock_predictor - INFO - [DataLoader] Fetching latest 90 days of live data for HDFCBANK.NS...
2026-03-13 11:17:35,445 - stock_predictor - INFO - Initializing FinBERT on device: GPU
2026-03-13 11:31:35,337 - stock_predictor - INFO - Loading resources for RELIANCE...
2026-03-13 11:31:35,340 - stock_predictor - INFO - Scaler loaded from D:\InvestIQ-main\backend\models\saved_models\scaler_RELIANCE.pkl
2026-03-13 11:31:35,494 - stock_predictor - INFO - Detected metadata row, dropping row 0
2026-03-13 11:31:35,495 - stock_predictor - INFO - Loaded data from D:\InvestIQ-main\backend\data\stock_data\RELIANCE.csv with shape (6334, 7)
2026-03-13 11:31:35,495 - stock_predictor - INFO - Fetching live price data for RELIANCE.BO...
2026-03-13 11:31:36,893 - stock_predictor - INFO - Successfully fetched live data for RELIANCE.BO date: 2026-03-13 00:00:00
2026-03-13 11:31:36,946 - stock_predictor - INFO - Data cleaned successfully
2026-03-13 11:31:36,947 - stock_predictor - INFO - Fetching market index data for ^NSEI...
2026-03-13 11:31:37,720 - stock_predictor - WARNING - No data found for market index ^NSEI
2026-03-13 11:31:37,824 - stock_predictor - INFO - Technical indicators added successfully
2026-03-13 11:31:37,825 - stock_predictor - WARNING - Market data provided is empty. Skipping correlation.
2026-03-13 11:31:37,826 - stock_predictor - INFO - Adding simulated external data for RELIANCE...
2026-03-13 11:31:37,941 - stock_predictor - INFO - Cache miss – ran prediction for RELIANCE
2026-03-13 11:31:37,943 - stock_predictor - INFO - Loading resources for TCS...
2026-03-13 11:31:37,945 - stock_predictor - INFO - Scaler loaded from D:\InvestIQ-main\backend\models\saved_models\scaler_TCS.pkl
2026-03-13 11:31:37,997 - stock_predictor - INFO - Detected metadata row, dropping row 0
2026-03-13 11:31:37,998 - stock_predictor - INFO - Loaded data from D:\InvestIQ-main\backend\data\stock_data\TCS.csv with shape (5296, 7)
2026-03-13 11:31:37,999 - stock_predictor - INFO - Fetching live price data for TCS.BO...
2026-03-13 11:31:38,348 - stock_predictor - INFO - Successfully fetched live data for TCS.BO date: 2026-03-13 00:00:00
2026-03-13 11:31:38,391 - stock_predictor - INFO - Data cleaned successfully
2026-03-13 11:31:38,392 - stock_predictor - INFO - Fetching market index data for ^NSEI...
2026-03-13 11:31:39,389 - stock_predictor - WARNING - No data found for market index ^NSEI
2026-03-13 11:31:39,454 - stock_predictor - INFO - Technical indicators added successfully
2026-03-13 11:31:39,455 - stock_predictor - WARNING - Market data provided is empty. Skipping correlation.
2026-03-13 11:31:39,457 - stock_predictor - INFO - Adding simulated external data for TCS...
2026-03-13 11:31:39,565 - stock_predictor - INFO - Cache miss – ran prediction for TCS
2026-03-13 11:31:39,566 - stock_predictor - INFO - Loading resources for INFY...
2026-03-13 11:31:39,569 - stock_predictor - INFO - Scaler loaded from D:\InvestIQ-main\backend\models\saved_models\scaler_INFY.pkl
2026-03-13 11:31:39,636 - stock_predictor - INFO - Detected metadata row, dropping row 0
2026-03-13 11:31:39,637 - stock_predictor - INFO - Loaded data from D:\InvestIQ-main\backend\data\stock_data\INFY.csv with shape (6490, 7)
2026-03-13 11:31:39,638 - stock_predictor - INFO - Fetching live price data for INFY.BO...
2026-03-13 11:31:40,045 - stock_predictor - INFO - Successfully fetched live data for INFY.BO date: 2026-03-13 00:00:00
2026-03-13 11:31:40,315 - stock_predictor - INFO - Data cleaned successfully
2026-03-13 11:31:40,317 - stock_predictor - INFO - Fetching market index data for ^NSEI...
2026-03-13 11:31:41,379 - stock_predictor - WARNING - No data found for market index ^NSEI
2026-03-13 11:31:41,480 - stock_predictor - INFO - Technical indicators added successfully
2026-03-13 11:31:41,481 - stock_predictor - WARNING - Market data provided is empty. Skipping correlation.
2026-03-13 11:31:41,482 - stock_predictor - INFO - Adding simulated external data for INFY...
2026-03-13 11:31:41,565 - stock_predictor - INFO - Cache miss – ran prediction for INFY
2026-03-13 11:31:41,566 - stock_predictor - INFO - Loading resources for HDFCBANK...
2026-03-13 11:31:41,570 - stock_predictor - INFO - Scaler loaded from D:\InvestIQ-main\backend\models\saved_models\scaler_HDFCBANK.pkl
2026-03-13 11:31:41,629 - stock_predictor - INFO - Detected metadata row, dropping row 0
2026-03-13 11:31:41,630 - stock_predictor - INFO - Loaded data from D:\InvestIQ-main\backend\data\stock_data\HDFCBANK.csv with shape (6531, 7)
2026-03-13 11:31:41,631 - stock_predictor - INFO - Fetching live price data for HDFCBANK.BO...
2026-03-13 11:31:42,212 - stock_predictor - INFO - Successfully fetched live data for HDFCBANK.BO date: 2026-03-13 00:00:00
2026-03-13 11:31:42,270 - stock_predictor - INFO - Data cleaned successfully
2026-03-13 11:31:42,271 - stock_predictor - INFO - Fetching market index data for ^NSEI...
2026-03-13 11:31:44,068 - stock_predictor - WARNING - No data found for market index ^NSEI
2026-03-13 11:31:44,138 - stock_predictor - INFO - Technical indicators added successfully
2026-03-13 11:31:44,140 - stock_predictor - WARNING - Market data provided is empty. Skipping correlation.
2026-03-13 11:31:44,141 - stock_predictor - INFO - Adding simulated external data for HDFCBANK...
2026-03-13 11:31:44,228 - stock_predictor - INFO - Cache miss – ran prediction for HDFCBANK
2026-03-13 11:31:44,230 - stock_predictor - INFO - Loading resources for ICICIBANK...
2026-03-13 11:31:44,234 - stock_predictor - INFO - Scaler loaded from D:\InvestIQ-main\backend\models\saved_models\scaler_ICICIBANK.pkl
2026-03-13 11:31:44,288 - stock_predictor - INFO - Detected metadata row, dropping row 0
2026-03-13 11:31:44,289 - stock_predictor - INFO - Loaded data from D:\InvestIQ-main\backend\data\stock_data\ICICIBANK.csv with shape (5900, 7)
2026-03-13 11:31:44,290 - stock_predictor - INFO - Fetching live price data for ICICIBANK.BO...
2026-03-13 11:31:45,152 - stock_predictor - INFO - Successfully fetched live data for ICICIBANK.BO date: 2026-03-13 00:00:00
2026-03-13 11:31:45,205 - stock_predictor - INFO - Data cleaned successfully
2026-03-13 11:31:45,206 - stock_predictor - INFO - Fetching market index data for ^NSEI...
2026-03-13 11:31:46,004 - stock_predictor - WARNING - No data found for market index ^NSEI
2026-03-13 11:31:46,083 - stock_predictor - INFO - Technical indicators added successfully
2026-03-13 11:31:46,084 - stock_predictor - WARNING - Market data provided is empty. Skipping correlation.
2026-03-13 11:31:46,085 - stock_predictor - INFO - Adding simulated external data for ICICIBANK...
2026-03-13 11:31:46,170 - stock_predictor - INFO - Cache miss – ran prediction for ICICIBANK
2026-03-13 11:31:56,137 - stock_predictor - INFO - Fetching data for RELIANCE.NS (Period: 1y, Interval: 1d)
2026-03-13 11:31:56,538 - stock_predictor - INFO - Fetching data for TCS.NS (Period: 1y, Interval: 1d)
2026-03-13 11:31:56,734 - stock_predictor - INFO - Fetching data for INFY.NS (Period: 1y, Interval: 1d)
2026-03-13 11:31:56,932 - stock_predictor - INFO - Fetching data for HDFCBANK.NS (Period: 1y, Interval: 1d)
2026-03-13 11:31:57,135 - stock_predictor - INFO - Fetching data for ICICIBANK.NS (Period: 1y, Interval: 1d)
2026-03-13 11:31:57,459 - stock_predictor - INFO - Final Portfolio Allocation: {'RELIANCE': 0.1944, 'TCS': 0.1834, 'INFY': 0.1529, 'HDFCBANK': 0.2489, 'ICICIBANK': 0.2205}
2026-03-13 11:33:54,240 - stock_predictor - INFO - Loading resources for INFY...
2026-03-13 11:33:54,289 - stock_predictor - INFO - Scaler loaded from D:\InvestIQ-main\backend\models\saved_models\scaler_INFY.pkl
2026-03-13 11:33:54,766 - stock_predictor - INFO - Detected metadata row, dropping row 0
2026-03-13 11:33:54,824 - stock_predictor - INFO - Loaded data from D:\InvestIQ-main\backend\data\stock_data\INFY.csv with shape (6490, 7)
2026-03-13 11:33:54,880 - stock_predictor - INFO - Fetching live price data for INFY.BO...
2026-03-13 11:33:55,800 - stock_predictor - INFO - Successfully fetched live data for INFY.BO date: 2026-03-13 00:00:00
2026-03-13 11:33:56,211 - stock_predictor - INFO - Data cleaned successfully
2026-03-13 11:33:56,235 - stock_predictor - INFO - Fetching market index data for ^NSEI...
2026-03-13 11:33:56,499 - stock_predictor - WARNING - No data found for market index ^NSEI
2026-03-13 11:33:57,193 - stock_predictor - INFO - Technical indicators added successfully
2026-03-13 11:33:57,199 - stock_predictor - WARNING - Market data provided is empty. Skipping correlation.
2026-03-13 11:33:57,212 - stock_predictor - INFO - Adding simulated external data for INFY...
2026-03-13 11:35:44,529 - stock_predictor - INFO - Cache hit for RELIANCE
2026-03-13 11:35:44,533 - stock_predictor - INFO - Cache hit for TCS
2026-03-13 11:35:44,536 - stock_predictor - INFO - Cache hit for INFY
2026-03-13 11:35:44,538 - stock_predictor - INFO - Cache hit for HDFCBANK
2026-03-13 11:35:44,541 - stock_predictor - INFO - Cache hit for ICICIBANK
2026-03-13 11:35:45,556 - stock_predictor - INFO - Cache hit for RELIANCE
2026-03-13 11:35:45,566 - stock_predictor - INFO - Cache hit for TCS
2026-03-13 11:35:45,568 - stock_predictor - INFO - Cache hit for INFY
2026-03-13 11:35:45,570 - stock_predictor - INFO - Cache hit for HDFCBANK
2026-03-13 11:35:45,571 - stock_predictor - INFO - Cache hit for ICICIBANK
2026-03-13 11:36:01,655 - stock_predictor - INFO - Loading resources for RELIANCE...
2026-03-13 11:36:01,666 - stock_predictor - INFO - Scaler loaded from D:\InvestIQ-main\backend\models\saved_models\scaler_RELIANCE.pkl
2026-03-13 11:36:01,975 - stock_predictor - INFO - Detected metadata row, dropping row 0
2026-03-13 11:36:01,978 - stock_predictor - INFO - Loaded data from D:\InvestIQ-main\backend\data\stock_data\RELIANCE.csv with shape (6334, 7)
2026-03-13 11:36:01,990 - stock_predictor - INFO - Fetching live price data for RELIANCE.BO...
2026-03-13 11:36:02,615 - stock_predictor - INFO - Successfully fetched live data for RELIANCE.BO date: 2026-03-13 00:00:00
2026-03-13 11:36:02,812 - stock_predictor - INFO - Data cleaned successfully
2026-03-13 11:36:02,820 - stock_predictor - INFO - Fetching market index data for ^NSEI...
2026-03-13 11:36:02,902 - stock_predictor - WARNING - No data found for market index ^NSEI
2026-03-13 11:36:03,357 - stock_predictor - INFO - Technical indicators added successfully
2026-03-13 11:36:03,366 - stock_predictor - WARNING - Market data provided is empty. Skipping correlation.
2026-03-13 11:36:03,381 - stock_predictor - INFO - Adding simulated external data for RELIANCE...
2026-03-13 11:57:11,092 - stock_predictor - INFO - Starting advanced training pipeline for HDFCBANK...
2026-03-13 11:57:11,126 - stock_predictor - INFO - Detected metadata row, dropping row 0
2026-03-13 11:57:11,128 - stock_predictor - INFO - Loaded data from D:\InvestIQ-main\backend\data\stock_data\HDFCBANK.csv with shape (6531, 7)
2026-03-13 11:57:11,179 - stock_predictor - INFO - Data cleaned successfully
2026-03-13 11:57:11,181 - stock_predictor - INFO - Fetching market index data for ^NSEI...
2026-03-13 11:57:13,719 - stock_predictor - INFO - Technical indicators added successfully
2026-03-13 11:57:13,724 - stock_predictor - ERROR - Error adding market correlation: Data must be 1-dimensional, got ndarray of shape (4535, 1) instead
2026-03-13 11:57:13,724 - stock_predictor - INFO - Adding simulated external data for HDFCBANK...
2026-03-13 11:57:13,815 - stock_predictor - INFO - Scaled columns: ['Open', 'High', 'Low', 'Close', 'Volume', 'VWAP', 'SMA_20', 'SMA_50', 'RSI', 'BB_High', 'BB_Low', 'MACD', 'MACD_Signal', 'MACD_Hist', 'ATR', 'Log_Return', 'Volume_Change', 'Rolling_Volatility', 'Sentiment', 'Macro_Score']
2026-03-13 11:57:30,715 - stock_predictor - INFO - Training on cuda...
2026-03-13 11:57:35,888 - stock_predictor - INFO - Epoch 1/5 - Train Loss: 1.123816 - Val Loss: 0.518438
2026-03-13 11:57:35,888 - stock_predictor - INFO - Validation loss decreased (inf --> 0.518438).  Saving model ...
2026-03-13 11:57:39,898 - stock_predictor - INFO - Epoch 2/5 - Train Loss: 1.117309 - Val Loss: 0.517609
2026-03-13 11:57:39,899 - stock_predictor - INFO - Validation loss decreased (0.518438 --> 0.517609).  Saving model ...
2026-03-13 11:57:43,978 - stock_predictor - INFO - Epoch 3/5 - Train Loss: 1.117155 - Val Loss: 0.515919
2026-03-13 11:57:43,980 - stock_predictor - INFO - Validation loss decreased (0.517609 --> 0.515919).  Saving model ...
2026-03-13 11:57:48,036 - stock_predictor - INFO - Epoch 4/5 - Train Loss: 1.117078 - Val Loss: 0.516140
2026-03-13 11:57:48,037 - stock_predictor - INFO - EarlyStopping counter: 1 out of 10
2026-03-13 11:57:52,033 - stock_predictor - INFO - Epoch 5/5 - Train Loss: 1.117296 - Val Loss: 0.517972
2026-03-13 11:57:52,034 - stock_predictor - INFO - EarlyStopping counter: 2 out of 10
2026-03-13 11:57:52,037 - stock_predictor - INFO - Scaler saved to D:\InvestIQ-main\backend\models\saved_models\scaler_HDFCBANK.pkl
2026-03-13 11:57:52,038 - stock_predictor - INFO - Training completed for HDFCBANK.
2026-03-13 11:57:52,067 - stock_predictor - INFO - Starting advanced training pipeline for RELIANCE...
2026-03-13 11:57:52,111 - stock_predictor - INFO - Detected metadata row, dropping row 0
2026-03-13 11:57:52,113 - stock_predictor - INFO - Loaded data from D:\InvestIQ-main\backend\data\stock_data\RELIANCE.csv with shape (6334, 7)
2026-03-13 11:57:52,163 - stock_predictor - INFO - Data cleaned successfully
2026-03-13 11:57:52,166 - stock_predictor - INFO - Fetching market index data for ^NSEI...
2026-03-13 11:57:53,480 - stock_predictor - INFO - Technical indicators added successfully
2026-03-13 11:57:53,486 - stock_predictor - ERROR - Error adding market correlation: Data must be 1-dimensional, got ndarray of shape (4535, 1) instead
2026-03-13 11:57:53,487 - stock_predictor - INFO - Adding simulated external data for RELIANCE...
2026-03-13 11:57:53,586 - stock_predictor - INFO - Scaled columns: ['Open', 'High', 'Low', 'Close', 'Volume', 'VWAP', 'SMA_20', 'SMA_50', 'RSI', 'BB_High', 'BB_Low', 'MACD', 'MACD_Signal', 'MACD_Hist', 'ATR', 'Log_Return', 'Volume_Change', 'Rolling_Volatility', 'Sentiment', 'Macro_Score']
2026-03-13 11:57:53,742 - stock_predictor - INFO - Training on cuda...
2026-03-13 11:57:57,848 - stock_predictor - INFO - Epoch 1/5 - Train Loss: 1.143324 - Val Loss: 0.495585
2026-03-13 11:57:57,849 - stock_predictor - INFO - Validation loss decreased (inf --> 0.495585).  Saving model ...
2026-03-13 11:58:01,935 - stock_predictor - INFO - Epoch 2/5 - Train Loss: 1.136394 - Val Loss: 0.491120
2026-03-13 11:58:01,936 - stock_predictor - INFO - Validation loss decreased (0.495585 --> 0.491120).  Saving model ...
2026-03-13 11:58:05,665 - stock_predictor - INFO - Epoch 3/5 - Train Loss: 1.134741 - Val Loss: 0.517133
2026-03-13 11:58:05,666 - stock_predictor - INFO - EarlyStopping counter: 1 out of 10
2026-03-13 11:58:09,618 - stock_predictor - INFO - Epoch 4/5 - Train Loss: 1.133561 - Val Loss: 0.492198
2026-03-13 11:58:09,619 - stock_predictor - INFO - EarlyStopping counter: 2 out of 10
2026-03-13 11:58:13,804 - stock_predictor - INFO - Epoch 5/5 - Train Loss: 1.133710 - Val Loss: 0.490209
2026-03-13 11:58:13,805 - stock_predictor - INFO - Validation loss decreased (0.491120 --> 0.490209).  Saving model ...
2026-03-13 11:58:13,829 - stock_predictor - INFO - Scaler saved to D:\InvestIQ-main\backend\models\saved_models\scaler_RELIANCE.pkl
2026-03-13 11:58:13,830 - stock_predictor - INFO - Training completed for RELIANCE.
2026-03-13 11:58:13,857 - stock_predictor - INFO - Starting advanced training pipeline for TCS...
2026-03-13 11:58:13,895 - stock_predictor - INFO - Detected metadata row, dropping row 0
2026-03-13 11:58:13,897 - stock_predictor - INFO - Loaded data from D:\InvestIQ-main\backend\data\stock_data\TCS.csv with shape (5296, 7)
2026-03-13 11:58:13,959 - stock_predictor - INFO - Data cleaned successfully
2026-03-13 11:58:13,962 - stock_predictor - INFO - Fetching market index data for ^NSEI...
2026-03-13 11:58:16,154 - stock_predictor - INFO - Technical indicators added successfully
2026-03-13 11:58:16,160 - stock_predictor - ERROR - Error adding market correlation: Data must be 1-dimensional, got ndarray of shape (4535, 1) instead
2026-03-13 11:58:16,161 - stock_predictor - INFO - Adding simulated external data for TCS...
2026-03-13 11:58:16,362 - stock_predictor - INFO - Scaled columns: ['Open', 'High', 'Low', 'Close', 'Volume', 'VWAP', 'SMA_20', 'SMA_50', 'RSI', 'BB_High', 'BB_Low', 'MACD', 'MACD_Signal', 'MACD_Hist', 'ATR', 'Log_Return', 'Volume_Change', 'Rolling_Volatility', 'Sentiment', 'Macro_Score']
2026-03-13 11:58:16,559 - stock_predictor - INFO - Training on cuda...
2026-03-13 11:58:20,376 - stock_predictor - INFO - Epoch 1/5 - Train Loss: 1.126886 - Val Loss: 0.553287
2026-03-13 11:58:20,377 - stock_predictor - INFO - Validation loss decreased (inf --> 0.553287).  Saving model ...
2026-03-13 11:58:23,340 - stock_predictor - INFO - Epoch 2/5 - Train Loss: 1.124489 - Val Loss: 0.553874
2026-03-13 11:58:23,341 - stock_predictor - INFO - EarlyStopping counter: 1 out of 10
2026-03-13 11:58:26,132 - stock_predictor - INFO - Epoch 3/5 - Train Loss: 1.124072 - Val Loss: 0.553631
2026-03-13 11:58:26,133 - stock_predictor - INFO - EarlyStopping counter: 2 out of 10
2026-03-13 11:58:28,662 - stock_predictor - INFO - Epoch 4/5 - Train Loss: 1.122735 - Val Loss: 0.552430
2026-03-13 11:58:28,663 - stock_predictor - INFO - Validation loss decreased (0.553287 --> 0.552430).  Saving model ...
2026-03-13 11:58:31,457 - stock_predictor - INFO - Epoch 5/5 - Train Loss: 1.121950 - Val Loss: 0.551292
2026-03-13 11:58:31,458 - stock_predictor - INFO - Validation loss decreased (0.552430 --> 0.551292).  Saving model ...
2026-03-13 11:58:31,479 - stock_predictor - INFO - Scaler saved to D:\InvestIQ-main\backend\models\saved_models\scaler_TCS.pkl
2026-03-13 11:58:31,479 - stock_predictor - INFO - Training completed for TCS.
2026-03-13 11:58:31,493 - stock_predictor - INFO - Starting advanced training pipeline for INFY...
2026-03-13 11:58:31,522 - stock_predictor - INFO - Detected metadata row, dropping row 0
2026-03-13 11:58:31,526 - stock_predictor - INFO - Loaded data from D:\InvestIQ-main\backend\data\stock_data\INFY.csv with shape (6490, 7)
2026-03-13 11:58:31,567 - stock_predictor - INFO - Data cleaned successfully
2026-03-13 11:58:31,569 - stock_predictor - INFO - Fetching market index data for ^NSEI...
2026-03-13 11:58:31,754 - stock_predictor - INFO - Technical indicators added successfully
2026-03-13 11:58:31,759 - stock_predictor - ERROR - Error adding market correlation: Data must be 1-dimensional, got ndarray of shape (4535, 1) instead
2026-03-13 11:58:31,760 - stock_predictor - INFO - Adding simulated external data for INFY...
2026-03-13 11:58:31,851 - stock_predictor - INFO - Scaled columns: ['Open', 'High', 'Low', 'Close', 'Volume', 'VWAP', 'SMA_20', 'SMA_50', 'RSI', 'BB_High', 'BB_Low', 'MACD', 'MACD_Signal', 'MACD_Hist', 'ATR', 'Log_Return', 'Volume_Change', 'Rolling_Volatility', 'Sentiment', 'Macro_Score']
2026-03-13 11:58:31,962 - stock_predictor - INFO - Training on cuda...
2026-03-13 11:58:35,319 - stock_predictor - INFO - Epoch 1/5 - Train Loss: 1.056191 - Val Loss: 0.493343
2026-03-13 11:58:35,320 - stock_predictor - INFO - Validation loss decreased (inf --> 0.493343).  Saving model ...
2026-03-13 11:58:38,806 - stock_predictor - INFO - Epoch 2/5 - Train Loss: 1.052246 - Val Loss: 0.494381
2026-03-13 11:58:38,806 - stock_predictor - INFO - EarlyStopping counter: 1 out of 10
2026-03-13 11:58:42,143 - stock_predictor - INFO - Epoch 3/5 - Train Loss: 1.052964 - Val Loss: 0.493019
2026-03-13 11:58:42,144 - stock_predictor - INFO - Validation loss decreased (0.493343 --> 0.493019).  Saving model ...
2026-03-13 11:58:45,715 - stock_predictor - INFO - Epoch 4/5 - Train Loss: 1.050869 - Val Loss: 0.493147
2026-03-13 11:58:45,716 - stock_predictor - INFO - EarlyStopping counter: 1 out of 10
2026-03-13 11:58:49,133 - stock_predictor - INFO - Epoch 5/5 - Train Loss: 1.052870 - Val Loss: 0.495041
2026-03-13 11:58:49,134 - stock_predictor - INFO - EarlyStopping counter: 2 out of 10
2026-03-13 11:58:49,137 - stock_predictor - INFO - Scaler saved to D:\InvestIQ-main\backend\models\saved_models\scaler_INFY.pkl
2026-03-13 11:58:49,137 - stock_predictor - INFO - Training completed for INFY.
2026-03-13 11:58:49,155 - stock_predictor - INFO - Starting advanced training pipeline for ICICIBANK...
2026-03-13 11:58:49,186 - stock_predictor - INFO - Detected metadata row, dropping row 0
2026-03-13 11:58:49,187 - stock_predictor - INFO - Loaded data from D:\InvestIQ-main\backend\data\stock_data\ICICIBANK.csv with shape (5900, 7)
2026-03-13 11:58:49,284 - stock_predictor - INFO - Data cleaned successfully
2026-03-13 11:58:49,303 - stock_predictor - INFO - Fetching market index data for ^NSEI...
2026-03-13 11:58:50,319 - stock_predictor - INFO - Technical indicators added successfully
2026-03-13 11:58:50,325 - stock_predictor - ERROR - Error adding market correlation: Data must be 1-dimensional, got ndarray of shape (4535, 1) instead
2026-03-13 11:58:50,328 - stock_predictor - INFO - Adding simulated external data for ICICIBANK...
2026-03-13 11:58:50,432 - stock_predictor - INFO - Scaled columns: ['Open', 'High', 'Low', 'Close', 'Volume', 'VWAP', 'SMA_20', 'SMA_50', 'RSI', 'BB_High', 'BB_Low', 'MACD', 'MACD_Signal', 'MACD_Hist', 'ATR', 'Log_Return', 'Volume_Change', 'Rolling_Volatility', 'Sentiment', 'Macro_Score']
2026-03-13 11:58:50,549 - stock_predictor - INFO - Training on cuda...
2026-03-13 11:58:53,538 - stock_predictor - INFO - Epoch 1/5 - Train Loss: 1.182974 - Val Loss: 0.295466
2026-03-13 11:58:53,539 - stock_predictor - INFO - Validation loss decreased (inf --> 0.295466).  Saving model ...
2026-03-13 11:58:56,888 - stock_predictor - INFO - Epoch 2/5 - Train Loss: 1.178677 - Val Loss: 0.297377
2026-03-13 11:58:56,889 - stock_predictor - INFO - EarlyStopping counter: 1 out of 10
2026-03-13 11:58:59,727 - stock_predictor - INFO - Epoch 3/5 - Train Loss: 1.179431 - Val Loss: 0.295393
2026-03-13 11:58:59,727 - stock_predictor - INFO - Validation loss decreased (0.295466 --> 0.295393).  Saving model ...
2026-03-13 11:59:02,790 - stock_predictor - INFO - Epoch 4/5 - Train Loss: 1.178419 - Val Loss: 0.295371
2026-03-13 11:59:02,791 - stock_predictor - INFO - Validation loss decreased (0.295393 --> 0.295371).  Saving model ...
2026-03-13 11:59:05,753 - stock_predictor - INFO - Epoch 5/5 - Train Loss: 1.177155 - Val Loss: 0.295816
2026-03-13 11:59:05,754 - stock_predictor - INFO - EarlyStopping counter: 1 out of 10
2026-03-13 11:59:05,757 - stock_predictor - INFO - Scaler saved to D:\InvestIQ-main\backend\models\saved_models\scaler_ICICIBANK.pkl
2026-03-13 11:59:05,757 - stock_predictor - INFO - Training completed for ICICIBANK.
2026-03-13 14:08:52,085 - stock_predictor - INFO - Starting advanced training pipeline for HDFCBANK...
2026-03-13 14:08:52,102 - stock_predictor - INFO - Detected metadata row, dropping row 0
2026-03-13 14:08:52,103 - stock_predictor - INFO - Loaded data from D:\InvestIQ-main\backend\data\stock_data\HDFCBANK.csv with shape (6531, 7)
2026-03-13 14:08:52,128 - stock_predictor - INFO - Data cleaned successfully
2026-03-13 14:08:52,134 - stock_predictor - INFO - Using 25-year window for HDFCBANK: 2001-03-13 to 2026-03-13
2026-03-13 14:08:52,135 - stock_predictor - INFO - Fetching market index data for ^NSEI...
2026-03-13 14:08:54,501 - stock_predictor - INFO - Technical indicators added successfully
2026-03-13 14:08:54,512 - stock_predictor - ERROR - Error adding market correlation: Data must be 1-dimensional, got ndarray of shape (4535, 1) instead
2026-03-13 14:08:54,514 - stock_predictor - INFO - Adding simulated external data for HDFCBANK...
2026-03-13 14:08:54,600 - stock_predictor - INFO - Scaled columns: ['Open', 'High', 'Low', 'Close', 'Volume', 'VWAP', 'SMA_20', 'SMA_50', 'RSI', 'BB_High', 'BB_Low', 'MACD', 'MACD_Signal', 'MACD_Hist', 'ATR', 'Log_Return', 'Volume_Change', 'Rolling_Volatility', 'Sentiment', 'Macro_Score']
2026-03-13 14:08:57,461 - stock_predictor - INFO - Training on cuda...
2026-03-13 14:09:00,983 - stock_predictor - INFO - Epoch 1/100 - Train Loss: 1.120774 - Val Loss: 0.512608
2026-03-13 14:09:03,394 - stock_predictor - INFO - Epoch 2/100 - Train Loss: 1.120347 - Val Loss: 0.511673
2026-03-13 14:09:05,527 - stock_predictor - INFO - Epoch 3/100 - Train Loss: 1.114027 - Val Loss: 0.515293
2026-03-13 14:09:07,814 - stock_predictor - INFO - Epoch 4/100 - Train Loss: 1.114155 - Val Loss: 0.513385
2026-03-13 14:09:09,883 - stock_predictor - INFO - Epoch 5/100 - Train Loss: 1.113864 - Val Loss: 0.512005
2026-03-13 14:09:11,850 - stock_predictor - INFO - Epoch 6/100 - Train Loss: 1.116342 - Val Loss: 0.510211
2026-03-13 14:09:13,903 - stock_predictor - INFO - Epoch 7/100 - Train Loss: 1.117068 - Val Loss: 0.512321
2026-03-13 14:09:16,007 - stock_predictor - INFO - Epoch 8/100 - Train Loss: 1.118009 - Val Loss: 0.513070
2026-03-13 14:09:18,099 - stock_predictor - INFO - Epoch 9/100 - Train Loss: 1.114058 - Val Loss: 0.512863
2026-03-13 14:09:20,159 - stock_predictor - INFO - Epoch 10/100 - Train Loss: 1.114958 - Val Loss: 0.512004
2026-03-13 14:09:22,216 - stock_predictor - INFO - Epoch 11/100 - Train Loss: 1.113147 - Val Loss: 0.512230
2026-03-13 14:09:24,377 - stock_predictor - INFO - Epoch 12/100 - Train Loss: 1.117412 - Val Loss: 0.510412
2026-03-13 14:09:26,414 - stock_predictor - INFO - Epoch 13/100 - Train Loss: 1.112445 - Val Loss: 0.512612
2026-03-13 14:09:28,405 - stock_predictor - INFO - Epoch 14/100 - Train Loss: 1.109131 - Val Loss: 0.518072
2026-03-13 14:09:30,804 - stock_predictor - INFO - Epoch 15/100 - Train Loss: 1.104995 - Val Loss: 0.536849
2026-03-13 14:09:33,486 - stock_predictor - INFO - Epoch 16/100 - Train Loss: 1.112989 - Val Loss: 0.528843
2026-03-13 14:09:35,793 - stock_predictor - INFO - Epoch 17/100 - Train Loss: 1.106003 - Val Loss: 0.541018
2026-03-13 14:09:38,060 - stock_predictor - INFO - Epoch 18/100 - Train Loss: 1.100721 - Val Loss: 0.548440
2026-03-13 14:09:40,318 - stock_predictor - INFO - Epoch 19/100 - Train Loss: 1.104266 - Val Loss: 0.561612
2026-03-13 14:09:42,400 - stock_predictor - INFO - Epoch 20/100 - Train Loss: 1.094839 - Val Loss: 0.569708
2026-03-13 14:09:44,402 - stock_predictor - INFO - Epoch 21/100 - Train Loss: 1.092333 - Val Loss: 0.582636
2026-03-13 14:09:46,637 - stock_predictor - INFO - Epoch 22/100 - Train Loss: 1.089660 - Val Loss: 0.615896
2026-03-13 14:09:49,100 - stock_predictor - INFO - Epoch 23/100 - Train Loss: 1.085436 - Val Loss: 0.614939
2026-03-13 14:09:51,519 - stock_predictor - INFO - Epoch 24/100 - Train Loss: 1.082336 - Val Loss: 0.614435
2026-03-13 14:09:53,784 - stock_predictor - INFO - Epoch 25/100 - Train Loss: 1.089169 - Val Loss: 0.625117
2026-03-13 14:09:56,140 - stock_predictor - INFO - Epoch 26/100 - Train Loss: 1.174812 - Val Loss: 0.626147
2026-03-13 14:09:58,311 - stock_predictor - INFO - Epoch 27/100 - Train Loss: 1.077741 - Val Loss: 0.655008
2026-03-13 14:10:00,423 - stock_predictor - INFO - Epoch 28/100 - Train Loss: 1.085417 - Val Loss: 0.666888
2026-03-13 14:10:02,476 - stock_predictor - INFO - Epoch 29/100 - Train Loss: 1.083084 - Val Loss: 0.675435
2026-03-13 14:10:04,985 - stock_predictor - INFO - Epoch 30/100 - Train Loss: 1.075529 - Val Loss: 0.691073
2026-03-13 14:10:07,426 - stock_predictor - INFO - Epoch 31/100 - Train Loss: 1.083533 - Val Loss: 0.687704
2026-03-13 14:10:09,679 - stock_predictor - INFO - Epoch 32/100 - Train Loss: 1.173979 - Val Loss: 0.690626
2026-03-13 14:10:11,934 - stock_predictor - INFO - Epoch 33/100 - Train Loss: 1.071791 - Val Loss: 0.692842
2026-03-13 14:10:14,185 - stock_predictor - INFO - Epoch 34/100 - Train Loss: 1.077213 - Val Loss: 0.702170
2026-03-13 14:10:16,252 - stock_predictor - INFO - Epoch 35/100 - Train Loss: 1.079361 - Val Loss: 0.704543
2026-03-13 14:10:18,279 - stock_predictor - INFO - Epoch 36/100 - Train Loss: 1.079985 - Val Loss: 0.704132
2026-03-13 14:10:20,552 - stock_predictor - INFO - Epoch 37/100 - Train Loss: 1.071081 - Val Loss: 0.705597
2026-03-13 14:10:22,843 - stock_predictor - INFO - Epoch 38/100 - Train Loss: 1.071799 - Val Loss: 0.708438
2026-03-13 14:10:25,241 - stock_predictor - INFO - Epoch 39/100 - Train Loss: 1.069645 - Val Loss: 0.709916
2026-03-13 14:10:27,627 - stock_predictor - INFO - Epoch 40/100 - Train Loss: 1.072848 - Val Loss: 0.707905
2026-03-13 14:10:30,301 - stock_predictor - INFO - Epoch 41/100 - Train Loss: 1.075126 - Val Loss: 0.708428
2026-03-13 14:10:32,364 - stock_predictor - INFO - Epoch 42/100 - Train Loss: 1.069781 - Val Loss: 0.708540
2026-03-13 14:10:34,378 - stock_predictor - INFO - Epoch 43/100 - Train Loss: 1.069860 - Val Loss: 0.708876
2026-03-13 14:10:36,580 - stock_predictor - INFO - Epoch 44/100 - Train Loss: 1.071130 - Val Loss: 0.709379
2026-03-13 14:10:39,047 - stock_predictor - INFO - Epoch 45/100 - Train Loss: 1.070849 - Val Loss: 0.710632
2026-03-13 14:10:41,555 - stock_predictor - INFO - Epoch 46/100 - Train Loss: 1.069885 - Val Loss: 0.711409
2026-03-13 14:10:43,848 - stock_predictor - INFO - Epoch 47/100 - Train Loss: 1.070804 - Val Loss: 0.711645
2026-03-13 14:10:46,070 - stock_predictor - INFO - Epoch 48/100 - Train Loss: 1.078688 - Val Loss: 0.711714
2026-03-13 14:10:48,275 - stock_predictor - INFO - Epoch 49/100 - Train Loss: 1.068350 - Val Loss: 0.712329
2026-03-13 14:10:50,261 - stock_predictor - INFO - Epoch 50/100 - Train Loss: 1.069771 - Val Loss: 0.712535
2026-03-13 14:10:52,495 - stock_predictor - INFO - Epoch 51/100 - Train Loss: 1.074569 - Val Loss: 0.712582
2026-03-13 14:10:54,724 - stock_predictor - INFO - Epoch 52/100 - Train Loss: 1.071943 - Val Loss: 0.712565
2026-03-13 14:10:56,865 - stock_predictor - INFO - Epoch 53/100 - Train Loss: 1.069616 - Val Loss: 0.712406
2026-03-13 14:10:59,224 - stock_predictor - INFO - Epoch 54/100 - Train Loss: 1.074862 - Val Loss: 0.712527
2026-03-13 14:11:01,564 - stock_predictor - INFO - Epoch 55/100 - Train Loss: 1.069566 - Val Loss: 0.712612
2026-03-13 14:11:03,735 - stock_predictor - INFO - Epoch 56/100 - Train Loss: 1.070071 - Val Loss: 0.712685
2026-03-13 14:11:05,678 - stock_predictor - INFO - Epoch 57/100 - Train Loss: 1.070111 - Val Loss: 0.712784
2026-03-13 14:11:07,630 - stock_predictor - INFO - Epoch 58/100 - Train Loss: 1.070636 - Val Loss: 0.712838
2026-03-13 14:11:09,972 - stock_predictor - INFO - Epoch 59/100 - Train Loss: 1.076205 - Val Loss: 0.712930
2026-03-13 14:11:12,872 - stock_predictor - INFO - Epoch 60/100 - Train Loss: 1.072663 - Val Loss: 0.712969
2026-03-13 14:11:15,327 - stock_predictor - INFO - Epoch 61/100 - Train Loss: 1.073551 - Val Loss: 0.713029
2026-03-13 14:11:17,638 - stock_predictor - INFO - Epoch 62/100 - Train Loss: 1.068760 - Val Loss: 0.713030
2026-03-13 14:11:19,820 - stock_predictor - INFO - Epoch 63/100 - Train Loss: 1.099411 - Val Loss: 0.713058
2026-03-13 14:11:21,936 - stock_predictor - INFO - Epoch 64/100 - Train Loss: 1.082808 - Val Loss: 0.713063
2026-03-13 14:11:24,038 - stock_predictor - INFO - Epoch 65/100 - Train Loss: 1.071547 - Val Loss: 0.713090
2026-03-13 14:11:26,538 - stock_predictor - INFO - Epoch 66/100 - Train Loss: 1.071830 - Val Loss: 0.713114
2026-03-13 14:11:30,914 - stock_predictor - INFO - Epoch 67/100 - Train Loss: 1.071017 - Val Loss: 0.713112
2026-03-13 14:11:34,047 - stock_predictor - INFO - Epoch 68/100 - Train Loss: 1.068655 - Val Loss: 0.713124
2026-03-13 14:11:36,366 - stock_predictor - INFO - Epoch 69/100 - Train Loss: 1.089450 - Val Loss: 0.713150
2026-03-13 14:11:38,664 - stock_predictor - INFO - Epoch 70/100 - Train Loss: 1.071965 - Val Loss: 0.713156
2026-03-13 14:11:40,859 - stock_predictor - INFO - Epoch 71/100 - Train Loss: 1.072187 - Val Loss: 0.713166
2026-03-13 14:11:43,214 - stock_predictor - INFO - Epoch 72/100 - Train Loss: 1.074674 - Val Loss: 0.713162
2026-03-13 14:11:45,770 - stock_predictor - INFO - Epoch 73/100 - Train Loss: 1.070604 - Val Loss: 0.713156
2026-03-13 14:11:48,303 - stock_predictor - INFO - Epoch 74/100 - Train Loss: 1.069849 - Val Loss: 0.713158
2026-03-13 14:11:50,607 - stock_predictor - INFO - Epoch 75/100 - Train Loss: 1.073379 - Val Loss: 0.713160
2026-03-13 14:11:52,827 - stock_predictor - INFO - Epoch 76/100 - Train Loss: 1.091084 - Val Loss: 0.713163
2026-03-13 14:11:55,008 - stock_predictor - INFO - Epoch 77/100 - Train Loss: 1.070988 - Val Loss: 0.713173
2026-03-13 14:11:57,016 - stock_predictor - INFO - Epoch 78/100 - Train Loss: 1.077282 - Val Loss: 0.713172
2026-03-13 14:11:59,013 - stock_predictor - INFO - Epoch 79/100 - Train Loss: 1.073364 - Val Loss: 0.713168
2026-03-13 14:12:01,224 - stock_predictor - INFO - Epoch 80/100 - Train Loss: 1.076486 - Val Loss: 0.713178
2026-03-13 14:12:03,367 - stock_predictor - INFO - Epoch 81/100 - Train Loss: 1.077823 - Val Loss: 0.713181
2026-03-13 14:12:05,772 - stock_predictor - INFO - Epoch 82/100 - Train Loss: 1.068417 - Val Loss: 0.713190
2026-03-13 14:12:08,091 - stock_predictor - INFO - Epoch 83/100 - Train Loss: 1.068878 - Val Loss: 0.713197
2026-03-13 14:12:10,305 - stock_predictor - INFO - Epoch 84/100 - Train Loss: 1.078798 - Val Loss: 0.713204
2026-03-13 14:12:12,265 - stock_predictor - INFO - Epoch 85/100 - Train Loss: 1.071114 - Val Loss: 0.713212
2026-03-13 14:12:14,259 - stock_predictor - INFO - Epoch 86/100 - Train Loss: 1.072772 - Val Loss: 0.713218
2026-03-13 14:12:16,414 - stock_predictor - INFO - Epoch 87/100 - Train Loss: 1.070502 - Val Loss: 0.713227
2026-03-13 14:12:18,803 - stock_predictor - INFO - Epoch 88/100 - Train Loss: 1.075489 - Val Loss: 0.713228
2026-03-13 14:12:21,011 - stock_predictor - INFO - Epoch 89/100 - Train Loss: 1.072961 - Val Loss: 0.713232
2026-03-13 14:12:23,301 - stock_predictor - INFO - Epoch 90/100 - Train Loss: 1.070763 - Val Loss: 0.713232
2026-03-13 14:12:25,415 - stock_predictor - INFO - Epoch 91/100 - Train Loss: 1.077975 - Val Loss: 0.713235
2026-03-13 14:12:27,669 - stock_predictor - INFO - Epoch 92/100 - Train Loss: 1.071501 - Val Loss: 0.713244
2026-03-13 14:12:29,729 - stock_predictor - INFO - Epoch 93/100 - Train Loss: 1.075805 - Val Loss: 0.713249
2026-03-13 14:12:31,982 - stock_predictor - INFO - Epoch 94/100 - Train Loss: 1.073213 - Val Loss: 0.713251
2026-03-13 14:12:34,485 - stock_predictor - INFO - Epoch 95/100 - Train Loss: 1.075335 - Val Loss: 0.713258
2026-03-13 14:12:37,382 - stock_predictor - INFO - Epoch 96/100 - Train Loss: 1.070406 - Val Loss: 0.713261
2026-03-13 14:12:40,617 - stock_predictor - INFO - Epoch 97/100 - Train Loss: 1.070456 - Val Loss: 0.713268
2026-03-13 14:12:43,523 - stock_predictor - INFO - Epoch 98/100 - Train Loss: 1.074930 - Val Loss: 0.713265
2026-03-13 14:12:46,439 - stock_predictor - INFO - Epoch 99/100 - Train Loss: 1.069794 - Val Loss: 0.713271
2026-03-13 14:12:49,444 - stock_predictor - INFO - Epoch 100/100 - Train Loss: 1.076050 - Val Loss: 0.713276
2026-03-13 14:12:49,581 - stock_predictor - INFO - Final model checkpoint saved to D:\InvestIQ-main\backend\models\saved_models\transformer_HDFCBANK.pth
2026-03-13 14:12:49,585 - stock_predictor - INFO - Scaler saved to D:\InvestIQ-main\backend\models\saved_models\scaler_HDFCBANK.pkl
2026-03-13 14:12:49,585 - stock_predictor - INFO - Training completed for HDFCBANK.
2026-03-13 14:12:49,621 - stock_predictor - INFO - Starting advanced training pipeline for RELIANCE...
2026-03-13 14:12:49,650 - stock_predictor - INFO - Detected metadata row, dropping row 0
2026-03-13 14:12:49,651 - stock_predictor - INFO - Loaded data from D:\InvestIQ-main\backend\data\stock_data\RELIANCE.csv with shape (6334, 7)
2026-03-13 14:12:49,683 - stock_predictor - INFO - Data cleaned successfully
2026-03-13 14:12:49,687 - stock_predictor - INFO - Using 25-year window for RELIANCE: 2001-03-13 to 2026-03-13
2026-03-13 14:12:49,688 - stock_predictor - INFO - Fetching market index data for ^NSEI...
2026-03-13 14:12:49,877 - stock_predictor - INFO - Technical indicators added successfully
2026-03-13 14:12:49,880 - stock_predictor - ERROR - Error adding market correlation: Data must be 1-dimensional, got ndarray of shape (4535, 1) instead
2026-03-13 14:12:49,881 - stock_predictor - INFO - Adding simulated external data for RELIANCE...
2026-03-13 14:12:49,989 - stock_predictor - INFO - Scaled columns: ['Open', 'High', 'Low', 'Close', 'Volume', 'VWAP', 'SMA_20', 'SMA_50', 'RSI', 'BB_High', 'BB_Low', 'MACD', 'MACD_Signal', 'MACD_Hist', 'ATR', 'Log_Return', 'Volume_Change', 'Rolling_Volatility', 'Sentiment', 'Macro_Score']
2026-03-13 14:12:50,078 - stock_predictor - INFO - Training on cuda...
2026-03-13 14:12:53,111 - stock_predictor - INFO - Epoch 1/100 - Train Loss: 1.105280 - Val Loss: 0.493425
2026-03-13 14:12:56,269 - stock_predictor - INFO - Epoch 2/100 - Train Loss: 1.101263 - Val Loss: 0.493409
2026-03-13 14:12:59,641 - stock_predictor - INFO - Epoch 3/100 - Train Loss: 1.099923 - Val Loss: 0.491481
2026-03-13 14:13:03,139 - stock_predictor - INFO - Epoch 4/100 - Train Loss: 1.100405 - Val Loss: 0.492071
2026-03-13 14:13:06,384 - stock_predictor - INFO - Epoch 5/100 - Train Loss: 1.097756 - Val Loss: 0.491089
2026-03-13 14:13:09,835 - stock_predictor - INFO - Epoch 6/100 - Train Loss: 1.097640 - Val Loss: 0.495327
2026-03-13 14:13:13,023 - stock_predictor - INFO - Epoch 7/100 - Train Loss: 1.097042 - Val Loss: 0.491560
2026-03-13 14:13:16,239 - stock_predictor - INFO - Epoch 8/100 - Train Loss: 1.097916 - Val Loss: 0.490993
2026-03-13 14:13:19,256 - stock_predictor - INFO - Epoch 9/100 - Train Loss: 1.097204 - Val Loss: 0.490975
2026-03-13 14:13:22,396 - stock_predictor - INFO - Epoch 10/100 - Train Loss: 1.097972 - Val Loss: 0.492177
2026-03-13 14:13:25,579 - stock_predictor - INFO - Epoch 11/100 - Train Loss: 1.097856 - Val Loss: 0.491805
2026-03-13 14:13:28,704 - stock_predictor - INFO - Epoch 12/100 - Train Loss: 1.098881 - Val Loss: 0.497411
2026-03-13 14:13:31,980 - stock_predictor - INFO - Epoch 13/100 - Train Loss: 1.096375 - Val Loss: 0.515998
2026-03-13 14:13:34,939 - stock_predictor - INFO - Epoch 14/100 - Train Loss: 1.095160 - Val Loss: 0.511266
2026-03-13 14:13:37,892 - stock_predictor - INFO - Epoch 15/100 - Train Loss: 1.095346 - Val Loss: 0.519278
2026-03-13 14:13:40,947 - stock_predictor - INFO - Epoch 16/100 - Train Loss: 1.091747 - Val Loss: 0.509509
2026-03-13 14:13:44,010 - stock_predictor - INFO - Epoch 17/100 - Train Loss: 1.092886 - Val Loss: 0.499423
2026-03-13 14:13:47,351 - stock_predictor - INFO - Epoch 18/100 - Train Loss: 1.090862 - Val Loss: 0.507560
2026-03-13 14:13:50,636 - stock_predictor - INFO - Epoch 19/100 - Train Loss: 1.090060 - Val Loss: 0.510958
2026-03-13 14:13:53,881 - stock_predictor - INFO - Epoch 20/100 - Train Loss: 1.088239 - Val Loss: 0.516872
2026-03-13 14:13:57,120 - stock_predictor - INFO - Epoch 21/100 - Train Loss: 1.086464 - Val Loss: 0.514667
2026-03-13 14:14:00,336 - stock_predictor - INFO - Epoch 22/100 - Train Loss: 1.086180 - Val Loss: 0.519191
2026-03-13 14:14:03,566 - stock_predictor - INFO - Epoch 23/100 - Train Loss: 1.085833 - Val Loss: 0.520812
2026-03-13 14:14:06,857 - stock_predictor - INFO - Epoch 24/100 - Train Loss: 1.084512 - Val Loss: 0.523909
2026-03-13 14:14:10,246 - stock_predictor - INFO - Epoch 25/100 - Train Loss: 1.082920 - Val Loss: 0.521184
2026-03-13 14:14:14,013 - stock_predictor - INFO - Epoch 26/100 - Train Loss: 1.081600 - Val Loss: 0.521651
2026-03-13 14:14:17,054 - stock_predictor - INFO - Epoch 27/100 - Train Loss: 1.083113 - Val Loss: 0.525306
2026-03-13 14:14:20,070 - stock_predictor - INFO - Epoch 28/100 - Train Loss: 1.081888 - Val Loss: 0.519407
2026-03-13 14:14:23,307 - stock_predictor - INFO - Epoch 29/100 - Train Loss: 1.081490 - Val Loss: 0.522964
2026-03-13 14:14:26,672 - stock_predictor - INFO - Epoch 30/100 - Train Loss: 1.082802 - Val Loss: 0.521902
2026-03-13 14:14:29,721 - stock_predictor - INFO - Epoch 31/100 - Train Loss: 1.079931 - Val Loss: 0.520403
2026-03-13 14:14:32,843 - stock_predictor - INFO - Epoch 32/100 - Train Loss: 1.080048 - Val Loss: 0.519308
2026-03-13 14:14:35,916 - stock_predictor - INFO - Epoch 33/100 - Train Loss: 1.081608 - Val Loss: 0.520073
2026-03-13 14:14:38,937 - stock_predictor - INFO - Epoch 34/100 - Train Loss: 1.079749 - Val Loss: 0.519859
2026-03-13 14:14:42,002 - stock_predictor - INFO - Epoch 35/100 - Train Loss: 1.079481 - Val Loss: 0.520495
2026-03-13 14:14:44,995 - stock_predictor - INFO - Epoch 36/100 - Train Loss: 1.080240 - Val Loss: 0.522232
2026-03-13 14:14:48,036 - stock_predictor - INFO - Epoch 37/100 - Train Loss: 1.079311 - Val Loss: 0.521071
2026-03-13 14:14:51,127 - stock_predictor - INFO - Epoch 38/100 - Train Loss: 1.079145 - Val Loss: 0.520410
2026-03-13 14:14:54,314 - stock_predictor - INFO - Epoch 39/100 - Train Loss: 1.080070 - Val Loss: 0.519950
2026-03-13 14:14:57,431 - stock_predictor - INFO - Epoch 40/100 - Train Loss: 1.079415 - Val Loss: 0.519720
2026-03-13 14:15:00,813 - stock_predictor - INFO - Epoch 41/100 - Train Loss: 1.078355 - Val Loss: 0.519650
2026-03-13 14:15:04,179 - stock_predictor - INFO - Epoch 42/100 - Train Loss: 1.078827 - Val Loss: 0.520239
2026-03-13 14:15:07,936 - stock_predictor - INFO - Epoch 43/100 - Train Loss: 1.078395 - Val Loss: 0.519884
2026-03-13 14:15:12,001 - stock_predictor - INFO - Epoch 44/100 - Train Loss: 1.079250 - Val Loss: 0.519755
2026-03-13 14:15:15,752 - stock_predictor - INFO - Epoch 45/100 - Train Loss: 1.077651 - Val Loss: 0.519619
2026-03-13 14:15:19,822 - stock_predictor - INFO - Epoch 46/100 - Train Loss: 1.078071 - Val Loss: 0.519745
2026-03-13 14:15:23,195 - stock_predictor - INFO - Epoch 47/100 - Train Loss: 1.078718 - Val Loss: 0.520033
2026-03-13 14:15:26,520 - stock_predictor - INFO - Epoch 48/100 - Train Loss: 1.078484 - Val Loss: 0.520284
2026-03-13 14:15:29,719 - stock_predictor - INFO - Epoch 49/100 - Train Loss: 1.078676 - Val Loss: 0.520201
2026-03-13 14:15:32,848 - stock_predictor - INFO - Epoch 50/100 - Train Loss: 1.078542 - Val Loss: 0.520113
2026-03-13 14:15:36,061 - stock_predictor - INFO - Epoch 51/100 - Train Loss: 1.078608 - Val Loss: 0.520025
2026-03-13 14:15:39,300 - stock_predictor - INFO - Epoch 52/100 - Train Loss: 1.079757 - Val Loss: 0.520062
2026-03-13 14:15:42,553 - stock_predictor - INFO - Epoch 53/100 - Train Loss: 1.078727 - Val Loss: 0.520052
2026-03-13 14:15:45,499 - stock_predictor - INFO - Epoch 54/100 - Train Loss: 1.077811 - Val Loss: 0.520024
2026-03-13 14:15:48,750 - stock_predictor - INFO - Epoch 55/100 - Train Loss: 1.077962 - Val Loss: 0.520024
2026-03-13 14:15:51,957 - stock_predictor - INFO - Epoch 56/100 - Train Loss: 1.077942 - Val Loss: 0.519995
2026-03-13 14:15:54,998 - stock_predictor - INFO - Epoch 57/100 - Train Loss: 1.077808 - Val Loss: 0.519998
2026-03-13 14:15:58,012 - stock_predictor - INFO - Epoch 58/100 - Train Loss: 1.079154 - Val Loss: 0.519996
2026-03-13 14:16:00,939 - stock_predictor - INFO - Epoch 59/100 - Train Loss: 1.077780 - Val Loss: 0.519983
2026-03-13 14:16:04,045 - stock_predictor - INFO - Epoch 60/100 - Train Loss: 1.077578 - Val Loss: 0.519990
2026-03-13 14:16:07,182 - stock_predictor - INFO - Epoch 61/100 - Train Loss: 1.077225 - Val Loss: 0.519987
2026-03-13 14:16:10,148 - stock_predictor - INFO - Epoch 62/100 - Train Loss: 1.079264 - Val Loss: 0.519994
2026-03-13 14:16:13,023 - stock_predictor - INFO - Epoch 63/100 - Train Loss: 1.077854 - Val Loss: 0.520001
2026-03-13 14:16:16,045 - stock_predictor - INFO - Epoch 64/100 - Train Loss: 1.078954 - Val Loss: 0.519995
2026-03-13 14:16:18,914 - stock_predictor - INFO - Epoch 65/100 - Train Loss: 1.078772 - Val Loss: 0.519999
2026-03-13 14:16:21,761 - stock_predictor - INFO - Epoch 66/100 - Train Loss: 1.078022 - Val Loss: 0.519995
2026-03-13 14:16:24,760 - stock_predictor - INFO - Epoch 67/100 - Train Loss: 1.077151 - Val Loss: 0.519987
2026-03-13 14:16:27,738 - stock_predictor - INFO - Epoch 68/100 - Train Loss: 1.080184 - Val Loss: 0.519991
2026-03-13 14:16:30,704 - stock_predictor - INFO - Epoch 69/100 - Train Loss: 1.077804 - Val Loss: 0.519989
2026-03-13 14:16:33,980 - stock_predictor - INFO - Epoch 70/100 - Train Loss: 1.079285 - Val Loss: 0.519991
2026-03-13 14:16:36,827 - stock_predictor - INFO - Epoch 71/100 - Train Loss: 1.077604 - Val Loss: 0.519990
2026-03-13 14:16:39,823 - stock_predictor - INFO - Epoch 72/100 - Train Loss: 1.077351 - Val Loss: 0.519989
2026-03-13 14:16:42,819 - stock_predictor - INFO - Epoch 73/100 - Train Loss: 1.078653 - Val Loss: 0.519988
2026-03-13 14:16:45,831 - stock_predictor - INFO - Epoch 74/100 - Train Loss: 1.079028 - Val Loss: 0.519987
2026-03-13 14:16:48,961 - stock_predictor - INFO - Epoch 75/100 - Train Loss: 1.078644 - Val Loss: 0.519988
2026-03-13 14:16:51,896 - stock_predictor - INFO - Epoch 76/100 - Train Loss: 1.078700 - Val Loss: 0.519989
2026-03-13 14:16:54,773 - stock_predictor - INFO - Epoch 77/100 - Train Loss: 1.079420 - Val Loss: 0.519989
2026-03-13 14:16:57,661 - stock_predictor - INFO - Epoch 78/100 - Train Loss: 1.078737 - Val Loss: 0.519989
2026-03-13 14:17:00,484 - stock_predictor - INFO - Epoch 79/100 - Train Loss: 1.077828 - Val Loss: 0.519988
2026-03-13 14:17:03,631 - stock_predictor - INFO - Epoch 80/100 - Train Loss: 1.078510 - Val Loss: 0.519987
2026-03-13 14:17:06,486 - stock_predictor - INFO - Epoch 81/100 - Train Loss: 1.078662 - Val Loss: 0.519986
2026-03-13 14:17:09,317 - stock_predictor - INFO - Epoch 82/100 - Train Loss: 1.078143 - Val Loss: 0.519986
2026-03-13 14:17:12,122 - stock_predictor - INFO - Epoch 83/100 - Train Loss: 1.078665 - Val Loss: 0.519985
2026-03-13 14:17:15,275 - stock_predictor - INFO - Epoch 84/100 - Train Loss: 1.077595 - Val Loss: 0.519984
2026-03-13 14:17:18,400 - stock_predictor - INFO - Epoch 85/100 - Train Loss: 1.079202 - Val Loss: 0.519983
2026-03-13 14:17:21,542 - stock_predictor - INFO - Epoch 86/100 - Train Loss: 1.078470 - Val Loss: 0.519983
2026-03-13 14:17:24,826 - stock_predictor - INFO - Epoch 87/100 - Train Loss: 1.078738 - Val Loss: 0.519983
2026-03-13 14:17:28,630 - stock_predictor - INFO - Epoch 88/100 - Train Loss: 1.077197 - Val Loss: 0.519983
2026-03-13 14:17:32,496 - stock_predictor - INFO - Epoch 89/100 - Train Loss: 1.078355 - Val Loss: 0.519983
2026-03-13 14:17:35,746 - stock_predictor - INFO - Epoch 90/100 - Train Loss: 1.079541 - Val Loss: 0.519982
2026-03-13 14:17:38,094 - stock_predictor - INFO - Epoch 91/100 - Train Loss: 1.078313 - Val Loss: 0.519982
2026-03-13 14:17:40,328 - stock_predictor - INFO - Epoch 92/100 - Train Loss: 1.078353 - Val Loss: 0.519982
2026-03-13 14:17:42,930 - stock_predictor - INFO - Epoch 93/100 - Train Loss: 1.080162 - Val Loss: 0.519982
2026-03-13 14:17:45,548 - stock_predictor - INFO - Epoch 94/100 - Train Loss: 1.078764 - Val Loss: 0.519982
2026-03-13 14:17:47,872 - stock_predictor - INFO - Epoch 95/100 - Train Loss: 1.078490 - Val Loss: 0.519981
2026-03-13 14:17:49,909 - stock_predictor - INFO - Epoch 96/100 - Train Loss: 1.078269 - Val Loss: 0.519981
2026-03-13 14:17:52,040 - stock_predictor - INFO - Epoch 97/100 - Train Loss: 1.078436 - Val Loss: 0.519981
2026-03-13 14:17:54,100 - stock_predictor - INFO - Epoch 98/100 - Train Loss: 1.078618 - Val Loss: 0.519980
2026-03-13 14:17:56,232 - stock_predictor - INFO - Epoch 99/100 - Train Loss: 1.080130 - Val Loss: 0.519980
2026-03-13 14:17:58,512 - stock_predictor - INFO - Epoch 100/100 - Train Loss: 1.079274 - Val Loss: 0.519981
2026-03-13 14:17:58,523 - stock_predictor - INFO - Final model checkpoint saved to D:\InvestIQ-main\backend\models\saved_models\transformer_RELIANCE.pth
2026-03-13 14:17:58,525 - stock_predictor - INFO - Scaler saved to D:\InvestIQ-main\backend\models\saved_models\scaler_RELIANCE.pkl
2026-03-13 14:17:58,525 - stock_predictor - INFO - Training completed for RELIANCE.
2026-03-13 14:17:58,550 - stock_predictor - INFO - Starting advanced training pipeline for TCS...
2026-03-13 14:17:58,573 - stock_predictor - INFO - Detected metadata row, dropping row 0
2026-03-13 14:17:58,574 - stock_predictor - INFO - Loaded data from D:\InvestIQ-main\backend\data\stock_data\TCS.csv with shape (5296, 7)
2026-03-13 14:17:58,591 - stock_predictor - INFO - Data cleaned successfully
2026-03-13 14:17:58,593 - stock_predictor - INFO - Using 25-year window for TCS: 2001-03-13 to 2026-03-13
2026-03-13 14:17:58,595 - stock_predictor - INFO - Fetching market index data for ^NSEI...
2026-03-13 14:17:59,416 - stock_predictor - INFO - Technical indicators added successfully
2026-03-13 14:17:59,421 - stock_predictor - ERROR - Error adding market correlation: Data must be 1-dimensional, got ndarray of shape (4535, 1) instead
2026-03-13 14:17:59,422 - stock_predictor - INFO - Adding simulated external data for TCS...
2026-03-13 14:17:59,498 - stock_predictor - INFO - Scaled columns: ['Open', 'High', 'Low', 'Close', 'Volume', 'VWAP', 'SMA_20', 'SMA_50', 'RSI', 'BB_High', 'BB_Low', 'MACD', 'MACD_Signal', 'MACD_Hist', 'ATR', 'Log_Return', 'Volume_Change', 'Rolling_Volatility', 'Sentiment', 'Macro_Score']
2026-03-13 14:17:59,585 - stock_predictor - INFO - Training on cuda...
2026-03-13 14:18:01,414 - stock_predictor - INFO - Epoch 1/100 - Train Loss: 1.129618 - Val Loss: 0.549984
2026-03-13 14:18:03,264 - stock_predictor - INFO - Epoch 2/100 - Train Loss: 1.123569 - Val Loss: 0.553283
2026-03-13 14:18:04,984 - stock_predictor - INFO - Epoch 3/100 - Train Loss: 1.122454 - Val Loss: 0.553047
2026-03-13 14:18:06,671 - stock_predictor - INFO - Epoch 4/100 - Train Loss: 1.124103 - Val Loss: 0.553107
2026-03-13 14:18:08,510 - stock_predictor - INFO - Epoch 5/100 - Train Loss: 1.121601 - Val Loss: 0.549695
2026-03-13 14:18:10,741 - stock_predictor - INFO - Epoch 6/100 - Train Loss: 1.121389 - Val Loss: 0.548545
2026-03-13 14:18:13,098 - stock_predictor - INFO - Epoch 7/100 - Train Loss: 1.123086 - Val Loss: 0.549706
2026-03-13 14:18:15,439 - stock_predictor - INFO - Epoch 8/100 - Train Loss: 1.119814 - Val Loss: 0.553150
2026-03-13 14:18:18,521 - stock_predictor - INFO - Epoch 9/100 - Train Loss: 1.119480 - Val Loss: 0.549223
2026-03-13 14:18:20,923 - stock_predictor - INFO - Epoch 10/100 - Train Loss: 1.118114 - Val Loss: 0.555907
2026-03-13 14:18:22,814 - stock_predictor - INFO - Epoch 11/100 - Train Loss: 1.116033 - Val Loss: 0.549872
2026-03-13 14:18:24,598 - stock_predictor - INFO - Epoch 12/100 - Train Loss: 1.114927 - Val Loss: 0.559424
2026-03-13 14:18:26,286 - stock_predictor - INFO - Epoch 13/100 - Train Loss: 1.114430 - Val Loss: 0.554624
2026-03-13 14:18:28,318 - stock_predictor - INFO - Epoch 14/100 - Train Loss: 1.112059 - Val Loss: 0.552650
2026-03-13 14:18:30,424 - stock_predictor - INFO - Epoch 15/100 - Train Loss: 1.107237 - Val Loss: 0.565406
2026-03-13 14:18:32,515 - stock_predictor - INFO - Epoch 16/100 - Train Loss: 1.105480 - Val Loss: 0.568484
2026-03-13 14:18:34,404 - stock_predictor - INFO - Epoch 17/100 - Train Loss: 1.100805 - Val Loss: 0.574797
2026-03-13 14:18:36,413 - stock_predictor - INFO - Epoch 18/100 - Train Loss: 1.100360 - Val Loss: 0.568838
2026-03-13 14:18:38,173 - stock_predictor - INFO - Epoch 19/100 - Train Loss: 1.092822 - Val Loss: 0.573540
2026-03-13 14:18:39,856 - stock_predictor - INFO - Epoch 20/100 - Train Loss: 1.087476 - Val Loss: 0.585547
2026-03-13 14:18:41,540 - stock_predictor - INFO - Epoch 21/100 - Train Loss: 1.085129 - Val Loss: 0.588564
2026-03-13 14:18:43,362 - stock_predictor - INFO - Epoch 22/100 - Train Loss: 1.082929 - Val Loss: 0.594119
2026-03-13 14:18:45,666 - stock_predictor - INFO - Epoch 23/100 - Train Loss: 1.080868 - Val Loss: 0.599944
2026-03-13 14:18:47,494 - stock_predictor - INFO - Epoch 24/100 - Train Loss: 1.075660 - Val Loss: 0.601292
2026-03-13 14:18:49,712 - stock_predictor - INFO - Epoch 25/100 - Train Loss: 1.074253 - Val Loss: 0.600105
2026-03-13 14:18:51,585 - stock_predictor - INFO - Epoch 26/100 - Train Loss: 1.073014 - Val Loss: 0.601960
2026-03-13 14:18:53,664 - stock_predictor - INFO - Epoch 27/100 - Train Loss: 1.068803 - Val Loss: 0.604724
2026-03-13 14:18:55,639 - stock_predictor - INFO - Epoch 28/100 - Train Loss: 1.068241 - Val Loss: 0.608925
2026-03-13 14:18:57,381 - stock_predictor - INFO - Epoch 29/100 - Train Loss: 1.065346 - Val Loss: 0.605156
2026-03-13 14:18:59,078 - stock_predictor - INFO - Epoch 30/100 - Train Loss: 1.067575 - Val Loss: 0.610723
2026-03-13 14:19:01,369 - stock_predictor - INFO - Epoch 31/100 - Train Loss: 1.065646 - Val Loss: 0.609947
2026-03-13 14:19:03,320 - stock_predictor - INFO - Epoch 32/100 - Train Loss: 1.063333 - Val Loss: 0.613655
2026-03-13 14:19:05,376 - stock_predictor - INFO - Epoch 33/100 - Train Loss: 1.064973 - Val Loss: 0.613107
2026-03-13 14:19:07,381 - stock_predictor - INFO - Epoch 34/100 - Train Loss: 1.062118 - Val Loss: 0.612403
2026-03-13 14:19:09,198 - stock_predictor - INFO - Epoch 35/100 - Train Loss: 1.061593 - Val Loss: 0.612357
2026-03-13 14:19:11,149 - stock_predictor - INFO - Epoch 36/100 - Train Loss: 1.063570 - Val Loss: 0.612960
2026-03-13 14:19:12,846 - stock_predictor - INFO - Epoch 37/100 - Train Loss: 1.064569 - Val Loss: 0.613513
2026-03-13 14:19:14,529 - stock_predictor - INFO - Epoch 38/100 - Train Loss: 1.062591 - Val Loss: 0.616128
2026-03-13 14:19:16,278 - stock_predictor - INFO - Epoch 39/100 - Train Loss: 1.061250 - Val Loss: 0.616191
2026-03-13 14:19:18,069 - stock_predictor - INFO - Epoch 40/100 - Train Loss: 1.059139 - Val Loss: 0.615704
2026-03-13 14:19:20,115 - stock_predictor - INFO - Epoch 41/100 - Train Loss: 1.062050 - Val Loss: 0.614807
2026-03-13 14:19:22,382 - stock_predictor - INFO - Epoch 42/100 - Train Loss: 1.061371 - Val Loss: 0.615260
2026-03-13 14:19:24,229 - stock_predictor - INFO - Epoch 43/100 - Train Loss: 1.060941 - Val Loss: 0.614340
2026-03-13 14:19:26,841 - stock_predictor - INFO - Epoch 44/100 - Train Loss: 1.060009 - Val Loss: 0.614799
2026-03-13 14:19:29,209 - stock_predictor - INFO - Epoch 45/100 - Train Loss: 1.058813 - Val Loss: 0.615245
2026-03-13 14:19:31,196 - stock_predictor - INFO - Epoch 46/100 - Train Loss: 1.060712 - Val Loss: 0.615264
2026-03-13 14:19:33,341 - stock_predictor - INFO - Epoch 47/100 - Train Loss: 1.061343 - Val Loss: 0.614885
2026-03-13 14:19:35,727 - stock_predictor - INFO - Epoch 48/100 - Train Loss: 1.058184 - Val Loss: 0.614707
2026-03-13 14:19:37,876 - stock_predictor - INFO - Epoch 49/100 - Train Loss: 1.061114 - Val Loss: 0.614466
2026-03-13 14:19:39,799 - stock_predictor - INFO - Epoch 50/100 - Train Loss: 1.061287 - Val Loss: 0.614193
2026-03-13 14:19:41,535 - stock_predictor - INFO - Epoch 51/100 - Train Loss: 1.063152 - Val Loss: 0.614145
2026-03-13 14:19:43,438 - stock_predictor - INFO - Epoch 52/100 - Train Loss: 1.060866 - Val Loss: 0.614290
2026-03-13 14:19:45,216 - stock_predictor - INFO - Epoch 53/100 - Train Loss: 1.060602 - Val Loss: 0.614350
2026-03-13 14:19:46,912 - stock_predictor - INFO - Epoch 54/100 - Train Loss: 1.060019 - Val Loss: 0.614184
2026-03-13 14:19:48,586 - stock_predictor - INFO - Epoch 55/100 - Train Loss: 1.060531 - Val Loss: 0.614195
2026-03-13 14:19:50,264 - stock_predictor - INFO - Epoch 56/100 - Train Loss: 1.060353 - Val Loss: 0.614266
2026-03-13 14:19:51,923 - stock_predictor - INFO - Epoch 57/100 - Train Loss: 1.062168 - Val Loss: 0.614337
2026-03-13 14:19:53,608 - stock_predictor - INFO - Epoch 58/100 - Train Loss: 1.061206 - Val Loss: 0.614289
2026-03-13 14:19:55,301 - stock_predictor - INFO - Epoch 59/100 - Train Loss: 1.059943 - Val Loss: 0.614312
2026-03-13 14:19:57,125 - stock_predictor - INFO - Epoch 60/100 - Train Loss: 1.059644 - Val Loss: 0.614301
2026-03-13 14:19:59,154 - stock_predictor - INFO - Epoch 61/100 - Train Loss: 1.059162 - Val Loss: 0.614306
2026-03-13 14:20:01,039 - stock_predictor - INFO - Epoch 62/100 - Train Loss: 1.060797 - Val Loss: 0.614311
2026-03-13 14:20:02,843 - stock_predictor - INFO - Epoch 63/100 - Train Loss: 1.060963 - Val Loss: 0.614309
2026-03-13 14:20:04,647 - stock_predictor - INFO - Epoch 64/100 - Train Loss: 1.059027 - Val Loss: 0.614319
2026-03-13 14:20:06,582 - stock_predictor - INFO - Epoch 65/100 - Train Loss: 1.060661 - Val Loss: 0.614328
2026-03-13 14:20:08,561 - stock_predictor - INFO - Epoch 66/100 - Train Loss: 1.063619 - Val Loss: 0.614341
2026-03-13 14:20:10,659 - stock_predictor - INFO - Epoch 67/100 - Train Loss: 1.061235 - Val Loss: 0.614327
2026-03-13 14:20:13,022 - stock_predictor - INFO - Epoch 68/100 - Train Loss: 1.062286 - Val Loss: 0.614336
2026-03-13 14:20:15,031 - stock_predictor - INFO - Epoch 69/100 - Train Loss: 1.062663 - Val Loss: 0.614333
2026-03-13 14:20:17,252 - stock_predictor - INFO - Epoch 70/100 - Train Loss: 1.063519 - Val Loss: 0.614331
2026-03-13 14:20:18,956 - stock_predictor - INFO - Epoch 71/100 - Train Loss: 1.059788 - Val Loss: 0.614329
2026-03-13 14:20:20,654 - stock_predictor - INFO - Epoch 72/100 - Train Loss: 1.059437 - Val Loss: 0.614332
2026-03-13 14:20:22,335 - stock_predictor - INFO - Epoch 73/100 - Train Loss: 1.061004 - Val Loss: 0.614331
2026-03-13 14:20:24,019 - stock_predictor - INFO - Epoch 74/100 - Train Loss: 1.059511 - Val Loss: 0.614334
2026-03-13 14:20:26,158 - stock_predictor - INFO - Epoch 75/100 - Train Loss: 1.059989 - Val Loss: 0.614339
2026-03-13 14:20:28,462 - stock_predictor - INFO - Epoch 76/100 - Train Loss: 1.059010 - Val Loss: 0.614338
2026-03-13 14:20:30,445 - stock_predictor - INFO - Epoch 77/100 - Train Loss: 1.061181 - Val Loss: 0.614334
2026-03-13 14:20:32,322 - stock_predictor - INFO - Epoch 78/100 - Train Loss: 1.059609 - Val Loss: 0.614336
2026-03-13 14:20:34,111 - stock_predictor - INFO - Epoch 79/100 - Train Loss: 1.058602 - Val Loss: 0.614340
2026-03-13 14:20:35,841 - stock_predictor - INFO - Epoch 80/100 - Train Loss: 1.059507 - Val Loss: 0.614342
2026-03-13 14:20:37,556 - stock_predictor - INFO - Epoch 81/100 - Train Loss: 1.060459 - Val Loss: 0.614337
2026-03-13 14:20:39,281 - stock_predictor - INFO - Epoch 82/100 - Train Loss: 1.059063 - Val Loss: 0.614340
2026-03-13 14:20:41,099 - stock_predictor - INFO - Epoch 83/100 - Train Loss: 1.061194 - Val Loss: 0.614340
2026-03-13 14:20:43,216 - stock_predictor - INFO - Epoch 84/100 - Train Loss: 1.058486 - Val Loss: 0.614343
2026-03-13 14:20:45,213 - stock_predictor - INFO - Epoch 85/100 - Train Loss: 1.062689 - Val Loss: 0.614340
2026-03-13 14:20:46,924 - stock_predictor - INFO - Epoch 86/100 - Train Loss: 1.059872 - Val Loss: 0.614337
2026-03-13 14:20:48,925 - stock_predictor - INFO - Epoch 87/100 - Train Loss: 1.060313 - Val Loss: 0.614338
2026-03-13 14:20:50,867 - stock_predictor - INFO - Epoch 88/100 - Train Loss: 1.062194 - Val Loss: 0.614339
2026-03-13 14:20:52,600 - stock_predictor - INFO - Epoch 89/100 - Train Loss: 1.062074 - Val Loss: 0.614344
2026-03-13 14:20:54,489 - stock_predictor - INFO - Epoch 90/100 - Train Loss: 1.059310 - Val Loss: 0.614343
2026-03-13 14:20:56,646 - stock_predictor - INFO - Epoch 91/100 - Train Loss: 1.058997 - Val Loss: 0.614341
2026-03-13 14:20:59,167 - stock_predictor - INFO - Epoch 92/100 - Train Loss: 1.061807 - Val Loss: 0.614341
2026-03-13 14:21:01,308 - stock_predictor - INFO - Epoch 93/100 - Train Loss: 1.059442 - Val Loss: 0.614342
2026-03-13 14:21:03,157 - stock_predictor - INFO - Epoch 94/100 - Train Loss: 1.060833 - Val Loss: 0.614343
2026-03-13 14:21:04,865 - stock_predictor - INFO - Epoch 95/100 - Train Loss: 1.062479 - Val Loss: 0.614339
2026-03-13 14:21:06,583 - stock_predictor - INFO - Epoch 96/100 - Train Loss: 1.059987 - Val Loss: 0.614342
2026-03-13 14:21:08,265 - stock_predictor - INFO - Epoch 97/100 - Train Loss: 1.060921 - Val Loss: 0.614345
2026-03-13 14:21:09,958 - stock_predictor - INFO - Epoch 98/100 - Train Loss: 1.061050 - Val Loss: 0.614346
2026-03-13 14:21:11,701 - stock_predictor - INFO - Epoch 99/100 - Train Loss: 1.059392 - Val Loss: 0.614351
2026-03-13 14:21:13,383 - stock_predictor - INFO - Epoch 100/100 - Train Loss: 1.061070 - Val Loss: 0.614352
2026-03-13 14:21:13,392 - stock_predictor - INFO - Final model checkpoint saved to D:\InvestIQ-main\backend\models\saved_models\transformer_TCS.pth
2026-03-13 14:21:13,395 - stock_predictor - INFO - Scaler saved to D:\InvestIQ-main\backend\models\saved_models\scaler_TCS.pkl
2026-03-13 14:21:13,395 - stock_predictor - INFO - Training completed for TCS.
2026-03-13 14:21:13,416 - stock_predictor - INFO - Starting advanced training pipeline for INFY...
2026-03-13 14:21:13,433 - stock_predictor - INFO - Detected metadata row, dropping row 0
2026-03-13 14:21:13,434 - stock_predictor - INFO - Loaded data from D:\InvestIQ-main\backend\data\stock_data\INFY.csv with shape (6490, 7)
2026-03-13 14:21:13,461 - stock_predictor - INFO - Data cleaned successfully
2026-03-13 14:21:13,464 - stock_predictor - INFO - Using 25-year window for INFY: 2001-03-13 to 2026-03-13
2026-03-13 14:21:13,465 - stock_predictor - INFO - Fetching market index data for ^NSEI...
2026-03-13 14:21:13,572 - stock_predictor - INFO - Technical indicators added successfully
2026-03-13 14:21:13,573 - stock_predictor - ERROR - Error adding market correlation: Data must be 1-dimensional, got ndarray of shape (4535, 1) instead
2026-03-13 14:21:13,574 - stock_predictor - INFO - Adding simulated external data for INFY...
2026-03-13 14:21:13,608 - stock_predictor - INFO - Scaled columns: ['Open', 'High', 'Low', 'Close', 'Volume', 'VWAP', 'SMA_20', 'SMA_50', 'RSI', 'BB_High', 'BB_Low', 'MACD', 'MACD_Signal', 'MACD_Hist', 'ATR', 'Log_Return', 'Volume_Change', 'Rolling_Volatility', 'Sentiment', 'Macro_Score']
2026-03-13 14:21:13,662 - stock_predictor - INFO - Training on cuda...
2026-03-13 14:21:15,691 - stock_predictor - INFO - Epoch 1/100 - Train Loss: 1.051126 - Val Loss: 0.588001
2026-03-13 14:21:17,687 - stock_predictor - INFO - Epoch 2/100 - Train Loss: 1.045659 - Val Loss: 0.585273
2026-03-13 14:21:19,836 - stock_predictor - INFO - Epoch 3/100 - Train Loss: 1.044186 - Val Loss: 0.585017
2026-03-13 14:21:21,914 - stock_predictor - INFO - Epoch 4/100 - Train Loss: 1.048282 - Val Loss: 0.585035
2026-03-13 14:21:23,899 - stock_predictor - INFO - Epoch 5/100 - Train Loss: 1.042967 - Val Loss: 0.606687
2026-03-13 14:21:26,073 - stock_predictor - INFO - Epoch 6/100 - Train Loss: 1.042187 - Val Loss: 0.585439
2026-03-13 14:21:28,090 - stock_predictor - INFO - Epoch 7/100 - Train Loss: 1.043596 - Val Loss: 0.605116
2026-03-13 14:21:30,282 - stock_predictor - INFO - Epoch 8/100 - Train Loss: 1.041221 - Val Loss: 0.598360
2026-03-13 14:21:32,293 - stock_predictor - INFO - Epoch 9/100 - Train Loss: 1.040730 - Val Loss: 0.594536
2026-03-13 14:21:34,412 - stock_predictor - INFO - Epoch 10/100 - Train Loss: 1.039226 - Val Loss: 0.591538
2026-03-13 14:21:36,398 - stock_predictor - INFO - Epoch 11/100 - Train Loss: 1.045112 - Val Loss: 0.611656
2026-03-13 14:21:38,354 - stock_predictor - INFO - Epoch 12/100 - Train Loss: 1.041726 - Val Loss: 0.607728
2026-03-13 14:21:40,358 - stock_predictor - INFO - Epoch 13/100 - Train Loss: 1.032610 - Val Loss: 0.616869
2026-03-13 14:21:42,352 - stock_predictor - INFO - Epoch 14/100 - Train Loss: 1.028542 - Val Loss: 0.633202
2026-03-13 14:21:44,303 - stock_predictor - INFO - Epoch 15/100 - Train Loss: 1.028303 - Val Loss: 0.595756
2026-03-13 14:21:46,260 - stock_predictor - INFO - Epoch 16/100 - Train Loss: 1.021941 - Val Loss: 0.631485
2026-03-13 14:21:48,199 - stock_predictor - INFO - Epoch 17/100 - Train Loss: 1.021494 - Val Loss: 0.629473
2026-03-13 14:21:50,150 - stock_predictor - INFO - Epoch 18/100 - Train Loss: 1.028211 - Val Loss: 0.636128
2026-03-13 14:21:52,082 - stock_predictor - INFO - Epoch 19/100 - Train Loss: 1.018632 - Val Loss: 0.623878
2026-03-13 14:21:54,042 - stock_predictor - INFO - Epoch 20/100 - Train Loss: 1.009129 - Val Loss: 0.629070
2026-03-13 14:21:56,053 - stock_predictor - INFO - Epoch 21/100 - Train Loss: 1.004044 - Val Loss: 0.627154
2026-03-13 14:21:58,039 - stock_predictor - INFO - Epoch 22/100 - Train Loss: 1.023859 - Val Loss: 0.630058
2026-03-13 14:22:00,420 - stock_predictor - INFO - Epoch 23/100 - Train Loss: 1.010853 - Val Loss: 0.634035
2026-03-13 14:22:02,744 - stock_predictor - INFO - Epoch 24/100 - Train Loss: 0.995562 - Val Loss: 0.639608
2026-03-13 14:22:04,967 - stock_predictor - INFO - Epoch 25/100 - Train Loss: 0.996131 - Val Loss: 0.639554
2026-03-13 14:22:07,168 - stock_predictor - INFO - Epoch 26/100 - Train Loss: 0.995004 - Val Loss: 0.651171
2026-03-13 14:22:09,355 - stock_predictor - INFO - Epoch 27/100 - Train Loss: 0.994320 - Val Loss: 0.647816
2026-03-13 14:22:11,353 - stock_predictor - INFO - Epoch 28/100 - Train Loss: 1.005872 - Val Loss: 0.647353
2026-03-13 14:22:13,383 - stock_predictor - INFO - Epoch 29/100 - Train Loss: 0.991042 - Val Loss: 0.647581
2026-03-13 14:22:15,444 - stock_predictor - INFO - Epoch 30/100 - Train Loss: 0.993374 - Val Loss: 0.652769
2026-03-13 14:22:17,603 - stock_predictor - INFO - Epoch 31/100 - Train Loss: 0.989946 - Val Loss: 0.654385
2026-03-13 14:22:19,700 - stock_predictor - INFO - Epoch 32/100 - Train Loss: 0.988229 - Val Loss: 0.656644
2026-03-13 14:22:22,015 - stock_predictor - INFO - Epoch 33/100 - Train Loss: 0.993241 - Val Loss: 0.659072
2026-03-13 14:22:24,254 - stock_predictor - INFO - Epoch 34/100 - Train Loss: 0.989733 - Val Loss: 0.658044
2026-03-13 14:22:26,242 - stock_predictor - INFO - Epoch 35/100 - Train Loss: 0.993901 - Val Loss: 0.659472
2026-03-13 14:22:28,210 - stock_predictor - INFO - Epoch 36/100 - Train Loss: 0.993328 - Val Loss: 0.659381
2026-03-13 14:22:30,172 - stock_predictor - INFO - Epoch 37/100 - Train Loss: 0.987561 - Val Loss: 0.657181
2026-03-13 14:22:32,590 - stock_predictor - INFO - Epoch 38/100 - Train Loss: 0.987268 - Val Loss: 0.657465
2026-03-13 14:22:34,810 - stock_predictor - INFO - Epoch 39/100 - Train Loss: 0.988296 - Val Loss: 0.658337
2026-03-13 14:22:36,867 - stock_predictor - INFO - Epoch 40/100 - Train Loss: 0.988298 - Val Loss: 0.658545
2026-03-13 14:22:38,945 - stock_predictor - INFO - Epoch 41/100 - Train Loss: 0.999461 - Val Loss: 0.658863
2026-03-13 14:22:41,059 - stock_predictor - INFO - Epoch 42/100 - Train Loss: 0.996322 - Val Loss: 0.658464
2026-03-13 14:22:43,029 - stock_predictor - INFO - Epoch 43/100 - Train Loss: 0.986035 - Val Loss: 0.658546
2026-03-13 14:22:45,008 - stock_predictor - INFO - Epoch 44/100 - Train Loss: 0.991136 - Val Loss: 0.658614
2026-03-13 14:22:47,076 - stock_predictor - INFO - Epoch 45/100 - Train Loss: 0.990473 - Val Loss: 0.658169
2026-03-13 14:22:49,743 - stock_predictor - INFO - Epoch 46/100 - Train Loss: 0.994067 - Val Loss: 0.658148
2026-03-13 14:22:51,999 - stock_predictor - INFO - Epoch 47/100 - Train Loss: 0.988009 - Val Loss: 0.658061
2026-03-13 14:22:54,156 - stock_predictor - INFO - Epoch 48/100 - Train Loss: 0.988434 - Val Loss: 0.657974
2026-03-13 14:22:56,113 - stock_predictor - INFO - Epoch 49/100 - Train Loss: 0.985741 - Val Loss: 0.658122
2026-03-13 14:22:58,067 - stock_predictor - INFO - Epoch 50/100 - Train Loss: 0.987293 - Val Loss: 0.657932
2026-03-13 14:23:00,043 - stock_predictor - INFO - Epoch 51/100 - Train Loss: 0.991239 - Val Loss: 0.658123
2026-03-13 14:23:02,045 - stock_predictor - INFO - Epoch 52/100 - Train Loss: 0.990630 - Val Loss: 0.658129
2026-03-13 14:23:04,371 - stock_predictor - INFO - Epoch 53/100 - Train Loss: 0.986715 - Val Loss: 0.658125
2026-03-13 14:23:06,566 - stock_predictor - INFO - Epoch 54/100 - Train Loss: 0.985539 - Val Loss: 0.658207
2026-03-13 14:23:08,844 - stock_predictor - INFO - Epoch 55/100 - Train Loss: 0.987881 - Val Loss: 0.658366
2026-03-13 14:23:11,187 - stock_predictor - INFO - Epoch 56/100 - Train Loss: 0.987614 - Val Loss: 0.658343
2026-03-13 14:23:13,370 - stock_predictor - INFO - Epoch 57/100 - Train Loss: 0.986227 - Val Loss: 0.658368
2026-03-13 14:23:15,347 - stock_predictor - INFO - Epoch 58/100 - Train Loss: 0.987852 - Val Loss: 0.658349
2026-03-13 14:23:17,332 - stock_predictor - INFO - Epoch 59/100 - Train Loss: 0.991295 - Val Loss: 0.658388
2026-03-13 14:23:19,326 - stock_predictor - INFO - Epoch 60/100 - Train Loss: 0.985827 - Val Loss: 0.658462
2026-03-13 14:23:21,492 - stock_predictor - INFO - Epoch 61/100 - Train Loss: 1.001460 - Val Loss: 0.658452
2026-03-13 14:23:23,684 - stock_predictor - INFO - Epoch 62/100 - Train Loss: 0.985136 - Val Loss: 0.658459
2026-03-13 14:23:25,973 - stock_predictor - INFO - Epoch 63/100 - Train Loss: 0.987597 - Val Loss: 0.658519
2026-03-13 14:23:27,980 - stock_predictor - INFO - Epoch 64/100 - Train Loss: 0.992011 - Val Loss: 0.658517
2026-03-13 14:23:29,927 - stock_predictor - INFO - Epoch 65/100 - Train Loss: 0.990536 - Val Loss: 0.658520
2026-03-13 14:23:31,992 - stock_predictor - INFO - Epoch 66/100 - Train Loss: 0.989096 - Val Loss: 0.658527
2026-03-13 14:23:33,942 - stock_predictor - INFO - Epoch 67/100 - Train Loss: 0.989919 - Val Loss: 0.658525
2026-03-13 14:23:36,301 - stock_predictor - INFO - Epoch 68/100 - Train Loss: 0.990136 - Val Loss: 0.658519
2026-03-13 14:23:39,111 - stock_predictor - INFO - Epoch 69/100 - Train Loss: 0.989504 - Val Loss: 0.658519
2026-03-13 14:23:41,505 - stock_predictor - INFO - Epoch 70/100 - Train Loss: 0.985432 - Val Loss: 0.658524
2026-03-13 14:23:43,789 - stock_predictor - INFO - Epoch 71/100 - Train Loss: 0.987101 - Val Loss: 0.658528
2026-03-13 14:23:46,212 - stock_predictor - INFO - Epoch 72/100 - Train Loss: 0.987680 - Val Loss: 0.658525
2026-03-13 14:23:48,434 - stock_predictor - INFO - Epoch 73/100 - Train Loss: 0.987144 - Val Loss: 0.658531
2026-03-13 14:23:51,208 - stock_predictor - INFO - Epoch 74/100 - Train Loss: 0.988520 - Val Loss: 0.658535
2026-03-13 14:23:53,616 - stock_predictor - INFO - Epoch 75/100 - Train Loss: 0.989816 - Val Loss: 0.658533
2026-03-13 14:23:56,078 - stock_predictor - INFO - Epoch 76/100 - Train Loss: 0.987051 - Val Loss: 0.658537
2026-03-13 14:23:58,450 - stock_predictor - INFO - Epoch 77/100 - Train Loss: 0.986152 - Val Loss: 0.658541
2026-03-13 14:24:00,722 - stock_predictor - INFO - Epoch 78/100 - Train Loss: 0.989010 - Val Loss: 0.658545
2026-03-13 14:24:03,286 - stock_predictor - INFO - Epoch 79/100 - Train Loss: 0.985528 - Val Loss: 0.658545
2026-03-13 14:24:05,463 - stock_predictor - INFO - Epoch 80/100 - Train Loss: 0.988868 - Val Loss: 0.658544
2026-03-13 14:24:07,649 - stock_predictor - INFO - Epoch 81/100 - Train Loss: 0.992338 - Val Loss: 0.658551
2026-03-13 14:24:09,778 - stock_predictor - INFO - Epoch 82/100 - Train Loss: 0.988924 - Val Loss: 0.658551
2026-03-13 14:24:11,988 - stock_predictor - INFO - Epoch 83/100 - Train Loss: 0.988596 - Val Loss: 0.658553
2026-03-13 14:24:14,196 - stock_predictor - INFO - Epoch 84/100 - Train Loss: 0.990474 - Val Loss: 0.658553
2026-03-13 14:24:16,629 - stock_predictor - INFO - Epoch 85/100 - Train Loss: 1.012098 - Val Loss: 0.658556
2026-03-13 14:24:19,118 - stock_predictor - INFO - Epoch 86/100 - Train Loss: 0.991445 - Val Loss: 0.658562
2026-03-13 14:24:21,580 - stock_predictor - INFO - Epoch 87/100 - Train Loss: 0.988637 - Val Loss: 0.658567
2026-03-13 14:24:23,565 - stock_predictor - INFO - Epoch 88/100 - Train Loss: 0.994373 - Val Loss: 0.658566
2026-03-13 14:24:25,606 - stock_predictor - INFO - Epoch 89/100 - Train Loss: 0.985434 - Val Loss: 0.658570
2026-03-13 14:24:27,905 - stock_predictor - INFO - Epoch 90/100 - Train Loss: 0.989223 - Val Loss: 0.658572
2026-03-13 14:24:30,075 - stock_predictor - INFO - Epoch 91/100 - Train Loss: 0.992339 - Val Loss: 0.658576
2026-03-13 14:24:32,698 - stock_predictor - INFO - Epoch 92/100 - Train Loss: 0.987784 - Val Loss: 0.658572
2026-03-13 14:24:35,326 - stock_predictor - INFO - Epoch 93/100 - Train Loss: 0.989010 - Val Loss: 0.658577
2026-03-13 14:24:37,288 - stock_predictor - INFO - Epoch 94/100 - Train Loss: 0.988082 - Val Loss: 0.658578
2026-03-13 14:24:39,256 - stock_predictor - INFO - Epoch 95/100 - Train Loss: 0.990347 - Val Loss: 0.658581
2026-03-13 14:24:41,204 - stock_predictor - INFO - Epoch 96/100 - Train Loss: 0.985987 - Val Loss: 0.658582
2026-03-13 14:24:43,187 - stock_predictor - INFO - Epoch 97/100 - Train Loss: 0.991442 - Val Loss: 0.658581
2026-03-13 14:24:45,372 - stock_predictor - INFO - Epoch 98/100 - Train Loss: 0.985474 - Val Loss: 0.658584
2026-03-13 14:24:47,909 - stock_predictor - INFO - Epoch 99/100 - Train Loss: 0.987542 - Val Loss: 0.658587
2026-03-13 14:24:50,058 - stock_predictor - INFO - Epoch 100/100 - Train Loss: 0.990115 - Val Loss: 0.658581
2026-03-13 14:24:50,066 - stock_predictor - INFO - Final model checkpoint saved to D:\InvestIQ-main\backend\models\saved_models\transformer_INFY.pth
2026-03-13 14:24:50,068 - stock_predictor - INFO - Scaler saved to D:\InvestIQ-main\backend\models\saved_models\scaler_INFY.pkl
2026-03-13 14:24:50,068 - stock_predictor - INFO - Training completed for INFY.
2026-03-13 14:24:50,081 - stock_predictor - INFO - Starting advanced training pipeline for ICICIBANK...
2026-03-13 14:24:50,097 - stock_predictor - INFO - Detected metadata row, dropping row 0
2026-03-13 14:24:50,098 - stock_predictor - INFO - Loaded data from D:\InvestIQ-main\backend\data\stock_data\ICICIBANK.csv with shape (5900, 7)
2026-03-13 14:24:50,113 - stock_predictor - INFO - Data cleaned successfully
2026-03-13 14:24:50,115 - stock_predictor - INFO - Using 25-year window for ICICIBANK: 2001-03-13 to 2026-03-13
2026-03-13 14:24:50,116 - stock_predictor - INFO - Fetching market index data for ^NSEI...
2026-03-13 14:24:51,233 - stock_predictor - INFO - Technical indicators added successfully
2026-03-13 14:24:51,238 - stock_predictor - ERROR - Error adding market correlation: Data must be 1-dimensional, got ndarray of shape (4535, 1) instead
2026-03-13 14:24:51,239 - stock_predictor - INFO - Adding simulated external data for ICICIBANK...
2026-03-13 14:24:51,296 - stock_predictor - INFO - Scaled columns: ['Open', 'High', 'Low', 'Close', 'Volume', 'VWAP', 'SMA_20', 'SMA_50', 'RSI', 'BB_High', 'BB_Low', 'MACD', 'MACD_Signal', 'MACD_Hist', 'ATR', 'Log_Return', 'Volume_Change', 'Rolling_Volatility', 'Sentiment', 'Macro_Score']
2026-03-13 14:24:51,349 - stock_predictor - INFO - Training on cuda...
2026-03-13 14:24:53,313 - stock_predictor - INFO - Epoch 1/100 - Train Loss: 1.180109 - Val Loss: 0.295656
2026-03-13 14:24:55,370 - stock_predictor - INFO - Epoch 2/100 - Train Loss: 1.187935 - Val Loss: 0.295443
2026-03-13 14:24:57,485 - stock_predictor - INFO - Epoch 3/100 - Train Loss: 1.188221 - Val Loss: 0.295273
2026-03-13 14:24:59,691 - stock_predictor - INFO - Epoch 4/100 - Train Loss: 1.177241 - Val Loss: 0.294830
2026-03-13 14:25:02,422 - stock_predictor - INFO - Epoch 5/100 - Train Loss: 1.179937 - Val Loss: 0.297170
2026-03-13 14:25:04,306 - stock_predictor - INFO - Epoch 6/100 - Train Loss: 1.181747 - Val Loss: 0.294618
2026-03-13 14:25:06,273 - stock_predictor - INFO - Epoch 7/100 - Train Loss: 1.178572 - Val Loss: 0.294595
2026-03-13 14:25:08,256 - stock_predictor - INFO - Epoch 8/100 - Train Loss: 1.183926 - Val Loss: 0.294565
2026-03-13 14:25:10,293 - stock_predictor - INFO - Epoch 9/100 - Train Loss: 1.189632 - Val Loss: 0.294554
2026-03-13 14:25:12,260 - stock_predictor - INFO - Epoch 10/100 - Train Loss: 1.180410 - Val Loss: 0.294608
2026-03-13 14:25:14,175 - stock_predictor - INFO - Epoch 11/100 - Train Loss: 1.180689 - Val Loss: 0.294564
2026-03-13 14:25:16,069 - stock_predictor - INFO - Epoch 12/100 - Train Loss: 1.176601 - Val Loss: 0.294554
2026-03-13 14:25:18,104 - stock_predictor - INFO - Epoch 13/100 - Train Loss: 1.182418 - Val Loss: 0.294624
2026-03-13 14:25:20,040 - stock_predictor - INFO - Epoch 14/100 - Train Loss: 1.186502 - Val Loss: 0.294747
2026-03-13 14:25:21,920 - stock_predictor - INFO - Epoch 15/100 - Train Loss: 1.179099 - Val Loss: 0.296088
2026-03-13 14:25:24,036 - stock_predictor - INFO - Epoch 16/100 - Train Loss: 1.189199 - Val Loss: 0.299743
2026-03-13 14:25:26,153 - stock_predictor - INFO - Epoch 17/100 - Train Loss: 1.179908 - Val Loss: 0.301295
2026-03-13 14:25:28,124 - stock_predictor - INFO - Epoch 18/100 - Train Loss: 1.176673 - Val Loss: 0.296444
2026-03-13 14:25:30,025 - stock_predictor - INFO - Epoch 19/100 - Train Loss: 1.171613 - Val Loss: 0.297960
2026-03-13 14:25:32,324 - stock_predictor - INFO - Epoch 20/100 - Train Loss: 1.175183 - Val Loss: 0.309362
2026-03-13 14:25:34,506 - stock_predictor - INFO - Epoch 21/100 - Train Loss: 1.172515 - Val Loss: 0.300149
2026-03-13 14:25:36,524 - stock_predictor - INFO - Epoch 22/100 - Train Loss: 1.164402 - Val Loss: 0.298342
2026-03-13 14:25:38,749 - stock_predictor - INFO - Epoch 23/100 - Train Loss: 1.168854 - Val Loss: 0.298044
2026-03-13 14:25:41,026 - stock_predictor - INFO - Epoch 24/100 - Train Loss: 1.170265 - Val Loss: 0.315894
2026-03-13 14:25:43,103 - stock_predictor - INFO - Epoch 25/100 - Train Loss: 1.164019 - Val Loss: 0.299070
2026-03-13 14:25:45,268 - stock_predictor - INFO - Epoch 26/100 - Train Loss: 1.183687 - Val Loss: 0.297782
2026-03-13 14:25:47,179 - stock_predictor - INFO - Epoch 27/100 - Train Loss: 1.185493 - Val Loss: 0.299000
2026-03-13 14:25:49,099 - stock_predictor - INFO - Epoch 28/100 - Train Loss: 1.160573 - Val Loss: 0.299497
2026-03-13 14:25:51,050 - stock_predictor - INFO - Epoch 29/100 - Train Loss: 1.192284 - Val Loss: 0.297226
2026-03-13 14:25:53,049 - stock_predictor - INFO - Epoch 30/100 - Train Loss: 1.160482 - Val Loss: 0.296694
2026-03-13 14:25:55,412 - stock_predictor - INFO - Epoch 31/100 - Train Loss: 1.161627 - Val Loss: 0.296286
2026-03-13 14:25:57,639 - stock_predictor - INFO - Epoch 32/100 - Train Loss: 1.184500 - Val Loss: 0.296915
2026-03-13 14:25:59,702 - stock_predictor - INFO - Epoch 33/100 - Train Loss: 1.159564 - Val Loss: 0.296448
2026-03-13 14:26:01,781 - stock_predictor - INFO - Epoch 34/100 - Train Loss: 1.182574 - Val Loss: 0.297170
2026-03-13 14:26:03,719 - stock_predictor - INFO - Epoch 35/100 - Train Loss: 1.166590 - Val Loss: 0.298204
2026-03-13 14:26:05,588 - stock_predictor - INFO - Epoch 36/100 - Train Loss: 1.162586 - Val Loss: 0.297018
2026-03-13 14:26:07,597 - stock_predictor - INFO - Epoch 37/100 - Train Loss: 1.159480 - Val Loss: 0.296966
2026-03-13 14:26:09,608 - stock_predictor - INFO - Epoch 38/100 - Train Loss: 1.167736 - Val Loss: 0.296658
2026-03-13 14:26:11,858 - stock_predictor - INFO - Epoch 39/100 - Train Loss: 1.178253 - Val Loss: 0.296729
2026-03-13 14:26:13,935 - stock_predictor - INFO - Epoch 40/100 - Train Loss: 1.175935 - Val Loss: 0.296449
2026-03-13 14:26:15,848 - stock_predictor - INFO - Epoch 41/100 - Train Loss: 1.159438 - Val Loss: 0.296463
2026-03-13 14:26:17,864 - stock_predictor - INFO - Epoch 42/100 - Train Loss: 1.171963 - Val Loss: 0.296420
2026-03-13 14:26:19,785 - stock_predictor - INFO - Epoch 43/100 - Train Loss: 1.159003 - Val Loss: 0.296541
2026-03-13 14:26:21,702 - stock_predictor - INFO - Epoch 44/100 - Train Loss: 1.157466 - Val Loss: 0.296373
2026-03-13 14:26:23,723 - stock_predictor - INFO - Epoch 45/100 - Train Loss: 1.161879 - Val Loss: 0.296350
2026-03-13 14:26:25,622 - stock_predictor - INFO - Epoch 46/100 - Train Loss: 1.160328 - Val Loss: 0.296310
2026-03-13 14:26:27,651 - stock_predictor - INFO - Epoch 47/100 - Train Loss: 1.156337 - Val Loss: 0.296357
2026-03-13 14:26:29,646 - stock_predictor - INFO - Epoch 48/100 - Train Loss: 1.175112 - Val Loss: 0.296473
2026-03-13 14:26:31,807 - stock_predictor - INFO - Epoch 49/100 - Train Loss: 1.161365 - Val Loss: 0.296481
2026-03-13 14:26:33,667 - stock_predictor - INFO - Epoch 50/100 - Train Loss: 1.157159 - Val Loss: 0.296443
2026-03-13 14:26:35,723 - stock_predictor - INFO - Epoch 51/100 - Train Loss: 1.155192 - Val Loss: 0.296409
2026-03-13 14:26:37,701 - stock_predictor - INFO - Epoch 52/100 - Train Loss: 1.158079 - Val Loss: 0.296392
2026-03-13 14:26:39,957 - stock_predictor - INFO - Epoch 53/100 - Train Loss: 1.161294 - Val Loss: 0.296369
2026-03-13 14:26:43,208 - stock_predictor - INFO - Epoch 54/100 - Train Loss: 1.154544 - Val Loss: 0.296362
2026-03-13 14:26:46,210 - stock_predictor - INFO - Epoch 55/100 - Train Loss: 1.173106 - Val Loss: 0.296373
2026-03-13 14:26:49,507 - stock_predictor - INFO - Epoch 56/100 - Train Loss: 1.166140 - Val Loss: 0.296392
2026-03-13 14:26:52,683 - stock_predictor - INFO - Epoch 57/100 - Train Loss: 1.156984 - Val Loss: 0.296390
2026-03-13 14:26:56,099 - stock_predictor - INFO - Epoch 58/100 - Train Loss: 1.154820 - Val Loss: 0.296392
2026-03-13 14:26:59,383 - stock_predictor - INFO - Epoch 59/100 - Train Loss: 1.161788 - Val Loss: 0.296394
2026-03-13 14:27:02,463 - stock_predictor - INFO - Epoch 60/100 - Train Loss: 1.155789 - Val Loss: 0.296394
2026-03-13 14:27:05,813 - stock_predictor - INFO - Epoch 61/100 - Train Loss: 1.156526 - Val Loss: 0.296398
2026-03-13 14:27:08,839 - stock_predictor - INFO - Epoch 62/100 - Train Loss: 1.158094 - Val Loss: 0.296401
2026-03-13 14:27:11,895 - stock_predictor - INFO - Epoch 63/100 - Train Loss: 1.159882 - Val Loss: 0.296395
2026-03-13 14:27:15,259 - stock_predictor - INFO - Epoch 64/100 - Train Loss: 1.160865 - Val Loss: 0.296393
2026-03-13 14:27:18,179 - stock_predictor - INFO - Epoch 65/100 - Train Loss: 1.153857 - Val Loss: 0.296394
2026-03-13 14:27:21,544 - stock_predictor - INFO - Epoch 66/100 - Train Loss: 1.154712 - Val Loss: 0.296394
2026-03-13 14:27:24,465 - stock_predictor - INFO - Epoch 67/100 - Train Loss: 1.154718 - Val Loss: 0.296393
2026-03-13 14:27:27,617 - stock_predictor - INFO - Epoch 68/100 - Train Loss: 1.162472 - Val Loss: 0.296395
2026-03-13 14:27:30,386 - stock_predictor - INFO - Epoch 69/100 - Train Loss: 1.160849 - Val Loss: 0.296395
2026-03-13 14:27:33,522 - stock_predictor - INFO - Epoch 70/100 - Train Loss: 1.156588 - Val Loss: 0.296395
2026-03-13 14:27:36,729 - stock_predictor - INFO - Epoch 71/100 - Train Loss: 1.156609 - Val Loss: 0.296395
2026-03-13 14:27:39,840 - stock_predictor - INFO - Epoch 72/100 - Train Loss: 1.158017 - Val Loss: 0.296395
2026-03-13 14:27:42,881 - stock_predictor - INFO - Epoch 73/100 - Train Loss: 1.160991 - Val Loss: 0.296395
2026-03-13 14:27:45,960 - stock_predictor - INFO - Epoch 74/100 - Train Loss: 1.157225 - Val Loss: 0.296395
2026-03-13 14:27:49,066 - stock_predictor - INFO - Epoch 75/100 - Train Loss: 1.158347 - Val Loss: 0.296395
2026-03-13 14:27:52,194 - stock_predictor - INFO - Epoch 76/100 - Train Loss: 1.156621 - Val Loss: 0.296395
2026-03-13 14:27:55,250 - stock_predictor - INFO - Epoch 77/100 - Train Loss: 1.163672 - Val Loss: 0.296395
2026-03-13 14:27:58,157 - stock_predictor - INFO - Epoch 78/100 - Train Loss: 1.155091 - Val Loss: 0.296395
2026-03-13 14:28:01,130 - stock_predictor - INFO - Epoch 79/100 - Train Loss: 1.156738 - Val Loss: 0.296395
2026-03-13 14:28:04,225 - stock_predictor - INFO - Epoch 80/100 - Train Loss: 1.157577 - Val Loss: 0.296395
2026-03-13 14:28:06,954 - stock_predictor - INFO - Epoch 81/100 - Train Loss: 1.156971 - Val Loss: 0.296395
2026-03-13 14:28:09,114 - stock_predictor - INFO - Epoch 82/100 - Train Loss: 1.159048 - Val Loss: 0.296395
2026-03-13 14:28:11,249 - stock_predictor - INFO - Epoch 83/100 - Train Loss: 1.155531 - Val Loss: 0.296395
2026-03-13 14:28:13,820 - stock_predictor - INFO - Epoch 84/100 - Train Loss: 1.156478 - Val Loss: 0.296395
2026-03-13 14:28:15,859 - stock_predictor - INFO - Epoch 85/100 - Train Loss: 1.162207 - Val Loss: 0.296395
2026-03-13 14:28:17,948 - stock_predictor - INFO - Epoch 86/100 - Train Loss: 1.156228 - Val Loss: 0.296395
2026-03-13 14:28:20,069 - stock_predictor - INFO - Epoch 87/100 - Train Loss: 1.165457 - Val Loss: 0.296395
2026-03-13 14:28:22,410 - stock_predictor - INFO - Epoch 88/100 - Train Loss: 1.157329 - Val Loss: 0.296395
2026-03-13 14:28:24,648 - stock_predictor - INFO - Epoch 89/100 - Train Loss: 1.157352 - Val Loss: 0.296395
2026-03-13 14:28:26,925 - stock_predictor - INFO - Epoch 90/100 - Train Loss: 1.158800 - Val Loss: 0.296395
2026-03-13 14:28:28,996 - stock_predictor - INFO - Epoch 91/100 - Train Loss: 1.156764 - Val Loss: 0.296395
2026-03-13 14:28:31,242 - stock_predictor - INFO - Epoch 92/100 - Train Loss: 1.163992 - Val Loss: 0.296394
2026-03-13 14:28:33,529 - stock_predictor - INFO - Epoch 93/100 - Train Loss: 1.162208 - Val Loss: 0.296394
2026-03-13 14:28:35,490 - stock_predictor - INFO - Epoch 94/100 - Train Loss: 1.162240 - Val Loss: 0.296393
2026-03-13 14:28:37,827 - stock_predictor - INFO - Epoch 95/100 - Train Loss: 1.163543 - Val Loss: 0.296393
2026-03-13 14:28:41,059 - stock_predictor - INFO - Epoch 96/100 - Train Loss: 1.156456 - Val Loss: 0.296393
2026-03-13 14:28:43,863 - stock_predictor - INFO - Epoch 97/100 - Train Loss: 1.156360 - Val Loss: 0.296393
2026-03-13 14:28:45,943 - stock_predictor - INFO - Epoch 98/100 - Train Loss: 1.184172 - Val Loss: 0.296392
2026-03-13 14:28:47,867 - stock_predictor - INFO - Epoch 99/100 - Train Loss: 1.158999 - Val Loss: 0.296392
2026-03-13 14:28:49,926 - stock_predictor - INFO - Epoch 100/100 - Train Loss: 1.155913 - Val Loss: 0.296392
2026-03-13 14:28:49,936 - stock_predictor - INFO - Final model checkpoint saved to D:\InvestIQ-main\backend\models\saved_models\transformer_ICICIBANK.pth
2026-03-13 14:28:49,937 - stock_predictor - INFO - Scaler saved to D:\InvestIQ-main\backend\models\saved_models\scaler_ICICIBANK.pkl
2026-03-13 14:28:49,938 - stock_predictor - INFO - Training completed for ICICIBANK.
2026-03-13 15:47:27,310 - stock_predictor - INFO - Initializing FinBERT on device: GPU
2026-03-15 08:28:04,691 - stock_predictor - INFO - Initializing FinBERT on device: GPU
2026-03-15 08:32:25,440 - stock_predictor - INFO - Loading resources for RELIANCE...
2026-03-15 08:32:25,445 - stock_predictor - INFO - Scaler loaded from D:\InvestIQ-main\backend\models\saved_models\scaler_RELIANCE.pkl
2026-03-15 08:32:25,646 - stock_predictor - INFO - Detected metadata row, dropping row 0
2026-03-15 08:32:25,647 - stock_predictor - INFO - Loaded data from D:\InvestIQ-main\backend\data\stock_data\RELIANCE.csv with shape (6334, 7)
2026-03-15 08:32:25,647 - stock_predictor - INFO - Fetching live price data for RELIANCE.BO...
2026-03-15 08:32:33,257 - stock_predictor - INFO - Successfully fetched live data for RELIANCE.BO date: 2026-03-13 00:00:00
2026-03-15 08:32:33,295 - stock_predictor - INFO - Data cleaned successfully
2026-03-15 08:32:33,296 - stock_predictor - INFO - Fetching market index data for ^NSEI...
2026-03-15 08:32:34,902 - stock_predictor - WARNING - No data found for market index ^NSEI
2026-03-15 08:32:34,970 - stock_predictor - INFO - Technical indicators added successfully
2026-03-15 08:32:34,971 - stock_predictor - WARNING - Market data provided is empty. Skipping correlation.
2026-03-15 08:32:34,972 - stock_predictor - INFO - Adding simulated external data for RELIANCE...
2026-03-15 08:32:35,079 - stock_predictor - INFO - Cache miss – ran prediction for RELIANCE
2026-03-15 08:32:35,081 - stock_predictor - INFO - Loading resources for TCS...
2026-03-15 08:32:35,083 - stock_predictor - INFO - Scaler loaded from D:\InvestIQ-main\backend\models\saved_models\scaler_TCS.pkl
2026-03-15 08:32:35,133 - stock_predictor - INFO - Detected metadata row, dropping row 0
2026-03-15 08:32:35,134 - stock_predictor - INFO - Loaded data from D:\InvestIQ-main\backend\data\stock_data\TCS.csv with shape (5296, 7)
2026-03-15 08:32:35,134 - stock_predictor - INFO - Fetching live price data for TCS.BO...
2026-03-15 08:32:37,168 - stock_predictor - INFO - Successfully fetched live data for TCS.BO date: 2026-03-13 00:00:00
2026-03-15 08:32:37,200 - stock_predictor - INFO - Data cleaned successfully
2026-03-15 08:32:37,201 - stock_predictor - INFO - Fetching market index data for ^NSEI...
2026-03-15 08:32:40,043 - stock_predictor - WARNING - No data found for market index ^NSEI
2026-03-15 08:32:40,099 - stock_predictor - INFO - Technical indicators added successfully
2026-03-15 08:32:40,100 - stock_predictor - WARNING - Market data provided is empty. Skipping correlation.
2026-03-15 08:32:40,101 - stock_predictor - INFO - Adding simulated external data for TCS...
2026-03-15 08:32:40,157 - stock_predictor - INFO - Cache miss – ran prediction for TCS
2026-03-15 08:32:40,158 - stock_predictor - INFO - Loading resources for INFY...
2026-03-15 08:32:40,161 - stock_predictor - INFO - Scaler loaded from D:\InvestIQ-main\backend\models\saved_models\scaler_INFY.pkl
2026-03-15 08:32:40,212 - stock_predictor - INFO - Detected metadata row, dropping row 0
2026-03-15 08:32:40,212 - stock_predictor - INFO - Loaded data from D:\InvestIQ-main\backend\data\stock_data\INFY.csv with shape (6490, 7)
2026-03-15 08:32:40,213 - stock_predictor - INFO - Fetching live price data for INFY.BO...
2026-03-15 08:32:40,563 - stock_predictor - INFO - Successfully fetched live data for INFY.BO date: 2026-03-13 00:00:00
2026-03-15 08:32:40,803 - stock_predictor - INFO - Data cleaned successfully
2026-03-15 08:32:40,804 - stock_predictor - INFO - Fetching market index data for ^NSEI...
2026-03-15 08:32:42,362 - stock_predictor - WARNING - No data found for market index ^NSEI
2026-03-15 08:32:42,455 - stock_predictor - INFO - Technical indicators added successfully
2026-03-15 08:32:42,456 - stock_predictor - WARNING - Market data provided is empty. Skipping correlation.
2026-03-15 08:32:42,457 - stock_predictor - INFO - Adding simulated external data for INFY...
2026-03-15 08:32:42,516 - stock_predictor - INFO - Cache miss – ran prediction for INFY
2026-03-15 08:32:42,517 - stock_predictor - INFO - Loading resources for HDFCBANK...
2026-03-15 08:32:42,519 - stock_predictor - INFO - Scaler loaded from D:\InvestIQ-main\backend\models\saved_models\scaler_HDFCBANK.pkl
2026-03-15 08:32:42,576 - stock_predictor - INFO - Detected metadata row, dropping row 0
2026-03-15 08:32:42,577 - stock_predictor - INFO - Loaded data from D:\InvestIQ-main\backend\data\stock_data\HDFCBANK.csv with shape (6531, 7)
2026-03-15 08:32:42,577 - stock_predictor - INFO - Fetching live price data for HDFCBANK.BO...
2026-03-15 08:32:44,386 - stock_predictor - INFO - Successfully fetched live data for HDFCBANK.BO date: 2026-03-13 00:00:00
2026-03-15 08:32:44,424 - stock_predictor - INFO - Data cleaned successfully
2026-03-15 08:32:44,426 - stock_predictor - INFO - Fetching market index data for ^NSEI...
2026-03-15 08:32:49,221 - stock_predictor - WARNING - No data found for market index ^NSEI
2026-03-15 08:32:49,311 - stock_predictor - INFO - Technical indicators added successfully
2026-03-15 08:32:49,313 - stock_predictor - WARNING - Market data provided is empty. Skipping correlation.
2026-03-15 08:32:49,314 - stock_predictor - INFO - Adding simulated external data for HDFCBANK...
2026-03-15 08:32:49,396 - stock_predictor - INFO - Cache miss – ran prediction for HDFCBANK
2026-03-15 08:32:49,397 - stock_predictor - INFO - Loading resources for ICICIBANK...
2026-03-15 08:32:49,398 - stock_predictor - INFO - Scaler loaded from D:\InvestIQ-main\backend\models\saved_models\scaler_ICICIBANK.pkl
2026-03-15 08:32:49,445 - stock_predictor - INFO - Detected metadata row, dropping row 0
2026-03-15 08:32:49,446 - stock_predictor - INFO - Loaded data from D:\InvestIQ-main\backend\data\stock_data\ICICIBANK.csv with shape (5900, 7)
2026-03-15 08:32:49,446 - stock_predictor - INFO - Fetching live price data for ICICIBANK.BO...
2026-03-15 08:32:50,173 - stock_predictor - INFO - Successfully fetched live data for ICICIBANK.BO date: 2026-03-13 00:00:00
2026-03-15 08:32:50,197 - stock_predictor - INFO - Data cleaned successfully
2026-03-15 08:32:50,199 - stock_predictor - INFO - Fetching market index data for ^NSEI...
2026-03-15 08:32:52,032 - stock_predictor - WARNING - No data found for market index ^NSEI
2026-03-15 08:32:52,129 - stock_predictor - INFO - Technical indicators added successfully
2026-03-15 08:32:52,130 - stock_predictor - WARNING - Market data provided is empty. Skipping correlation.
2026-03-15 08:32:52,132 - stock_predictor - INFO - Adding simulated external data for ICICIBANK...
2026-03-15 08:32:52,208 - stock_predictor - INFO - Cache miss – ran prediction for ICICIBANK
2026-03-15 08:33:16,399 - stock_predictor - INFO - Fetching data for RELIANCE.NS (Period: 1y, Interval: 1d)
2026-03-15 08:33:16,817 - stock_predictor - INFO - Fetching data for TCS.NS (Period: 1y, Interval: 1d)
2026-03-15 08:33:17,025 - stock_predictor - INFO - Fetching data for INFY.NS (Period: 1y, Interval: 1d)
2026-03-15 08:33:17,250 - stock_predictor - INFO - Fetching data for HDFCBANK.NS (Period: 1y, Interval: 1d)
2026-03-15 08:33:17,477 - stock_predictor - INFO - Fetching data for ICICIBANK.NS (Period: 1y, Interval: 1d)
2026-03-15 08:33:17,915 - stock_predictor - INFO - Final Portfolio Allocation: {'RELIANCE': 0.1944, 'TCS': 0.1833, 'INFY': 0.1528, 'HDFCBANK': 0.2489, 'ICICIBANK': 0.2206}
2026-03-15 08:33:37,856 - stock_predictor - INFO - Loading resources for RELIANCE...
2026-03-15 08:33:37,858 - stock_predictor - INFO - Scaler loaded from D:\InvestIQ-main\backend\models\saved_models\scaler_RELIANCE.pkl
2026-03-15 08:33:37,904 - stock_predictor - INFO - Detected metadata row, dropping row 0
2026-03-15 08:33:37,905 - stock_predictor - INFO - Loaded data from D:\InvestIQ-main\backend\data\stock_data\RELIANCE.csv with shape (6334, 7)
2026-03-15 08:33:37,906 - stock_predictor - INFO - Fetching live price data for RELIANCE.BO...
2026-03-15 08:33:38,283 - stock_predictor - INFO - Successfully fetched live data for RELIANCE.BO date: 2026-03-13 00:00:00
2026-03-15 08:33:38,328 - stock_predictor - INFO - Data cleaned successfully
2026-03-15 08:33:38,330 - stock_predictor - INFO - Fetching market index data for ^NSEI...
2026-03-15 08:33:38,354 - stock_predictor - WARNING - No data found for market index ^NSEI
2026-03-15 08:33:38,425 - stock_predictor - INFO - Technical indicators added successfully
2026-03-15 08:33:38,425 - stock_predictor - WARNING - Market data provided is empty. Skipping correlation.
2026-03-15 08:33:38,426 - stock_predictor - INFO - Adding simulated external data for RELIANCE...
2026-03-15 18:58:26,997 - stock_predictor - INFO - Initializing FinBERT on device: GPU
2026-03-15 18:59:57,195 - stock_predictor - INFO - Loading resources for RELIANCE...
2026-03-15 18:59:57,197 - stock_predictor - INFO - Scaler loaded from D:\InvestIQ-main\backend\models\saved_models\scaler_RELIANCE.pkl
2026-03-15 18:59:57,284 - stock_predictor - INFO - Detected metadata row, dropping row 0
2026-03-15 18:59:57,285 - stock_predictor - INFO - Loaded data from D:\InvestIQ-main\backend\data\stock_data\RELIANCE.csv with shape (6334, 7)
2026-03-15 18:59:57,286 - stock_predictor - INFO - Fetching live price data for RELIANCE.BO...
2026-03-15 18:59:58,632 - stock_predictor - INFO - Successfully fetched live data for RELIANCE.BO date: 2026-03-13 00:00:00
2026-03-15 18:59:58,654 - stock_predictor - INFO - Data cleaned successfully
2026-03-15 18:59:58,656 - stock_predictor - INFO - Fetching market index data for ^NSEI...
2026-03-15 18:59:59,653 - stock_predictor - WARNING - No data found for market index ^NSEI
2026-03-15 18:59:59,692 - stock_predictor - INFO - Technical indicators added successfully
2026-03-15 18:59:59,692 - stock_predictor - WARNING - Market data provided is empty. Skipping correlation.
2026-03-15 18:59:59,693 - stock_predictor - INFO - Adding simulated external data for RELIANCE...
2026-03-15 18:59:59,780 - stock_predictor - INFO - Cache miss – ran prediction for RELIANCE
2026-03-15 18:59:59,781 - stock_predictor - INFO - Loading resources for TCS...
2026-03-15 18:59:59,783 - stock_predictor - INFO - Scaler loaded from D:\InvestIQ-main\backend\models\saved_models\scaler_TCS.pkl
2026-03-15 18:59:59,818 - stock_predictor - INFO - Detected metadata row, dropping row 0
2026-03-15 18:59:59,819 - stock_predictor - INFO - Loaded data from D:\InvestIQ-main\backend\data\stock_data\TCS.csv with shape (5296, 7)
2026-03-15 18:59:59,820 - stock_predictor - INFO - Fetching live price data for TCS.BO...
2026-03-15 19:00:00,257 - stock_predictor - INFO - Successfully fetched live data for TCS.BO date: 2026-03-13 00:00:00
2026-03-15 19:00:00,282 - stock_predictor - INFO - Data cleaned successfully
2026-03-15 19:00:00,283 - stock_predictor - INFO - Fetching market index data for ^NSEI...
2026-03-15 19:00:01,592 - stock_predictor - WARNING - No data found for market index ^NSEI
2026-03-15 19:00:01,619 - stock_predictor - INFO - Technical indicators added successfully
2026-03-15 19:00:01,620 - stock_predictor - WARNING - Market data provided is empty. Skipping correlation.
2026-03-15 19:00:01,621 - stock_predictor - INFO - Adding simulated external data for TCS...
2026-03-15 19:00:01,665 - stock_predictor - INFO - Cache miss – ran prediction for TCS
2026-03-15 19:00:01,666 - stock_predictor - INFO - Loading resources for INFY...
2026-03-15 19:00:01,667 - stock_predictor - INFO - Scaler loaded from D:\InvestIQ-main\backend\models\saved_models\scaler_INFY.pkl
2026-03-15 19:00:01,706 - stock_predictor - INFO - Detected metadata row, dropping row 0
2026-03-15 19:00:01,707 - stock_predictor - INFO - Loaded data from D:\InvestIQ-main\backend\data\stock_data\INFY.csv with shape (6490, 7)
2026-03-15 19:00:01,707 - stock_predictor - INFO - Fetching live price data for INFY.BO...
2026-03-15 19:00:02,098 - stock_predictor - INFO - Successfully fetched live data for INFY.BO date: 2026-03-13 00:00:00
2026-03-15 19:00:02,296 - stock_predictor - INFO - Data cleaned successfully
2026-03-15 19:00:02,297 - stock_predictor - INFO - Fetching market index data for ^NSEI...
2026-03-15 19:00:03,337 - stock_predictor - WARNING - No data found for market index ^NSEI
2026-03-15 19:00:03,369 - stock_predictor - INFO - Technical indicators added successfully
2026-03-15 19:00:03,370 - stock_predictor - WARNING - Market data provided is empty. Skipping correlation.
2026-03-15 19:00:03,371 - stock_predictor - INFO - Adding simulated external data for INFY...
2026-03-15 19:00:03,414 - stock_predictor - INFO - Cache miss – ran prediction for INFY
2026-03-15 19:00:03,415 - stock_predictor - INFO - Loading resources for HDFCBANK...
2026-03-15 19:00:03,417 - stock_predictor - INFO - Scaler loaded from D:\InvestIQ-main\backend\models\saved_models\scaler_HDFCBANK.pkl
2026-03-15 19:00:03,457 - stock_predictor - INFO - Detected metadata row, dropping row 0
2026-03-15 19:00:03,458 - stock_predictor - INFO - Loaded data from D:\InvestIQ-main\backend\data\stock_data\HDFCBANK.csv with shape (6531, 7)
2026-03-15 19:00:03,458 - stock_predictor - INFO - Fetching live price data for HDFCBANK.BO...
2026-03-15 19:00:04,145 - stock_predictor - INFO - Successfully fetched live data for HDFCBANK.BO date: 2026-03-13 00:00:00
2026-03-15 19:00:04,163 - stock_predictor - INFO - Data cleaned successfully
2026-03-15 19:00:04,164 - stock_predictor - INFO - Fetching market index data for ^NSEI...
2026-03-15 19:00:05,276 - stock_predictor - WARNING - No data found for market index ^NSEI
2026-03-15 19:00:05,321 - stock_predictor - INFO - Technical indicators added successfully
2026-03-15 19:00:05,322 - stock_predictor - WARNING - Market data provided is empty. Skipping correlation.
2026-03-15 19:00:05,323 - stock_predictor - INFO - Adding simulated external data for HDFCBANK...
2026-03-15 19:00:05,376 - stock_predictor - INFO - Cache miss – ran prediction for HDFCBANK
2026-03-15 19:00:05,378 - stock_predictor - INFO - Loading resources for ICICIBANK...
2026-03-15 19:00:05,380 - stock_predictor - INFO - Scaler loaded from D:\InvestIQ-main\backend\models\saved_models\scaler_ICICIBANK.pkl
2026-03-15 19:00:05,427 - stock_predictor - INFO - Detected metadata row, dropping row 0
2026-03-15 19:00:05,427 - stock_predictor - INFO - Loaded data from D:\InvestIQ-main\backend\data\stock_data\ICICIBANK.csv with shape (5900, 7)
2026-03-15 19:00:05,427 - stock_predictor - INFO - Fetching live price data for ICICIBANK.BO...
2026-03-15 19:00:05,816 - stock_predictor - INFO - Successfully fetched live data for ICICIBANK.BO date: 2026-03-13 00:00:00
2026-03-15 19:00:05,836 - stock_predictor - INFO - Data cleaned successfully
2026-03-15 19:00:05,836 - stock_predictor - INFO - Fetching market index data for ^NSEI...
2026-03-15 19:00:07,217 - stock_predictor - WARNING - No data found for market index ^NSEI
2026-03-15 19:00:07,250 - stock_predictor - INFO - Technical indicators added successfully
2026-03-15 19:00:07,251 - stock_predictor - WARNING - Market data provided is empty. Skipping correlation.
2026-03-15 19:00:07,252 - stock_predictor - INFO - Adding simulated external data for ICICIBANK...
2026-03-15 19:00:07,292 - stock_predictor - INFO - Cache miss – ran prediction for ICICIBANK
2026-03-15 19:00:17,501 - stock_predictor - INFO - Loading resources for RELIANCE...
2026-03-15 19:00:17,502 - stock_predictor - INFO - Scaler loaded from D:\InvestIQ-main\backend\models\saved_models\scaler_RELIANCE.pkl
2026-03-15 19:00:17,539 - stock_predictor - INFO - Detected metadata row, dropping row 0
2026-03-15 19:00:17,540 - stock_predictor - INFO - Loaded data from D:\InvestIQ-main\backend\data\stock_data\RELIANCE.csv with shape (6334, 7)
2026-03-15 19:00:17,541 - stock_predictor - INFO - Fetching live price data for RELIANCE.BO...
2026-03-15 19:00:17,971 - stock_predictor - INFO - Successfully fetched live data for RELIANCE.BO date: 2026-03-13 00:00:00
2026-03-15 19:00:17,992 - stock_predictor - INFO - Data cleaned successfully
2026-03-15 19:00:17,993 - stock_predictor - INFO - Fetching market index data for ^NSEI...
2026-03-15 19:00:18,010 - stock_predictor - WARNING - No data found for market index ^NSEI
2026-03-15 19:00:18,042 - stock_predictor - INFO - Technical indicators added successfully
2026-03-15 19:00:18,043 - stock_predictor - WARNING - Market data provided is empty. Skipping correlation.
2026-03-15 19:00:18,043 - stock_predictor - INFO - Adding simulated external data for RELIANCE...
2026-03-15 19:00:25,570 - stock_predictor - INFO - Loading resources for ICICIBANK...
2026-03-15 19:00:25,571 - stock_predictor - INFO - Scaler loaded from D:\InvestIQ-main\backend\models\saved_models\scaler_ICICIBANK.pkl
2026-03-15 19:00:25,605 - stock_predictor - INFO - Detected metadata row, dropping row 0
2026-03-15 19:00:25,606 - stock_predictor - INFO - Loaded data from D:\InvestIQ-main\backend\data\stock_data\ICICIBANK.csv with shape (5900, 7)
2026-03-15 19:00:25,606 - stock_predictor - INFO - Fetching live price data for ICICIBANK.BO...
2026-03-15 19:00:26,367 - stock_predictor - INFO - Successfully fetched live data for ICICIBANK.BO date: 2026-03-13 00:00:00
2026-03-15 19:00:26,385 - stock_predictor - INFO - Data cleaned successfully
2026-03-15 19:00:26,386 - stock_predictor - INFO - Fetching market index data for ^NSEI...
2026-03-15 19:00:26,403 - stock_predictor - WARNING - No data found for market index ^NSEI
2026-03-15 19:00:26,433 - stock_predictor - INFO - Technical indicators added successfully
2026-03-15 19:00:26,435 - stock_predictor - WARNING - Market data provided is empty. Skipping correlation.
2026-03-15 19:00:26,435 - stock_predictor - INFO - Adding simulated external data for ICICIBANK...
2026-03-15 19:00:36,498 - stock_predictor - INFO - Loading resources for HDFCBANK...
2026-03-15 19:00:36,499 - stock_predictor - INFO - Scaler loaded from D:\InvestIQ-main\backend\models\saved_models\scaler_HDFCBANK.pkl
2026-03-15 19:00:36,535 - stock_predictor - INFO - Detected metadata row, dropping row 0
2026-03-15 19:00:36,536 - stock_predictor - INFO - Loaded data from D:\InvestIQ-main\backend\data\stock_data\HDFCBANK.csv with shape (6531, 7)
2026-03-15 19:00:36,537 - stock_predictor - INFO - Fetching live price data for HDFCBANK.BO...
2026-03-15 19:00:36,936 - stock_predictor - INFO - Successfully fetched live data for HDFCBANK.BO date: 2026-03-13 00:00:00
2026-03-15 19:00:36,962 - stock_predictor - INFO - Data cleaned successfully
2026-03-15 19:00:36,963 - stock_predictor - INFO - Fetching market index data for ^NSEI...
2026-03-15 19:00:36,981 - stock_predictor - WARNING - No data found for market index ^NSEI
2026-03-15 19:00:37,010 - stock_predictor - INFO - Technical indicators added successfully
2026-03-15 19:00:37,011 - stock_predictor - WARNING - Market data provided is empty. Skipping correlation.
2026-03-15 19:00:37,012 - stock_predictor - INFO - Adding simulated external data for HDFCBANK...
2026-03-15 19:00:51,259 - stock_predictor - INFO - Fetching data for RELIANCE.NS (Period: 1y, Interval: 1d)
2026-03-15 19:00:51,670 - stock_predictor - INFO - Fetching data for TCS.NS (Period: 1y, Interval: 1d)
2026-03-15 19:00:51,915 - stock_predictor - INFO - Fetching data for INFY.NS (Period: 1y, Interval: 1d)
2026-03-15 19:00:52,278 - stock_predictor - INFO - Fetching data for HDFCBANK.NS (Period: 1y, Interval: 1d)
2026-03-15 19:00:52,613 - stock_predictor - INFO - Fetching data for ICICIBANK.NS (Period: 1y, Interval: 1d)
2026-03-15 19:00:53,008 - stock_predictor - INFO - Final Portfolio Allocation: {'RELIANCE': 0.1944, 'TCS': 0.1833, 'INFY': 0.1528, 'HDFCBANK': 0.2489, 'ICICIBANK': 0.2206}
2026-03-15 19:04:42,883 - stock_predictor - INFO - Cache hit for RELIANCE
2026-03-15 19:04:42,884 - stock_predictor - INFO - Cache hit for TCS
2026-03-15 19:04:42,885 - stock_predictor - INFO - Cache hit for INFY
2026-03-15 19:04:42,885 - stock_predictor - INFO - Cache hit for HDFCBANK
2026-03-15 19:04:42,886 - stock_predictor - INFO - Cache hit for ICICIBANK
2026-03-15 19:04:55,699 - stock_predictor - INFO - Fetching data for RELIANCE.NS (Period: 1y, Interval: 1d)
2026-03-15 19:04:56,003 - stock_predictor - INFO - Fetching data for TCS.NS (Period: 1y, Interval: 1d)
2026-03-15 19:04:56,205 - stock_predictor - INFO - Fetching data for INFY.NS (Period: 1y, Interval: 1d)
2026-03-15 19:04:56,418 - stock_predictor - INFO - Fetching data for HDFCBANK.NS (Period: 1y, Interval: 1d)
2026-03-15 19:04:56,609 - stock_predictor - INFO - Fetching data for ICICIBANK.NS (Period: 1y, Interval: 1d)
2026-03-15 19:04:56,790 - stock_predictor - INFO - Final Portfolio Allocation: {'RELIANCE': 0.1944, 'TCS': 0.1833, 'INFY': 0.1528, 'HDFCBANK': 0.2489, 'ICICIBANK': 0.2206}
2026-03-15 19:10:10,180 - stock_predictor - INFO - Fetching data for RELIANCE.NS (Period: 1y, Interval: 1d)
2026-03-15 19:10:10,463 - stock_predictor - INFO - Fetching data for TCS.NS (Period: 1y, Interval: 1d)
2026-03-15 19:10:10,774 - stock_predictor - INFO - Fetching data for INFY.NS (Period: 1y, Interval: 1d)
2026-03-15 19:10:10,996 - stock_predictor - INFO - Fetching data for HDFCBANK.NS (Period: 1y, Interval: 1d)
2026-03-15 19:10:11,178 - stock_predictor - INFO - Fetching data for ICICIBANK.NS (Period: 1y, Interval: 1d)
2026-03-15 19:10:11,353 - stock_predictor - INFO - Final Portfolio Allocation: {'RELIANCE': 0.1944, 'TCS': 0.1833, 'INFY': 0.1528, 'HDFCBANK': 0.2489, 'ICICIBANK': 0.2206}
2026-03-15 19:10:21,434 - stock_predictor - INFO - Returning cached data for RELIANCE.NS
2026-03-15 19:10:21,436 - stock_predictor - INFO - Returning cached data for TCS.NS
2026-03-15 19:10:21,437 - stock_predictor - INFO - Returning cached data for INFY.NS
2026-03-15 19:10:21,437 - stock_predictor - INFO - Returning cached data for HDFCBANK.NS
2026-03-15 19:10:21,438 - stock_predictor - INFO - Returning cached data for ICICIBANK.NS
2026-03-15 19:10:21,452 - stock_predictor - INFO - Final Portfolio Allocation: {'RELIANCE': 0.1944, 'TCS': 0.1833, 'INFY': 0.1528, 'HDFCBANK': 0.2489, 'ICICIBANK': 0.2206}
2026-03-15 19:10:27,037 - stock_predictor - INFO - Returning cached data for RELIANCE.NS
2026-03-15 19:10:27,039 - stock_predictor - INFO - Returning cached data for TCS.NS
2026-03-15 19:10:27,039 - stock_predictor - INFO - Returning cached data for INFY.NS
2026-03-15 19:10:27,040 - stock_predictor - INFO - Returning cached data for HDFCBANK.NS
2026-03-15 19:10:27,041 - stock_predictor - INFO - Returning cached data for ICICIBANK.NS
2026-03-15 19:10:27,057 - stock_predictor - INFO - Final Portfolio Allocation: {'RELIANCE': 0.1944, 'TCS': 0.1833, 'INFY': 0.1528, 'HDFCBANK': 0.2489, 'ICICIBANK': 0.2206}
2026-03-15 19:18:44,037 - stock_predictor - INFO - Loading resources for TCS...
2026-03-15 19:18:44,039 - stock_predictor - INFO - Scaler loaded from D:\InvestIQ-main\backend\models\saved_models\scaler_TCS.pkl
2026-03-15 19:18:44,078 - stock_predictor - INFO - Detected metadata row, dropping row 0
2026-03-15 19:18:44,079 - stock_predictor - INFO - Loaded data from D:\InvestIQ-main\backend\data\stock_data\TCS.csv with shape (5296, 7)
2026-03-15 19:18:44,079 - stock_predictor - INFO - Fetching live price data for TCS.BO...
2026-03-15 19:18:44,281 - stock_predictor - INFO - Successfully fetched live data for TCS.BO date: 2026-03-13 00:00:00
2026-03-15 19:18:44,296 - stock_predictor - INFO - Data cleaned successfully
2026-03-15 19:18:44,297 - stock_predictor - INFO - Fetching market index data for ^NSEI...
2026-03-15 19:18:44,315 - stock_predictor - WARNING - No data found for market index ^NSEI
2026-03-15 19:18:44,342 - stock_predictor - INFO - Technical indicators added successfully
2026-03-15 19:18:44,343 - stock_predictor - WARNING - Market data provided is empty. Skipping correlation.
2026-03-15 19:18:44,344 - stock_predictor - INFO - Adding simulated external data for TCS...
2026-03-15 19:25:52,825 - stock_predictor - INFO - Initializing FinBERT on device: GPU
2026-03-15 19:26:12,979 - stock_predictor - INFO - Fetching market index data for ^NSEI...
2026-03-15 19:26:13,777 - stock_predictor - INFO - Initializing FinBERT on device: GPU
2026-03-15 19:26:19,338 - stock_predictor - INFO - Loading resources for RELIANCE...
2026-03-15 19:26:19,340 - stock_predictor - INFO - Scaler loaded from D:\InvestIQ-main\backend\models\saved_models\scaler_RELIANCE.pkl
2026-03-15 19:26:19,431 - stock_predictor - INFO - Detected metadata row, dropping row 0
2026-03-15 19:26:19,432 - stock_predictor - INFO - Loaded data from D:\InvestIQ-main\backend\data\stock_data\RELIANCE.csv with shape (6334, 7)
2026-03-15 19:26:19,433 - stock_predictor - INFO - Fetching live price data for RELIANCE.BO...
2026-03-15 19:26:20,145 - stock_predictor - INFO - Successfully fetched live data for RELIANCE.BO date: 2026-03-13 00:00:00
2026-03-15 19:26:20,168 - stock_predictor - INFO - Data cleaned successfully
2026-03-15 19:26:20,169 - stock_predictor - INFO - Fetching market index data for ^NSEI...
2026-03-15 19:26:20,306 - stock_predictor - INFO - Technical indicators added successfully
2026-03-15 19:26:20,312 - stock_predictor - INFO - Adding simulated external data for RELIANCE...
2026-03-15 19:26:20,369 - stock_predictor - INFO - Cache miss – ran prediction for RELIANCE
2026-03-15 19:26:20,369 - stock_predictor - INFO - Loading resources for TCS...
2026-03-15 19:26:20,371 - stock_predictor - INFO - Scaler loaded from D:\InvestIQ-main\backend\models\saved_models\scaler_TCS.pkl
2026-03-15 19:26:20,411 - stock_predictor - INFO - Detected metadata row, dropping row 0
2026-03-15 19:26:20,412 - stock_predictor - INFO - Loaded data from D:\InvestIQ-main\backend\data\stock_data\TCS.csv with shape (5296, 7)
2026-03-15 19:26:20,413 - stock_predictor - INFO - Fetching live price data for TCS.BO...
2026-03-15 19:26:20,562 - stock_predictor - INFO - Successfully fetched live data for TCS.BO date: 2026-03-13 00:00:00
2026-03-15 19:26:20,584 - stock_predictor - INFO - Data cleaned successfully
2026-03-15 19:26:20,585 - stock_predictor - INFO - Fetching market index data for ^NSEI...
2026-03-15 19:26:20,708 - stock_predictor - INFO - Technical indicators added successfully
2026-03-15 19:26:20,711 - stock_predictor - INFO - Adding simulated external data for TCS...
2026-03-15 19:26:20,762 - stock_predictor - INFO - Cache miss – ran prediction for TCS
2026-03-15 19:26:20,763 - stock_predictor - INFO - Loading resources for INFY...
2026-03-15 19:26:20,767 - stock_predictor - INFO - Scaler loaded from D:\InvestIQ-main\backend\models\saved_models\scaler_INFY.pkl
2026-03-15 19:26:20,816 - stock_predictor - INFO - Detected metadata row, dropping row 0
2026-03-15 19:26:20,817 - stock_predictor - INFO - Loaded data from D:\InvestIQ-main\backend\data\stock_data\INFY.csv with shape (6490, 7)
2026-03-15 19:26:20,818 - stock_predictor - INFO - Fetching live price data for INFY.BO...
2026-03-15 19:26:20,978 - stock_predictor - INFO - Successfully fetched live data for INFY.BO date: 2026-03-13 00:00:00
2026-03-15 19:26:21,003 - stock_predictor - INFO - Data cleaned successfully
2026-03-15 19:26:21,004 - stock_predictor - INFO - Fetching market index data for ^NSEI...
2026-03-15 19:26:21,137 - stock_predictor - INFO - Technical indicators added successfully
2026-03-15 19:26:21,140 - stock_predictor - INFO - Adding simulated external data for INFY...
2026-03-15 19:26:21,195 - stock_predictor - INFO - Cache miss – ran prediction for INFY
2026-03-15 19:26:21,196 - stock_predictor - INFO - Loading resources for HDFCBANK...
2026-03-15 19:26:21,200 - stock_predictor - INFO - Scaler loaded from D:\InvestIQ-main\backend\models\saved_models\scaler_HDFCBANK.pkl
2026-03-15 19:26:21,251 - stock_predictor - INFO - Detected metadata row, dropping row 0
2026-03-15 19:26:21,252 - stock_predictor - INFO - Loaded data from D:\InvestIQ-main\backend\data\stock_data\HDFCBANK.csv with shape (6531, 7)
2026-03-15 19:26:21,253 - stock_predictor - INFO - Fetching live price data for HDFCBANK.BO...
2026-03-15 19:26:21,407 - stock_predictor - INFO - Successfully fetched live data for HDFCBANK.BO date: 2026-03-13 00:00:00
2026-03-15 19:26:21,576 - stock_predictor - INFO - Data cleaned successfully
2026-03-15 19:26:21,577 - stock_predictor - INFO - Fetching market index data for ^NSEI...
2026-03-15 19:26:21,713 - stock_predictor - INFO - Technical indicators added successfully
2026-03-15 19:26:21,716 - stock_predictor - INFO - Adding simulated external data for HDFCBANK...
2026-03-15 19:26:21,760 - stock_predictor - INFO - Cache miss – ran prediction for HDFCBANK
2026-03-15 19:26:21,761 - stock_predictor - INFO - Loading resources for ICICIBANK...
2026-03-15 19:26:21,762 - stock_predictor - INFO - Scaler loaded from D:\InvestIQ-main\backend\models\saved_models\scaler_ICICIBANK.pkl
2026-03-15 19:26:21,802 - stock_predictor - INFO - Detected metadata row, dropping row 0
2026-03-15 19:26:21,803 - stock_predictor - INFO - Loaded data from D:\InvestIQ-main\backend\data\stock_data\ICICIBANK.csv with shape (5900, 7)
2026-03-15 19:26:21,803 - stock_predictor - INFO - Fetching live price data for ICICIBANK.BO...
2026-03-15 19:26:21,988 - stock_predictor - INFO - Successfully fetched live data for ICICIBANK.BO date: 2026-03-13 00:00:00
2026-03-15 19:26:22,026 - stock_predictor - INFO - Data cleaned successfully
2026-03-15 19:26:22,027 - stock_predictor - INFO - Fetching market index data for ^NSEI...
2026-03-15 19:26:22,158 - stock_predictor - INFO - Technical indicators added successfully
2026-03-15 19:26:22,161 - stock_predictor - INFO - Adding simulated external data for ICICIBANK...
2026-03-15 19:26:22,225 - stock_predictor - INFO - Cache miss – ran prediction for ICICIBANK
2026-03-15 19:26:56,765 - stock_predictor - INFO - Initializing FinBERT on device: GPU
2026-03-15 19:27:51,076 - stock_predictor - INFO - Loading resources for RELIANCE...
2026-03-15 19:27:51,077 - stock_predictor - INFO - Scaler loaded from D:\InvestIQ-main\backend\models\saved_models\scaler_RELIANCE.pkl
2026-03-15 19:27:51,153 - stock_predictor - INFO - Detected metadata row, dropping row 0
2026-03-15 19:27:51,154 - stock_predictor - INFO - Loaded data from D:\InvestIQ-main\backend\data\stock_data\RELIANCE.csv with shape (6334, 7)
2026-03-15 19:27:51,154 - stock_predictor - INFO - Fetching live price data for RELIANCE.BO...
2026-03-15 19:27:52,304 - stock_predictor - INFO - Successfully fetched live data for RELIANCE.BO date: 2026-03-13 00:00:00
2026-03-15 19:27:52,322 - stock_predictor - INFO - Data cleaned successfully
2026-03-15 19:27:52,323 - stock_predictor - INFO - Fetching market index data for ^NSEI...
2026-03-15 19:27:52,674 - stock_predictor - INFO - Technical indicators added successfully
2026-03-15 19:27:52,677 - stock_predictor - INFO - Adding simulated external data for RELIANCE...
2026-03-15 19:27:52,725 - stock_predictor - INFO - Cache miss – ran prediction for RELIANCE
2026-03-15 19:27:52,726 - stock_predictor - INFO - Loading resources for TCS...
2026-03-15 19:27:52,727 - stock_predictor - INFO - Scaler loaded from D:\InvestIQ-main\backend\models\saved_models\scaler_TCS.pkl
2026-03-15 19:27:52,760 - stock_predictor - INFO - Detected metadata row, dropping row 0
2026-03-15 19:27:52,761 - stock_predictor - INFO - Loaded data from D:\InvestIQ-main\backend\data\stock_data\TCS.csv with shape (5296, 7)
2026-03-15 19:27:52,761 - stock_predictor - INFO - Fetching live price data for TCS.BO...
2026-03-15 19:27:53,131 - stock_predictor - INFO - Successfully fetched live data for TCS.BO date: 2026-03-13 00:00:00
2026-03-15 19:27:53,153 - stock_predictor - INFO - Data cleaned successfully
2026-03-15 19:27:53,154 - stock_predictor - INFO - Fetching market index data for ^NSEI...
2026-03-15 19:27:53,343 - stock_predictor - INFO - Technical indicators added successfully
2026-03-15 19:27:53,346 - stock_predictor - INFO - Adding simulated external data for TCS...
2026-03-15 19:27:53,392 - stock_predictor - INFO - Cache miss – ran prediction for TCS
2026-03-15 19:27:53,392 - stock_predictor - INFO - Loading resources for INFY...
2026-03-15 19:27:53,393 - stock_predictor - INFO - Scaler loaded from D:\InvestIQ-main\backend\models\saved_models\scaler_INFY.pkl
2026-03-15 19:27:53,434 - stock_predictor - INFO - Detected metadata row, dropping row 0
2026-03-15 19:27:53,435 - stock_predictor - INFO - Loaded data from D:\InvestIQ-main\backend\data\stock_data\INFY.csv with shape (6490, 7)
2026-03-15 19:27:53,435 - stock_predictor - INFO - Fetching live price data for INFY.BO...
2026-03-15 19:27:53,744 - stock_predictor - INFO - Successfully fetched live data for INFY.BO date: 2026-03-13 00:00:00
2026-03-15 19:27:53,927 - stock_predictor - INFO - Data cleaned successfully
2026-03-15 19:27:53,928 - stock_predictor - INFO - Fetching market index data for ^NSEI...
2026-03-15 19:27:54,121 - stock_predictor - INFO - Technical indicators added successfully
2026-03-15 19:27:54,124 - stock_predictor - INFO - Adding simulated external data for INFY...
2026-03-15 19:27:54,176 - stock_predictor - INFO - Cache miss – ran prediction for INFY
2026-03-15 19:27:54,177 - stock_predictor - INFO - Loading resources for HDFCBANK...
2026-03-15 19:27:54,178 - stock_predictor - INFO - Scaler loaded from D:\InvestIQ-main\backend\models\saved_models\scaler_HDFCBANK.pkl
2026-03-15 19:27:54,218 - stock_predictor - INFO - Detected metadata row, dropping row 0
2026-03-15 19:27:54,218 - stock_predictor - INFO - Loaded data from D:\InvestIQ-main\backend\data\stock_data\HDFCBANK.csv with shape (6531, 7)
2026-03-15 19:27:54,219 - stock_predictor - INFO - Fetching live price data for HDFCBANK.BO...
2026-03-15 19:27:54,471 - stock_predictor - INFO - Successfully fetched live data for HDFCBANK.BO date: 2026-03-13 00:00:00
2026-03-15 19:27:54,494 - stock_predictor - INFO - Data cleaned successfully
2026-03-15 19:27:54,495 - stock_predictor - INFO - Fetching market index data for ^NSEI...
2026-03-15 19:27:54,688 - stock_predictor - INFO - Technical indicators added successfully
2026-03-15 19:27:54,691 - stock_predictor - INFO - Adding simulated external data for HDFCBANK...
2026-03-15 19:27:54,737 - stock_predictor - INFO - Cache miss – ran prediction for HDFCBANK
2026-03-15 19:27:54,737 - stock_predictor - INFO - Loading resources for ICICIBANK...
2026-03-15 19:27:54,739 - stock_predictor - INFO - Scaler loaded from D:\InvestIQ-main\backend\models\saved_models\scaler_ICICIBANK.pkl
2026-03-15 19:27:54,775 - stock_predictor - INFO - Detected metadata row, dropping row 0
2026-03-15 19:27:54,776 - stock_predictor - INFO - Loaded data from D:\InvestIQ-main\backend\data\stock_data\ICICIBANK.csv with shape (5900, 7)
2026-03-15 19:27:54,776 - stock_predictor - INFO - Fetching live price data for ICICIBANK.BO...
2026-03-15 19:27:55,074 - stock_predictor - INFO - Successfully fetched live data for ICICIBANK.BO date: 2026-03-13 00:00:00
2026-03-15 19:27:55,094 - stock_predictor - INFO - Data cleaned successfully
2026-03-15 19:27:55,095 - stock_predictor - INFO - Fetching market index data for ^NSEI...
2026-03-15 19:27:55,283 - stock_predictor - INFO - Technical indicators added successfully
2026-03-15 19:27:55,286 - stock_predictor - INFO - Adding simulated external data for ICICIBANK...
2026-03-15 19:27:55,329 - stock_predictor - INFO - Cache miss – ran prediction for ICICIBANK
2026-03-15 19:28:24,464 - stock_predictor - INFO - Fetching data for RELIANCE.NS (Period: 1y, Interval: 1d)
2026-03-15 19:28:24,719 - stock_predictor - INFO - Fetching data for TCS.NS (Period: 1y, Interval: 1d)
2026-03-15 19:28:25,082 - stock_predictor - INFO - Fetching data for INFY.NS (Period: 1y, Interval: 1d)
2026-03-15 19:28:25,391 - stock_predictor - INFO - Fetching data for HDFCBANK.NS (Period: 1y, Interval: 1d)
2026-03-15 19:28:25,662 - stock_predictor - INFO - Fetching data for ICICIBANK.NS (Period: 1y, Interval: 1d)
2026-03-15 19:28:26,020 - stock_predictor - INFO - MVO degenerate or failed -> using Inverse-Volatility weights.
2026-03-15 19:28:26,022 - stock_predictor - INFO - Final Portfolio Allocation: {'RELIANCE': 0.1944, 'TCS': 0.1833, 'INFY': 0.1528, 'HDFCBANK': 0.2489, 'ICICIBANK': 0.2206}
2026-03-15 19:28:48,121 - stock_predictor - INFO - Loading resources for TCS...
2026-03-15 19:28:48,123 - stock_predictor - INFO - Scaler loaded from D:\InvestIQ-main\backend\models\saved_models\scaler_TCS.pkl
2026-03-15 19:28:48,165 - stock_predictor - INFO - Detected metadata row, dropping row 0
2026-03-15 19:28:48,166 - stock_predictor - INFO - Loaded data from D:\InvestIQ-main\backend\data\stock_data\TCS.csv with shape (5296, 7)
2026-03-15 19:28:48,167 - stock_predictor - INFO - Fetching live price data for TCS.BO...
2026-03-15 19:28:48,429 - stock_predictor - INFO - Successfully fetched live data for TCS.BO date: 2026-03-13 00:00:00
2026-03-15 19:28:48,444 - stock_predictor - INFO - Data cleaned successfully
2026-03-15 19:28:48,445 - stock_predictor - INFO - Fetching market index data for ^NSEI...
2026-03-15 19:28:48,902 - stock_predictor - INFO - Technical indicators added successfully
2026-03-15 19:28:48,905 - stock_predictor - INFO - Adding simulated external data for TCS...
2026-03-15 19:29:54,778 - stock_predictor - INFO - Loading resources for ICICIBANK...
2026-03-15 19:29:54,780 - stock_predictor - INFO - Scaler loaded from D:\InvestIQ-main\backend\models\saved_models\scaler_ICICIBANK.pkl
2026-03-15 19:29:54,811 - stock_predictor - INFO - Detected metadata row, dropping row 0
2026-03-15 19:29:54,811 - stock_predictor - INFO - Loaded data from D:\InvestIQ-main\backend\data\stock_data\ICICIBANK.csv with shape (5900, 7)
2026-03-15 19:29:54,812 - stock_predictor - INFO - Fetching live price data for ICICIBANK.BO...
2026-03-15 19:29:55,093 - stock_predictor - INFO - Successfully fetched live data for ICICIBANK.BO date: 2026-03-13 00:00:00
2026-03-15 19:29:55,109 - stock_predictor - INFO - Data cleaned successfully
2026-03-15 19:29:55,110 - stock_predictor - INFO - Fetching market index data for ^NSEI...
2026-03-15 19:29:55,517 - stock_predictor - INFO - Technical indicators added successfully
2026-03-15 19:29:55,520 - stock_predictor - INFO - Adding simulated external data for ICICIBANK...
2026-03-15 19:29:59,081 - stock_predictor - INFO - Loading resources for ICICIBANK...
2026-03-15 19:29:59,083 - stock_predictor - INFO - Scaler loaded from D:\InvestIQ-main\backend\models\saved_models\scaler_ICICIBANK.pkl
2026-03-15 19:29:59,121 - stock_predictor - INFO - Detected metadata row, dropping row 0
2026-03-15 19:29:59,122 - stock_predictor - INFO - Loaded data from D:\InvestIQ-main\backend\data\stock_data\ICICIBANK.csv with shape (5900, 7)
2026-03-15 19:29:59,123 - stock_predictor - INFO - Fetching live price data for ICICIBANK.BO...
2026-03-15 19:29:59,208 - stock_predictor - INFO - Successfully fetched live data for ICICIBANK.BO date: 2026-03-13 00:00:00
2026-03-15 19:29:59,225 - stock_predictor - INFO - Data cleaned successfully
2026-03-15 19:29:59,226 - stock_predictor - INFO - Fetching market index data for ^NSEI...
2026-03-15 19:29:59,421 - stock_predictor - INFO - Technical indicators added successfully
2026-03-15 19:29:59,424 - stock_predictor - INFO - Adding simulated external data for ICICIBANK...
2026-03-15 19:30:02,153 - stock_predictor - INFO - Loading resources for ICICIBANK...
2026-03-15 19:30:02,154 - stock_predictor - INFO - Scaler loaded from D:\InvestIQ-main\backend\models\saved_models\scaler_ICICIBANK.pkl
2026-03-15 19:30:02,188 - stock_predictor - INFO - Detected metadata row, dropping row 0
2026-03-15 19:30:02,189 - stock_predictor - INFO - Loaded data from D:\InvestIQ-main\backend\data\stock_data\ICICIBANK.csv with shape (5900, 7)
2026-03-15 19:30:02,189 - stock_predictor - INFO - Fetching live price data for ICICIBANK.BO...
2026-03-15 19:30:02,275 - stock_predictor - INFO - Successfully fetched live data for ICICIBANK.BO date: 2026-03-13 00:00:00
2026-03-15 19:30:02,292 - stock_predictor - INFO - Data cleaned successfully
2026-03-15 19:30:02,293 - stock_predictor - INFO - Fetching market index data for ^NSEI...
2026-03-15 19:30:02,480 - stock_predictor - INFO - Technical indicators added successfully
2026-03-15 19:30:02,483 - stock_predictor - INFO - Adding simulated external data for ICICIBANK...
2026-03-15 19:30:04,815 - stock_predictor - INFO - Loading resources for ICICIBANK...
2026-03-15 19:30:04,817 - stock_predictor - INFO - Scaler loaded from D:\InvestIQ-main\backend\models\saved_models\scaler_ICICIBANK.pkl
2026-03-15 19:30:04,851 - stock_predictor - INFO - Detected metadata row, dropping row 0
2026-03-15 19:30:04,852 - stock_predictor - INFO - Loaded data from D:\InvestIQ-main\backend\data\stock_data\ICICIBANK.csv with shape (5900, 7)
2026-03-15 19:30:04,853 - stock_predictor - INFO - Fetching live price data for ICICIBANK.BO...
2026-03-15 19:30:04,937 - stock_predictor - INFO - Successfully fetched live data for ICICIBANK.BO date: 2026-03-13 00:00:00
2026-03-15 19:30:04,955 - stock_predictor - INFO - Data cleaned successfully
2026-03-15 19:30:04,956 - stock_predictor - INFO - Fetching market index data for ^NSEI...
2026-03-15 19:30:05,146 - stock_predictor - INFO - Technical indicators added successfully
2026-03-15 19:30:05,149 - stock_predictor - INFO - Adding simulated external data for ICICIBANK...
2026-03-15 19:30:09,730 - stock_predictor - INFO - Loading resources for ICICIBANK...
2026-03-15 19:30:09,731 - stock_predictor - INFO - Scaler loaded from D:\InvestIQ-main\backend\models\saved_models\scaler_ICICIBANK.pkl
2026-03-15 19:30:09,762 - stock_predictor - INFO - Detected metadata row, dropping row 0
2026-03-15 19:30:09,763 - stock_predictor - INFO - Loaded data from D:\InvestIQ-main\backend\data\stock_data\ICICIBANK.csv with shape (5900, 7)
2026-03-15 19:30:09,764 - stock_predictor - INFO - Fetching live price data for ICICIBANK.BO...
2026-03-15 19:30:10,016 - stock_predictor - INFO - Successfully fetched live data for ICICIBANK.BO date: 2026-03-13 00:00:00
2026-03-15 19:30:10,032 - stock_predictor - INFO - Data cleaned successfully
2026-03-15 19:30:10,033 - stock_predictor - INFO - Fetching market index data for ^NSEI...
2026-03-15 19:30:10,505 - stock_predictor - INFO - Technical indicators added successfully
2026-03-15 19:30:10,508 - stock_predictor - INFO - Adding simulated external data for ICICIBANK...
2026-03-15 19:30:22,944 - stock_predictor - INFO - Loading resources for RELIANCE...
2026-03-15 19:30:22,946 - stock_predictor - INFO - Scaler loaded from D:\InvestIQ-main\backend\models\saved_models\scaler_RELIANCE.pkl
2026-03-15 19:30:22,978 - stock_predictor - INFO - Detected metadata row, dropping row 0
2026-03-15 19:30:22,979 - stock_predictor - INFO - Loaded data from D:\InvestIQ-main\backend\data\stock_data\RELIANCE.csv with shape (6334, 7)
2026-03-15 19:30:22,980 - stock_predictor - INFO - Fetching live price data for RELIANCE.BO...
2026-03-15 19:30:23,254 - stock_predictor - INFO - Successfully fetched live data for RELIANCE.BO date: 2026-03-13 00:00:00
2026-03-15 19:30:23,274 - stock_predictor - INFO - Data cleaned successfully
2026-03-15 19:30:23,276 - stock_predictor - INFO - Fetching market index data for ^NSEI...
2026-03-15 19:30:23,741 - stock_predictor - INFO - Technical indicators added successfully
2026-03-15 19:30:23,743 - stock_predictor - INFO - Adding simulated external data for RELIANCE...
2026-03-15 19:31:28,282 - stock_predictor - INFO - Loading resources for RELIANCE...
2026-03-15 19:31:28,283 - stock_predictor - INFO - Scaler loaded from D:\InvestIQ-main\backend\models\saved_models\scaler_RELIANCE.pkl
2026-03-15 19:31:28,318 - stock_predictor - INFO - Detected metadata row, dropping row 0
2026-03-15 19:31:28,319 - stock_predictor - INFO - Loaded data from D:\InvestIQ-main\backend\data\stock_data\RELIANCE.csv with shape (6334, 7)
2026-03-15 19:31:28,319 - stock_predictor - INFO - Fetching live price data for RELIANCE.BO...
2026-03-15 19:31:28,589 - stock_predictor - INFO - Successfully fetched live data for RELIANCE.BO date: 2026-03-13 00:00:00
2026-03-15 19:31:28,607 - stock_predictor - INFO - Data cleaned successfully
2026-03-15 19:31:28,608 - stock_predictor - INFO - Fetching market index data for ^NSEI...
2026-03-15 19:31:29,201 - stock_predictor - INFO - Technical indicators added successfully
2026-03-15 19:31:29,206 - stock_predictor - INFO - Adding simulated external data for RELIANCE...
2026-03-15 19:33:20,775 - stock_predictor - INFO - Loading resources for RELIANCE...
2026-03-15 19:33:20,776 - stock_predictor - INFO - Scaler loaded from D:\InvestIQ-main\backend\models\saved_models\scaler_RELIANCE.pkl
2026-03-15 19:33:20,814 - stock_predictor - INFO - Detected metadata row, dropping row 0
2026-03-15 19:33:20,815 - stock_predictor - INFO - Loaded data from D:\InvestIQ-main\backend\data\stock_data\RELIANCE.csv with shape (6334, 7)
2026-03-15 19:33:20,815 - stock_predictor - INFO - Fetching live price data for RELIANCE.BO...
2026-03-15 19:33:21,130 - stock_predictor - INFO - Successfully fetched live data for RELIANCE.BO date: 2026-03-13 00:00:00
2026-03-15 19:33:21,151 - stock_predictor - INFO - Data cleaned successfully
2026-03-15 19:33:21,153 - stock_predictor - INFO - Fetching market index data for ^NSEI...
2026-03-15 19:33:21,630 - stock_predictor - INFO - Technical indicators added successfully
2026-03-15 19:33:21,633 - stock_predictor - INFO - Adding simulated external data for RELIANCE...
2026-03-15 19:33:30,889 - stock_predictor - INFO - Loading resources for TCS...
2026-03-15 19:33:30,890 - stock_predictor - INFO - Scaler loaded from D:\InvestIQ-main\backend\models\saved_models\scaler_TCS.pkl
2026-03-15 19:33:30,922 - stock_predictor - INFO - Detected metadata row, dropping row 0
2026-03-15 19:33:30,922 - stock_predictor - INFO - Loaded data from D:\InvestIQ-main\backend\data\stock_data\TCS.csv with shape (5296, 7)
2026-03-15 19:33:30,923 - stock_predictor - INFO - Fetching live price data for TCS.BO...
2026-03-15 19:33:31,474 - stock_predictor - INFO - Successfully fetched live data for TCS.BO date: 2026-03-13 00:00:00
2026-03-15 19:33:31,490 - stock_predictor - INFO - Data cleaned successfully
2026-03-15 19:33:31,491 - stock_predictor - INFO - Fetching market index data for ^NSEI...
2026-03-15 19:33:32,021 - stock_predictor - INFO - Technical indicators added successfully
2026-03-15 19:33:32,024 - stock_predictor - INFO - Adding simulated external data for TCS...
2026-03-15 19:34:04,452 - stock_predictor - INFO - Initializing FinBERT on device: GPU
2026-03-15 19:34:26,098 - stock_predictor - INFO - Initializing FinBERT on device: GPU
2026-03-15 19:34:45,847 - stock_predictor - INFO - Initializing FinBERT on device: GPU
2026-03-15 19:34:48,281 - stock_predictor - INFO - Adding simulated external data for RELIANCE...
2026-03-15 19:34:48,283 - stock_predictor - INFO - Adding simulated external data for RELIANCE...
2026-03-15 19:34:50,098 - stock_predictor - INFO - Loading resources for RELIANCE...
2026-03-15 19:34:50,099 - stock_predictor - INFO - Loading resources for TCS...
2026-03-15 19:34:50,100 - stock_predictor - INFO - Scaler loaded from D:\InvestIQ-main\backend\models\saved_models\scaler_RELIANCE.pkl
2026-03-15 19:34:50,102 - stock_predictor - INFO - Scaler loaded from D:\InvestIQ-main\backend\models\saved_models\scaler_TCS.pkl
2026-03-15 19:34:50,173 - stock_predictor - INFO - Detected metadata row, dropping row 0
2026-03-15 19:34:50,190 - stock_predictor - INFO - Loaded data from D:\InvestIQ-main\backend\data\stock_data\TCS.csv with shape (5296, 7)
2026-03-15 19:34:50,191 - stock_predictor - INFO - Detected metadata row, dropping row 0
2026-03-15 19:34:50,191 - stock_predictor - INFO - Fetching live price data for TCS.BO...
2026-03-15 19:34:50,193 - stock_predictor - INFO - Loaded data from D:\InvestIQ-main\backend\data\stock_data\RELIANCE.csv with shape (6334, 7)
2026-03-15 19:34:50,193 - stock_predictor - INFO - Fetching live price data for RELIANCE.BO...
2026-03-15 19:34:51,174 - stock_predictor - INFO - Successfully fetched live data for RELIANCE.BO date: 2026-03-13 00:00:00
2026-03-15 19:34:51,191 - stock_predictor - INFO - Successfully fetched live data for TCS.BO date: 2026-03-13 00:00:00
2026-03-15 19:34:51,245 - stock_predictor - INFO - Data cleaned successfully
2026-03-15 19:34:51,247 - stock_predictor - INFO - Data cleaned successfully
2026-03-15 19:34:51,247 - stock_predictor - INFO - Fetching market index data for ^NSEI...
2026-03-15 19:34:51,248 - stock_predictor - INFO - Fetching market index data for ^NSEI...
2026-03-15 19:34:51,515 - stock_predictor - INFO - Technical indicators added successfully
2026-03-15 19:34:51,518 - stock_predictor - INFO - Adding simulated external data for TCS...
2026-03-15 19:34:51,605 - stock_predictor - INFO - Cache miss - ran prediction for TCS
2026-03-15 19:34:51,664 - stock_predictor - INFO - Technical indicators added successfully
2026-03-15 19:34:51,668 - stock_predictor - INFO - Adding simulated external data for RELIANCE...
2026-03-15 19:34:51,777 - stock_predictor - INFO - Cache miss - ran prediction for RELIANCE
2026-03-15 19:34:54,929 - stock_predictor - INFO - Cache hit for RELIANCE
2026-03-15 19:34:54,930 - stock_predictor - INFO - Cache hit for TCS
2026-03-15 19:34:54,931 - stock_predictor - INFO - Loading resources for INFY...
2026-03-15 19:34:54,933 - stock_predictor - INFO - Scaler loaded from D:\InvestIQ-main\backend\models\saved_models\scaler_INFY.pkl
2026-03-15 19:34:54,978 - stock_predictor - INFO - Detected metadata row, dropping row 0
2026-03-15 19:34:54,978 - stock_predictor - INFO - Loaded data from D:\InvestIQ-main\backend\data\stock_data\INFY.csv with shape (6490, 7)
2026-03-15 19:34:54,979 - stock_predictor - INFO - Fetching live price data for INFY.BO...
2026-03-15 19:34:55,241 - stock_predictor - INFO - Successfully fetched live data for INFY.BO date: 2026-03-13 00:00:00
2026-03-15 19:34:55,441 - stock_predictor - INFO - Data cleaned successfully
2026-03-15 19:34:55,442 - stock_predictor - INFO - Fetching market index data for ^NSEI...
2026-03-15 19:34:55,604 - stock_predictor - INFO - Technical indicators added successfully
2026-03-15 19:34:55,607 - stock_predictor - INFO - Adding simulated external data for INFY...
2026-03-15 19:34:55,681 - stock_predictor - INFO - Cache miss - ran prediction for INFY
2026-03-15 19:34:55,682 - stock_predictor - INFO - Loading resources for HDFCBANK...
2026-03-15 19:34:55,683 - stock_predictor - INFO - Scaler loaded from D:\InvestIQ-main\backend\models\saved_models\scaler_HDFCBANK.pkl
2026-03-15 19:34:55,728 - stock_predictor - INFO - Detected metadata row, dropping row 0
2026-03-15 19:34:55,729 - stock_predictor - INFO - Loaded data from D:\InvestIQ-main\backend\data\stock_data\HDFCBANK.csv with shape (6531, 7)
2026-03-15 19:34:55,730 - stock_predictor - INFO - Fetching live price data for HDFCBANK.BO...
2026-03-15 19:34:55,900 - stock_predictor - INFO - Successfully fetched live data for HDFCBANK.BO date: 2026-03-13 00:00:00
2026-03-15 19:34:55,924 - stock_predictor - INFO - Data cleaned successfully
2026-03-15 19:34:55,925 - stock_predictor - INFO - Fetching market index data for ^NSEI...
2026-03-15 19:34:56,071 - stock_predictor - INFO - Technical indicators added successfully
2026-03-15 19:34:56,074 - stock_predictor - INFO - Adding simulated external data for HDFCBANK...
2026-03-15 19:34:56,129 - stock_predictor - INFO - Cache miss - ran prediction for HDFCBANK
2026-03-15 19:34:56,130 - stock_predictor - INFO - Loading resources for ICICIBANK...
2026-03-15 19:34:56,131 - stock_predictor - INFO - Scaler loaded from D:\InvestIQ-main\backend\models\saved_models\scaler_ICICIBANK.pkl
2026-03-15 19:34:56,172 - stock_predictor - INFO - Detected metadata row, dropping row 0
2026-03-15 19:34:56,173 - stock_predictor - INFO - Loaded data from D:\InvestIQ-main\backend\data\stock_data\ICICIBANK.csv with shape (5900, 7)
2026-03-15 19:34:56,174 - stock_predictor - INFO - Fetching live price data for ICICIBANK.BO...
2026-03-15 19:34:56,339 - stock_predictor - INFO - Successfully fetched live data for ICICIBANK.BO date: 2026-03-13 00:00:00
2026-03-15 19:34:56,361 - stock_predictor - INFO - Data cleaned successfully
2026-03-15 19:34:56,362 - stock_predictor - INFO - Fetching market index data for ^NSEI...
2026-03-15 19:34:56,502 - stock_predictor - INFO - Technical indicators added successfully
2026-03-15 19:34:56,505 - stock_predictor - INFO - Adding simulated external data for ICICIBANK...
2026-03-15 19:34:56,561 - stock_predictor - INFO - Cache miss - ran prediction for ICICIBANK
2026-03-15 19:35:07,844 - stock_predictor - INFO - Cache hit for TCS
2026-03-15 19:35:11,932 - stock_predictor - INFO - Cache hit for INFY
2026-03-15 19:35:15,649 - stock_predictor - INFO - Cache hit for HDFCBANK
2026-03-15 19:35:22,686 - stock_predictor - INFO - Cache hit for ICICIBANK
2026-03-15 19:35:26,056 - stock_predictor - INFO - Cache hit for INFY
2026-03-15 19:35:46,599 - stock_predictor - INFO - Adding simulated external data for RELIANCE...
2026-03-15 19:35:46,600 - stock_predictor - INFO - Adding simulated external data for RELIANCE...
2026-03-15 19:35:51,462 - stock_predictor - INFO - Cache hit for HDFCBANK
2026-03-15 19:35:54,934 - stock_predictor - INFO - Cache hit for HDFCBANK
2026-03-15 19:36:08,622 - stock_predictor - INFO - Cache hit for RELIANCE
2026-03-15 19:36:17,155 - stock_predictor - INFO - Cache hit for RELIANCE
2026-03-15 19:38:53,549 - stock_predictor - INFO - Cache hit for RELIANCE
2026-03-15 19:38:53,550 - stock_predictor - INFO - Cache hit for TCS
2026-03-15 19:38:53,550 - stock_predictor - INFO - Cache hit for INFY
2026-03-15 19:38:53,551 - stock_predictor - INFO - Cache hit for HDFCBANK
2026-03-15 19:38:53,551 - stock_predictor - INFO - Cache hit for ICICIBANK
2026-03-15 19:38:54,655 - stock_predictor - INFO - Cache hit for RELIANCE
2026-03-15 19:38:54,656 - stock_predictor - INFO - Cache hit for TCS
2026-03-15 19:38:54,656 - stock_predictor - INFO - Cache hit for INFY
2026-03-15 19:38:54,657 - stock_predictor - INFO - Cache hit for HDFCBANK
2026-03-15 19:38:54,657 - stock_predictor - INFO - Cache hit for ICICIBANK
2026-03-15 19:39:08,782 - stock_predictor - INFO - Cache hit for RELIANCE
2026-03-15 19:39:27,229 - stock_predictor - INFO - Cache hit for TCS
2026-03-15 19:40:31,324 - stock_predictor - INFO - Cache hit for INFY
2026-03-15 19:40:33,167 - stock_predictor - INFO - Cache hit for INFY
2026-03-15 19:40:37,265 - stock_predictor - INFO - Cache hit for HDFCBANK
2026-03-15 19:41:16,056 - stock_predictor - INFO - Initializing FinBERT on device: GPU
2026-03-15 19:41:38,605 - stock_predictor - INFO - Loading resources for RELIANCE...
2026-03-15 19:41:38,609 - stock_predictor - INFO - Scaler loaded from D:\InvestIQ-main\backend\models\saved_models\scaler_RELIANCE.pkl
2026-03-15 19:41:38,708 - stock_predictor - INFO - Detected metadata row, dropping row 0
2026-03-15 19:41:38,709 - stock_predictor - INFO - Loaded data from D:\InvestIQ-main\backend\data\stock_data\RELIANCE.csv with shape (6334, 7)
2026-03-15 19:41:38,710 - stock_predictor - INFO - Fetching live price data for RELIANCE.BO...
2026-03-15 19:41:39,402 - stock_predictor - INFO - Successfully fetched live data for RELIANCE.BO date: 2026-03-13 00:00:00
2026-03-15 19:41:39,427 - stock_predictor - INFO - Data cleaned successfully
2026-03-15 19:41:39,428 - stock_predictor - INFO - Fetching market index data for ^NSEI...
2026-03-15 19:41:39,622 - stock_predictor - INFO - Technical indicators added successfully
2026-03-15 19:41:39,626 - stock_predictor - INFO - Adding simulated external data for RELIANCE...
2026-03-15 19:41:39,700 - stock_predictor - INFO - Cache miss - ran prediction for RELIANCE
2026-03-15 19:41:39,701 - stock_predictor - INFO - Loading resources for TCS...
2026-03-15 19:41:39,702 - stock_predictor - INFO - Scaler loaded from D:\InvestIQ-main\backend\models\saved_models\scaler_TCS.pkl
2026-03-15 19:41:39,742 - stock_predictor - INFO - Detected metadata row, dropping row 0
2026-03-15 19:41:39,742 - stock_predictor - INFO - Loaded data from D:\InvestIQ-main\backend\data\stock_data\TCS.csv with shape (5296, 7)
2026-03-15 19:41:39,743 - stock_predictor - INFO - Fetching live price data for TCS.BO...
2026-03-15 19:41:39,883 - stock_predictor - INFO - Successfully fetched live data for TCS.BO date: 2026-03-13 00:00:00
2026-03-15 19:41:39,949 - stock_predictor - INFO - Data cleaned successfully
2026-03-15 19:41:39,950 - stock_predictor - INFO - Fetching market index data for ^NSEI...
2026-03-15 19:41:40,040 - stock_predictor - INFO - Technical indicators added successfully
2026-03-15 19:41:40,043 - stock_predictor - INFO - Adding simulated external data for TCS...
2026-03-15 19:41:40,088 - stock_predictor - INFO - Cache miss - ran prediction for TCS
2026-03-15 19:41:40,088 - stock_predictor - INFO - Loading resources for INFY...
2026-03-15 19:41:40,090 - stock_predictor - INFO - Scaler loaded from D:\InvestIQ-main\backend\models\saved_models\scaler_INFY.pkl
2026-03-15 19:41:40,131 - stock_predictor - INFO - Detected metadata row, dropping row 0
2026-03-15 19:41:40,132 - stock_predictor - INFO - Loaded data from D:\InvestIQ-main\backend\data\stock_data\INFY.csv with shape (6490, 7)
2026-03-15 19:41:40,134 - stock_predictor - INFO - Fetching live price data for INFY.BO...
2026-03-15 19:41:40,274 - stock_predictor - INFO - Successfully fetched live data for INFY.BO date: 2026-03-13 00:00:00
2026-03-15 19:41:40,306 - stock_predictor - INFO - Data cleaned successfully
2026-03-15 19:41:40,310 - stock_predictor - INFO - Fetching market index data for ^NSEI...
2026-03-15 19:41:40,412 - stock_predictor - INFO - Technical indicators added successfully
2026-03-15 19:41:40,415 - stock_predictor - INFO - Adding simulated external data for INFY...
2026-03-15 19:41:40,478 - stock_predictor - INFO - Cache miss - ran prediction for INFY
2026-03-15 19:41:40,478 - stock_predictor - INFO - Loading resources for HDFCBANK...
2026-03-15 19:41:40,479 - stock_predictor - INFO - Scaler loaded from D:\InvestIQ-main\backend\models\saved_models\scaler_HDFCBANK.pkl
2026-03-15 19:41:40,533 - stock_predictor - INFO - Detected metadata row, dropping row 0
2026-03-15 19:41:40,534 - stock_predictor - INFO - Loaded data from D:\InvestIQ-main\backend\data\stock_data\HDFCBANK.csv with shape (6531, 7)
2026-03-15 19:41:40,534 - stock_predictor - INFO - Fetching live price data for HDFCBANK.BO...
2026-03-15 19:41:40,680 - stock_predictor - INFO - Successfully fetched live data for HDFCBANK.BO date: 2026-03-13 00:00:00
2026-03-15 19:41:41,033 - stock_predictor - INFO - Data cleaned successfully
2026-03-15 19:41:41,033 - stock_predictor - INFO - Fetching market index data for ^NSEI...
2026-03-15 19:41:41,130 - stock_predictor - INFO - Technical indicators added successfully
2026-03-15 19:41:41,133 - stock_predictor - INFO - Adding simulated external data for HDFCBANK...
2026-03-15 19:41:41,204 - stock_predictor - INFO - Cache miss - ran prediction for HDFCBANK
2026-03-15 19:41:41,206 - stock_predictor - INFO - Loading resources for ICICIBANK...
2026-03-15 19:41:41,208 - stock_predictor - INFO - Scaler loaded from D:\InvestIQ-main\backend\models\saved_models\scaler_ICICIBANK.pkl
2026-03-15 19:41:41,261 - stock_predictor - INFO - Detected metadata row, dropping row 0
2026-03-15 19:41:41,262 - stock_predictor - INFO - Loaded data from D:\InvestIQ-main\backend\data\stock_data\ICICIBANK.csv with shape (5900, 7)
2026-03-15 19:41:41,262 - stock_predictor - INFO - Fetching live price data for ICICIBANK.BO...
2026-03-15 19:41:41,403 - stock_predictor - INFO - Successfully fetched live data for ICICIBANK.BO date: 2026-03-13 00:00:00
2026-03-15 19:41:41,460 - stock_predictor - INFO - Data cleaned successfully
2026-03-15 19:41:41,464 - stock_predictor - INFO - Fetching market index data for ^NSEI...
2026-03-15 19:41:41,572 - stock_predictor - INFO - Technical indicators added successfully
2026-03-15 19:41:41,574 - stock_predictor - INFO - Adding simulated external data for ICICIBANK...
2026-03-15 19:41:41,626 - stock_predictor - INFO - Cache miss - ran prediction for ICICIBANK
2026-03-15 19:54:05,644 - stock_predictor - INFO - Loading resources for RELIANCE...
2026-03-15 19:54:05,645 - stock_predictor - INFO - Scaler loaded from D:\InvestIQ-main\backend\models\saved_models\scaler_RELIANCE.pkl
2026-03-15 19:54:05,689 - stock_predictor - INFO - Detected metadata row, dropping row 0
2026-03-15 19:54:05,689 - stock_predictor - INFO - Loaded data from D:\InvestIQ-main\backend\data\stock_data\RELIANCE.csv with shape (6334, 7)
2026-03-15 19:54:05,690 - stock_predictor - INFO - Fetching live price data for RELIANCE.BO...
2026-03-15 19:54:05,962 - stock_predictor - INFO - Successfully fetched live data for RELIANCE.BO date: 2026-03-13 00:00:00
2026-03-15 19:54:05,985 - stock_predictor - INFO - Data cleaned successfully
2026-03-15 19:54:05,986 - stock_predictor - INFO - Fetching market index data for ^NSEI...
2026-03-15 19:54:06,222 - stock_predictor - INFO - Technical indicators added successfully
2026-03-15 19:54:06,225 - stock_predictor - INFO - Adding simulated external data for RELIANCE...
2026-03-15 19:54:06,280 - stock_predictor - INFO - Cache miss - ran prediction for RELIANCE
2026-03-15 19:54:06,281 - stock_predictor - INFO - Loading resources for TCS...
2026-03-15 19:54:06,282 - stock_predictor - INFO - Scaler loaded from D:\InvestIQ-main\backend\models\saved_models\scaler_TCS.pkl
2026-03-15 19:54:06,322 - stock_predictor - INFO - Detected metadata row, dropping row 0
2026-03-15 19:54:06,322 - stock_predictor - INFO - Loaded data from D:\InvestIQ-main\backend\data\stock_data\TCS.csv with shape (5296, 7)
2026-03-15 19:54:06,323 - stock_predictor - INFO - Fetching live price data for TCS.BO...
2026-03-15 19:54:06,583 - stock_predictor - INFO - Successfully fetched live data for TCS.BO date: 2026-03-13 00:00:00
2026-03-15 19:54:06,605 - stock_predictor - INFO - Data cleaned successfully
2026-03-15 19:54:06,606 - stock_predictor - INFO - Fetching market index data for ^NSEI...
2026-03-15 19:54:06,745 - stock_predictor - INFO - Technical indicators added successfully
2026-03-15 19:54:06,749 - stock_predictor - INFO - Adding simulated external data for TCS...
2026-03-15 19:54:06,792 - stock_predictor - INFO - Cache miss - ran prediction for TCS
2026-03-15 19:54:06,793 - stock_predictor - INFO - Loading resources for INFY...
2026-03-15 19:54:06,795 - stock_predictor - INFO - Scaler loaded from D:\InvestIQ-main\backend\models\saved_models\scaler_INFY.pkl
2026-03-15 19:54:06,848 - stock_predictor - INFO - Detected metadata row, dropping row 0
2026-03-15 19:54:06,848 - stock_predictor - INFO - Loaded data from D:\InvestIQ-main\backend\data\stock_data\INFY.csv with shape (6490, 7)
2026-03-15 19:54:06,849 - stock_predictor - INFO - Fetching live price data for INFY.BO...
2026-03-15 19:54:07,187 - stock_predictor - INFO - Successfully fetched live data for INFY.BO date: 2026-03-13 00:00:00
2026-03-15 19:54:07,211 - stock_predictor - INFO - Data cleaned successfully
2026-03-15 19:54:07,212 - stock_predictor - INFO - Fetching market index data for ^NSEI...
2026-03-15 19:54:07,344 - stock_predictor - INFO - Technical indicators added successfully
2026-03-15 19:54:07,347 - stock_predictor - INFO - Adding simulated external data for INFY...
2026-03-15 19:54:07,397 - stock_predictor - INFO - Cache miss - ran prediction for INFY
2026-03-15 19:54:07,398 - stock_predictor - INFO - Loading resources for HDFCBANK...
2026-03-15 19:54:07,400 - stock_predictor - INFO - Scaler loaded from D:\InvestIQ-main\backend\models\saved_models\scaler_HDFCBANK.pkl
2026-03-15 19:54:07,453 - stock_predictor - INFO - Detected metadata row, dropping row 0
2026-03-15 19:54:07,454 - stock_predictor - INFO - Loaded data from D:\InvestIQ-main\backend\data\stock_data\HDFCBANK.csv with shape (6531, 7)
2026-03-15 19:54:07,454 - stock_predictor - INFO - Fetching live price data for HDFCBANK.BO...
2026-03-15 19:54:07,606 - stock_predictor - INFO - Successfully fetched live data for HDFCBANK.BO date: 2026-03-13 00:00:00
2026-03-15 19:54:07,629 - stock_predictor - INFO - Data cleaned successfully
2026-03-15 19:54:07,631 - stock_predictor - INFO - Fetching market index data for ^NSEI...
2026-03-15 19:54:07,797 - stock_predictor - INFO - Technical indicators added successfully
2026-03-15 19:54:07,802 - stock_predictor - INFO - Adding simulated external data for HDFCBANK...
2026-03-15 19:54:07,885 - stock_predictor - INFO - Cache miss - ran prediction for HDFCBANK
2026-03-15 19:54:07,888 - stock_predictor - INFO - Loading resources for ICICIBANK...
2026-03-15 19:54:07,891 - stock_predictor - INFO - Scaler loaded from D:\InvestIQ-main\backend\models\saved_models\scaler_ICICIBANK.pkl
2026-03-15 19:54:07,972 - stock_predictor - INFO - Detected metadata row, dropping row 0
2026-03-15 19:54:07,974 - stock_predictor - INFO - Loaded data from D:\InvestIQ-main\backend\data\stock_data\ICICIBANK.csv with shape (5900, 7)
2026-03-15 19:54:07,974 - stock_predictor - INFO - Fetching live price data for ICICIBANK.BO...
2026-03-15 19:54:08,141 - stock_predictor - INFO - Successfully fetched live data for ICICIBANK.BO date: 2026-03-13 00:00:00
2026-03-15 19:54:08,163 - stock_predictor - INFO - Data cleaned successfully
2026-03-15 19:54:08,164 - stock_predictor - INFO - Fetching market index data for ^NSEI...
2026-03-15 19:54:08,322 - stock_predictor - INFO - Technical indicators added successfully
2026-03-15 19:54:08,326 - stock_predictor - INFO - Adding simulated external data for ICICIBANK...
2026-03-15 19:54:08,386 - stock_predictor - INFO - Cache miss - ran prediction for ICICIBANK
2026-03-15 19:54:13,891 - stock_predictor - INFO - Cache hit for RELIANCE
2026-03-15 19:54:20,942 - stock_predictor - INFO - Fetching data for RELIANCE.NS (Period: 1y, Interval: 1d)
2026-03-15 19:54:21,135 - stock_predictor - INFO - Fetching data for TCS.NS (Period: 1y, Interval: 1d)
2026-03-15 19:54:21,325 - stock_predictor - INFO - Fetching data for INFY.NS (Period: 1y, Interval: 1d)
2026-03-15 19:54:21,532 - stock_predictor - INFO - Fetching data for HDFCBANK.NS (Period: 1y, Interval: 1d)
2026-03-15 19:54:21,746 - stock_predictor - INFO - Fetching data for ICICIBANK.NS (Period: 1y, Interval: 1d)
2026-03-15 19:54:21,965 - stock_predictor - INFO - MVO degenerate or failed -> using Inverse-Volatility weights.
2026-03-15 19:54:21,967 - stock_predictor - INFO - Final Portfolio Allocation: {'RELIANCE': 0.1944, 'TCS': 0.1833, 'INFY': 0.1528, 'HDFCBANK': 0.2489, 'ICICIBANK': 0.2206}
2026-03-16 09:51:51,444 - stock_predictor - INFO - Initializing FinBERT on device: GPU
2026-03-16 10:17:56,958 - stock_predictor - INFO - Initializing FinBERT on device: GPU
2026-03-16 10:21:34,501 - stock_predictor - INFO - Initializing FinBERT on device: GPU
2026-03-16 10:44:44,597 - stock_predictor - INFO - Initializing FinBERT on device: GPU
2026-03-16 10:46:52,057 - stock_predictor - INFO - Initializing FinBERT on device: GPU
2026-03-16 11:04:19,096 - stock_predictor - INFO - Initializing FinBERT on device: GPU
2026-03-16 11:10:04,384 - stock_predictor - INFO - Initializing FinBERT on device: GPU
2026-03-16 11:11:28,057 - stock_predictor - INFO - Initializing FinBERT on device: GPU
2026-03-16 11:11:32,605 - stock_predictor - INFO - HTTP GET /api/v1/health from 10.114.213.162 -> 200 (4.2 ms)
2026-03-16 11:17:45,158 - stock_predictor - INFO - Initializing FinBERT on device: GPU
2026-03-16 11:27:57,744 - stock_predictor - INFO - HTTP GET /api/v1/health from 157.51.103.117 -> 200 (1.7 ms)
2026-03-16 11:30:27,941 - stock_predictor - INFO - Initializing FinBERT on device: GPU
2026-03-16 11:35:00,492 - stock_predictor - INFO - HTTP GET /api/v1/health from 152.57.207.138 -> 200 (2.3 ms)
2026-03-16 11:35:01,495 - stock_predictor - INFO - HTTP POST /api/v1/auth/login from 152.57.207.138 -> 200 (5.8 ms)
2026-03-16 11:35:02,884 - stock_predictor - INFO - HTTP GET /api/v1/health from 152.57.207.138 -> 200 (1.0 ms)
2026-03-16 11:35:03,876 - stock_predictor - INFO - Loading resources for RELIANCE...
2026-03-16 11:35:03,879 - stock_predictor - INFO - Scaler loaded from D:\InvestIQ-main\backend\models\saved_models\scaler_RELIANCE.pkl
2026-03-16 11:35:03,984 - stock_predictor - INFO - Detected metadata row, dropping row 0
2026-03-16 11:35:03,985 - stock_predictor - INFO - Loaded data from D:\InvestIQ-main\backend\data\stock_data\RELIANCE.csv with shape (6334, 7)
2026-03-16 11:35:03,986 - stock_predictor - INFO - Fetching live price data for RELIANCE.BO...
2026-03-16 11:35:05,203 - stock_predictor - INFO - Successfully fetched live data for RELIANCE.BO date: 2026-03-16 00:00:00
2026-03-16 11:35:05,211 - stock_predictor - INFO - Added live data for 2026-03-16 00:00:00
2026-03-16 11:35:05,230 - stock_predictor - INFO - Data cleaned successfully
2026-03-16 11:35:05,231 - stock_predictor - INFO - Fetching market index data for ^NSEI...
2026-03-16 11:35:05,445 - stock_predictor - INFO - Technical indicators added successfully
2026-03-16 11:35:05,449 - stock_predictor - INFO - Adding simulated external data for RELIANCE...
2026-03-16 11:35:05,529 - stock_predictor - INFO - Cache miss - ran prediction for RELIANCE
2026-03-16 11:35:05,531 - stock_predictor - INFO - Loading resources for TCS...
2026-03-16 11:35:05,532 - stock_predictor - INFO - Scaler loaded from D:\InvestIQ-main\backend\models\saved_models\scaler_TCS.pkl
2026-03-16 11:35:05,569 - stock_predictor - INFO - Detected metadata row, dropping row 0
2026-03-16 11:35:05,569 - stock_predictor - INFO - Loaded data from D:\InvestIQ-main\backend\data\stock_data\TCS.csv with shape (5296, 7)
2026-03-16 11:35:05,570 - stock_predictor - INFO - Fetching live price data for TCS.BO...
2026-03-16 11:35:05,697 - stock_predictor - INFO - Successfully fetched live data for TCS.BO date: 2026-03-16 00:00:00
2026-03-16 11:35:05,703 - stock_predictor - INFO - Added live data for 2026-03-16 00:00:00
2026-03-16 11:35:05,716 - stock_predictor - INFO - Data cleaned successfully
2026-03-16 11:35:05,717 - stock_predictor - INFO - Fetching market index data for ^NSEI...
2026-03-16 11:35:05,852 - stock_predictor - INFO - Technical indicators added successfully
2026-03-16 11:35:05,856 - stock_predictor - INFO - Adding simulated external data for TCS...
2026-03-16 11:35:05,897 - stock_predictor - INFO - Cache miss - ran prediction for TCS
2026-03-16 11:35:05,898 - stock_predictor - INFO - Loading resources for INFY...
2026-03-16 11:35:05,900 - stock_predictor - INFO - Scaler loaded from D:\InvestIQ-main\backend\models\saved_models\scaler_INFY.pkl
2026-03-16 11:35:05,940 - stock_predictor - INFO - Detected metadata row, dropping row 0
2026-03-16 11:35:05,941 - stock_predictor - INFO - Loaded data from D:\InvestIQ-main\backend\data\stock_data\INFY.csv with shape (6490, 7)
2026-03-16 11:35:05,941 - stock_predictor - INFO - Fetching live price data for INFY.BO...
2026-03-16 11:35:06,063 - stock_predictor - INFO - Successfully fetched live data for INFY.BO date: 2026-03-16 00:00:00
2026-03-16 11:35:06,069 - stock_predictor - INFO - Added live data for 2026-03-16 00:00:00
2026-03-16 11:35:06,089 - stock_predictor - INFO - Data cleaned successfully
2026-03-16 11:35:06,090 - stock_predictor - INFO - Fetching market index data for ^NSEI...
2026-03-16 11:35:06,232 - stock_predictor - INFO - Technical indicators added successfully
2026-03-16 11:35:06,235 - stock_predictor - INFO - Adding simulated external data for INFY...
2026-03-16 11:35:06,280 - stock_predictor - INFO - Cache miss - ran prediction for INFY
2026-03-16 11:35:06,281 - stock_predictor - INFO - Loading resources for HDFCBANK...
2026-03-16 11:35:06,285 - stock_predictor - INFO - Scaler loaded from D:\InvestIQ-main\backend\models\saved_models\scaler_HDFCBANK.pkl
2026-03-16 11:35:06,328 - stock_predictor - INFO - Detected metadata row, dropping row 0
2026-03-16 11:35:06,329 - stock_predictor - INFO - Loaded data from D:\InvestIQ-main\backend\data\stock_data\HDFCBANK.csv with shape (6531, 7)
2026-03-16 11:35:06,329 - stock_predictor - INFO - Fetching live price data for HDFCBANK.BO...
2026-03-16 11:35:06,442 - stock_predictor - INFO - Successfully fetched live data for HDFCBANK.BO date: 2026-03-16 00:00:00
2026-03-16 11:35:06,448 - stock_predictor - INFO - Added live data for 2026-03-16 00:00:00
2026-03-16 11:35:06,641 - stock_predictor - INFO - Data cleaned successfully
2026-03-16 11:35:06,642 - stock_predictor - INFO - Fetching market index data for ^NSEI...
2026-03-16 11:35:06,775 - stock_predictor - INFO - Technical indicators added successfully
2026-03-16 11:35:06,778 - stock_predictor - INFO - Adding simulated external data for HDFCBANK...
2026-03-16 11:35:06,820 - stock_predictor - INFO - Cache miss - ran prediction for HDFCBANK
2026-03-16 11:35:06,821 - stock_predictor - INFO - Loading resources for ICICIBANK...
2026-03-16 11:35:06,822 - stock_predictor - INFO - Scaler loaded from D:\InvestIQ-main\backend\models\saved_models\scaler_ICICIBANK.pkl
2026-03-16 11:35:06,864 - stock_predictor - INFO - Detected metadata row, dropping row 0
2026-03-16 11:35:06,865 - stock_predictor - INFO - Loaded data from D:\InvestIQ-main\backend\data\stock_data\ICICIBANK.csv with shape (5900, 7)
2026-03-16 11:35:06,865 - stock_predictor - INFO - Fetching live price data for ICICIBANK.BO...
2026-03-16 11:35:06,983 - stock_predictor - INFO - Successfully fetched live data for ICICIBANK.BO date: 2026-03-16 00:00:00
2026-03-16 11:35:06,991 - stock_predictor - INFO - Added live data for 2026-03-16 00:00:00
2026-03-16 11:35:07,009 - stock_predictor - INFO - Data cleaned successfully
2026-03-16 11:35:07,010 - stock_predictor - INFO - Fetching market index data for ^NSEI...
2026-03-16 11:35:07,152 - stock_predictor - INFO - Technical indicators added successfully
2026-03-16 11:35:07,156 - stock_predictor - INFO - Adding simulated external data for ICICIBANK...
2026-03-16 11:35:07,200 - stock_predictor - INFO - Cache miss - ran prediction for ICICIBANK
2026-03-16 11:35:07,202 - stock_predictor - INFO - HTTP POST /api/v1/signals/batch from 152.57.207.138 -> 200 (3328.9 ms)
2026-03-16 11:35:53,417 - stock_predictor - INFO - HTTP GET /api/v1/health from 152.57.207.138 -> 200 (1.2 ms)
2026-03-16 11:35:54,449 - stock_predictor - INFO - Cache hit for HDFCBANK
2026-03-16 11:35:54,451 - stock_predictor - INFO - HTTP POST /api/v1/predict from 152.57.207.138 -> 200 (5.2 ms)
2026-03-16 11:35:57,206 - stock_predictor - INFO - HTTP GET /api/v1/health from 152.57.207.138 -> 200 (0.9 ms)
2026-03-16 11:35:59,413 - stock_predictor - INFO - HTTP GET /api/v1/news from 152.57.207.138 -> 200 (1157.0 ms)
2026-03-16 11:36:06,247 - stock_predictor - INFO - HTTP GET /api/v1/health from 152.57.207.138 -> 200 (1.1 ms)
2026-03-16 11:36:07,815 - stock_predictor - INFO - HTTP GET /api/v1/news from 152.57.207.138 -> 200 (568.5 ms)
2026-03-16 11:36:08,696 - stock_predictor - INFO - HTTP GET /api/v1/health from 152.57.207.138 -> 200 (0.8 ms)
2026-03-16 11:36:09,627 - stock_predictor - INFO - Fetching data for RELIANCE.NS (Period: 1y, Interval: 1d)
2026-03-16 11:36:09,805 - stock_predictor - INFO - Fetching data for TCS.NS (Period: 1y, Interval: 1d)
2026-03-16 11:36:09,996 - stock_predictor - INFO - Fetching data for INFY.NS (Period: 1y, Interval: 1d)
2026-03-16 11:36:10,237 - stock_predictor - INFO - Fetching data for HDFCBANK.NS (Period: 1y, Interval: 1d)
2026-03-16 11:36:10,367 - stock_predictor - INFO - Fetching data for ICICIBANK.NS (Period: 1y, Interval: 1d)
2026-03-16 11:36:10,514 - stock_predictor - INFO - MVO degenerate or failed -> using Inverse-Volatility weights.
2026-03-16 11:36:10,516 - stock_predictor - INFO - Final Portfolio Allocation: {'RELIANCE': 0.1948, 'TCS': 0.1833, 'INFY': 0.1528, 'HDFCBANK': 0.2474, 'ICICIBANK': 0.2217}
2026-03-16 11:36:10,521 - stock_predictor - INFO - HTTP POST /api/v1/portfolio/optimize from 152.57.207.138 -> 200 (896.7 ms)
2026-03-16 11:36:29,601 - stock_predictor - INFO - HTTP GET /api/v1/health from 152.57.207.138 -> 200 (0.9 ms)
2026-03-16 11:36:30,567 - stock_predictor - INFO - HTTP GET /api/v1/health from 152.57.207.138 -> 200 (1.0 ms)
2026-03-16 11:37:08,640 - stock_predictor - INFO - HTTP GET /api/v1/health from 152.57.207.138 -> 200 (0.9 ms)
2026-03-16 11:37:09,652 - stock_predictor - INFO - HTTP POST /api/v1/auth/register from 152.57.207.138 -> 200 (4.9 ms)
2026-03-16 11:37:10,879 - stock_predictor - INFO - HTTP GET /api/v1/health from 152.57.207.138 -> 200 (1.3 ms)
2026-03-16 11:37:11,768 - stock_predictor - INFO - Cache hit for RELIANCE
2026-03-16 11:37:11,769 - stock_predictor - INFO - Cache hit for TCS
2026-03-16 11:37:11,769 - stock_predictor - INFO - Cache hit for INFY
2026-03-16 11:37:11,770 - stock_predictor - INFO - Cache hit for HDFCBANK
2026-03-16 11:37:11,770 - stock_predictor - INFO - Cache hit for ICICIBANK
2026-03-16 11:37:11,771 - stock_predictor - INFO - HTTP POST /api/v1/signals/batch from 152.57.207.138 -> 200 (4.1 ms)
2026-03-16 11:37:18,731 - stock_predictor - INFO - HTTP GET /api/v1/health from 152.57.207.138 -> 200 (0.7 ms)
2026-03-16 11:37:19,731 - stock_predictor - INFO - HTTP GET /api/v1/health from 152.57.207.138 -> 200 (1.4 ms)
2026-03-16 11:38:13,618 - stock_predictor - INFO - HTTP GET /api/v1/health from 152.57.207.138 -> 200 (0.9 ms)
2026-03-16 11:38:14,622 - stock_predictor - INFO - Cache hit for ICICIBANK
2026-03-16 11:38:14,623 - stock_predictor - INFO - HTTP POST /api/v1/predict from 152.57.207.138 -> 200 (3.0 ms)
2026-03-16 11:39:00,987 - stock_predictor - INFO - HTTP GET /api/v1/health from 152.57.207.138 -> 200 (0.7 ms)
2026-03-16 11:39:02,053 - stock_predictor - INFO - Fetching data for RELIANCE.NS (Period: 1y, Interval: 1d)
2026-03-16 11:39:02,477 - stock_predictor - INFO - Fetching data for TCS.NS (Period: 1y, Interval: 1d)
2026-03-16 11:39:02,692 - stock_predictor - INFO - Fetching data for INFY.NS (Period: 1y, Interval: 1d)
2026-03-16 11:39:02,883 - stock_predictor - INFO - Fetching data for HDFCBANK.NS (Period: 1y, Interval: 1d)
2026-03-16 11:39:03,080 - stock_predictor - INFO - Fetching data for ICICIBANK.NS (Period: 1y, Interval: 1d)
2026-03-16 11:39:03,286 - stock_predictor - INFO - MVO degenerate or failed -> using Inverse-Volatility weights.
2026-03-16 11:39:03,288 - stock_predictor - INFO - Final Portfolio Allocation: {'RELIANCE': 0.1948, 'TCS': 0.1832, 'INFY': 0.1528, 'HDFCBANK': 0.2475, 'ICICIBANK': 0.2216}
2026-03-16 11:39:03,291 - stock_predictor - INFO - HTTP POST /api/v1/portfolio/optimize from 152.57.207.138 -> 200 (1239.8 ms)
2026-03-16 13:52:38,362 - stock_predictor - INFO - Initializing FinBERT on device: GPU
2026-03-16 13:54:37,948 - stock_predictor - INFO - HTTP GET /api/v1/health from 157.51.89.204 -> 200 (3.9 ms)
2026-03-16 13:54:38,974 - stock_predictor - INFO - HTTP POST /api/v1/auth/login from 157.51.89.204 -> 200 (6.0 ms)
2026-03-16 13:54:40,204 - stock_predictor - INFO - HTTP GET /api/v1/health from 157.51.89.204 -> 200 (0.7 ms)
2026-03-16 13:54:41,143 - stock_predictor - INFO - Loading resources for RELIANCE...
2026-03-16 13:54:41,153 - stock_predictor - INFO - Scaler loaded from D:\InvestIQ-main\backend\models\saved_models\scaler_RELIANCE.pkl
2026-03-16 13:54:41,288 - stock_predictor - INFO - Detected metadata row, dropping row 0
2026-03-16 13:54:41,289 - stock_predictor - INFO - Loaded data from D:\InvestIQ-main\backend\data\stock_data\RELIANCE.csv with shape (6334, 7)
2026-03-16 13:54:41,289 - stock_predictor - INFO - Fetching live price data for RELIANCE.BO...
2026-03-16 13:54:42,419 - stock_predictor - INFO - Successfully fetched live data for RELIANCE.BO date: 2026-03-16 00:00:00
2026-03-16 13:54:42,429 - stock_predictor - INFO - Added live data for 2026-03-16 00:00:00
2026-03-16 13:54:42,447 - stock_predictor - INFO - Data cleaned successfully
2026-03-16 13:54:42,448 - stock_predictor - INFO - Fetching market index data for ^NSEI...
2026-03-16 13:54:42,774 - stock_predictor - INFO - Technical indicators added successfully
2026-03-16 13:54:42,777 - stock_predictor - INFO - Adding simulated external data for RELIANCE...
2026-03-16 13:54:42,841 - stock_predictor - INFO - Cache miss - ran prediction for RELIANCE
2026-03-16 13:54:42,842 - stock_predictor - INFO - Loading resources for TCS...
2026-03-16 13:54:42,843 - stock_predictor - INFO - Scaler loaded from D:\InvestIQ-main\backend\models\saved_models\scaler_TCS.pkl
2026-03-16 13:54:42,874 - stock_predictor - INFO - Detected metadata row, dropping row 0
2026-03-16 13:54:42,875 - stock_predictor - INFO - Loaded data from D:\InvestIQ-main\backend\data\stock_data\TCS.csv with shape (5296, 7)
2026-03-16 13:54:42,875 - stock_predictor - INFO - Fetching live price data for TCS.BO...
2026-03-16 13:54:43,046 - stock_predictor - INFO - Successfully fetched live data for TCS.BO date: 2026-03-16 00:00:00
2026-03-16 13:54:43,051 - stock_predictor - INFO - Added live data for 2026-03-16 00:00:00
2026-03-16 13:54:43,070 - stock_predictor - INFO - Data cleaned successfully
2026-03-16 13:54:43,070 - stock_predictor - INFO - Fetching market index data for ^NSEI...
2026-03-16 13:54:43,284 - stock_predictor - INFO - Technical indicators added successfully
2026-03-16 13:54:43,287 - stock_predictor - INFO - Adding simulated external data for TCS...
2026-03-16 13:54:43,318 - stock_predictor - INFO - Cache miss - ran prediction for TCS
2026-03-16 13:54:43,318 - stock_predictor - INFO - Loading resources for INFY...
2026-03-16 13:54:43,320 - stock_predictor - INFO - Scaler loaded from D:\InvestIQ-main\backend\models\saved_models\scaler_INFY.pkl
2026-03-16 13:54:43,354 - stock_predictor - INFO - Detected metadata row, dropping row 0
2026-03-16 13:54:43,354 - stock_predictor - INFO - Loaded data from D:\InvestIQ-main\backend\data\stock_data\INFY.csv with shape (6490, 7)
2026-03-16 13:54:43,355 - stock_predictor - INFO - Fetching live price data for INFY.BO...
2026-03-16 13:54:43,565 - stock_predictor - INFO - Successfully fetched live data for INFY.BO date: 2026-03-16 00:00:00
2026-03-16 13:54:43,574 - stock_predictor - INFO - Added live data for 2026-03-16 00:00:00
2026-03-16 13:54:43,597 - stock_predictor - INFO - Data cleaned successfully
2026-03-16 13:54:43,599 - stock_predictor - INFO - Fetching market index data for ^NSEI...
2026-03-16 13:54:43,927 - stock_predictor - INFO - Technical indicators added successfully
2026-03-16 13:54:43,930 - stock_predictor - INFO - Adding simulated external data for INFY...
2026-03-16 13:54:44,022 - stock_predictor - INFO - Cache miss - ran prediction for INFY
2026-03-16 13:54:44,024 - stock_predictor - INFO - Loading resources for HDFCBANK...
2026-03-16 13:54:44,027 - stock_predictor - INFO - Scaler loaded from D:\InvestIQ-main\backend\models\saved_models\scaler_HDFCBANK.pkl
2026-03-16 13:54:44,068 - stock_predictor - INFO - Detected metadata row, dropping row 0
2026-03-16 13:54:44,069 - stock_predictor - INFO - Loaded data from D:\InvestIQ-main\backend\data\stock_data\HDFCBANK.csv with shape (6531, 7)
2026-03-16 13:54:44,069 - stock_predictor - INFO - Fetching live price data for HDFCBANK.BO...
2026-03-16 13:54:44,266 - stock_predictor - INFO - Successfully fetched live data for HDFCBANK.BO date: 2026-03-16 00:00:00
2026-03-16 13:54:44,271 - stock_predictor - INFO - Added live data for 2026-03-16 00:00:00
2026-03-16 13:54:44,525 - stock_predictor - INFO - Data cleaned successfully
2026-03-16 13:54:44,526 - stock_predictor - INFO - Fetching market index data for ^NSEI...
2026-03-16 13:54:44,739 - stock_predictor - INFO - Technical indicators added successfully
2026-03-16 13:54:44,741 - stock_predictor - INFO - Adding simulated external data for HDFCBANK...
2026-03-16 13:54:44,781 - stock_predictor - INFO - Cache miss - ran prediction for HDFCBANK
2026-03-16 13:54:44,781 - stock_predictor - INFO - Loading resources for ICICIBANK...
2026-03-16 13:54:44,782 - stock_predictor - INFO - Scaler loaded from D:\InvestIQ-main\backend\models\saved_models\scaler_ICICIBANK.pkl
2026-03-16 13:54:44,817 - stock_predictor - INFO - Detected metadata row, dropping row 0
2026-03-16 13:54:44,818 - stock_predictor - INFO - Loaded data from D:\InvestIQ-main\backend\data\stock_data\ICICIBANK.csv with shape (5900, 7)
2026-03-16 13:54:44,818 - stock_predictor - INFO - Fetching live price data for ICICIBANK.BO...
2026-03-16 13:54:45,006 - stock_predictor - INFO - Successfully fetched live data for ICICIBANK.BO date: 2026-03-16 00:00:00
2026-03-16 13:54:45,011 - stock_predictor - INFO - Added live data for 2026-03-16 00:00:00
2026-03-16 13:54:45,025 - stock_predictor - INFO - Data cleaned successfully
2026-03-16 13:54:45,026 - stock_predictor - INFO - Fetching market index data for ^NSEI...
2026-03-16 13:54:45,229 - stock_predictor - INFO - Technical indicators added successfully
2026-03-16 13:54:45,232 - stock_predictor - INFO - Adding simulated external data for ICICIBANK...
2026-03-16 13:54:45,270 - stock_predictor - INFO - Cache miss - ran prediction for ICICIBANK
2026-03-16 13:54:45,272 - stock_predictor - INFO - HTTP POST /api/v1/signals/batch from 157.51.89.204 -> 200 (4132.8 ms)
2026-03-16 13:54:52,780 - stock_predictor - INFO - HTTP GET /api/v1/health from 157.51.89.204 -> 200 (0.8 ms)
2026-03-16 13:54:53,722 - stock_predictor - INFO - Cache hit for RELIANCE
2026-03-16 13:54:53,724 - stock_predictor - INFO - HTTP POST /api/v1/predict from 157.51.89.204 -> 200 (4.0 ms)
2026-03-16 13:55:07,107 - stock_predictor - INFO - HTTP GET /api/v1/health from 157.51.89.204 -> 200 (0.7 ms)
2026-03-16 13:55:09,129 - stock_predictor - INFO - HTTP GET /api/v1/news from 157.51.89.204 -> 200 (1238.9 ms)
2026-03-16 13:55:13,994 - stock_predictor - INFO - HTTP GET /api/v1/health from 157.51.89.204 -> 200 (0.8 ms)
2026-03-16 13:55:14,956 - stock_predictor - INFO - Fetching data for RELIANCE.NS (Period: 1y, Interval: 1d)
2026-03-16 13:55:15,168 - stock_predictor - INFO - Fetching data for TCS.NS (Period: 1y, Interval: 1d)
2026-03-16 13:55:15,358 - stock_predictor - INFO - Fetching data for INFY.NS (Period: 1y, Interval: 1d)
2026-03-16 13:55:15,565 - stock_predictor - INFO - Fetching data for HDFCBANK.NS (Period: 1y, Interval: 1d)
2026-03-16 13:55:15,928 - stock_predictor - INFO - Fetching data for ICICIBANK.NS (Period: 1y, Interval: 1d)
2026-03-16 13:55:16,137 - stock_predictor - INFO - MVO degenerate or failed -> using Inverse-Volatility weights.
2026-03-16 13:55:16,138 - stock_predictor - INFO - Final Portfolio Allocation: {'RELIANCE': 0.1947, 'TCS': 0.1831, 'INFY': 0.1528, 'HDFCBANK': 0.2479, 'ICICIBANK': 0.2215}
2026-03-16 13:55:16,143 - stock_predictor - INFO - HTTP POST /api/v1/portfolio/optimize from 157.51.89.204 -> 200 (1188.1 ms)
2026-03-16 14:52:27,579 - stock_predictor - INFO - Initializing FinBERT on device: GPU
2026-03-16 14:57:51,135 - stock_predictor - INFO - HTTP GET /api/v1/health from 152.57.207.159 -> 200 (2.9 ms)
2026-03-16 14:57:52,115 - stock_predictor - INFO - HTTP GET /api/v1/auth/me from 152.57.207.159 -> 200 (3.6 ms)
2026-03-16 14:57:53,517 - stock_predictor - INFO - HTTP GET /api/v1/health from 152.57.207.159 -> 200 (0.8 ms)
2026-03-16 14:57:54,390 - stock_predictor - INFO - Loading resources for RELIANCE...
2026-03-16 14:57:54,395 - stock_predictor - INFO - Scaler loaded from D:\InvestIQ-main\backend\models\saved_models\scaler_RELIANCE.pkl
2026-03-16 14:57:54,515 - stock_predictor - INFO - Detected metadata row, dropping row 0
2026-03-16 14:57:54,516 - stock_predictor - INFO - Loaded data from D:\InvestIQ-main\backend\data\stock_data\RELIANCE.csv with shape (6334, 7)
2026-03-16 14:57:54,516 - stock_predictor - INFO - Fetching live price data for RELIANCE.BO...
2026-03-16 14:57:55,705 - stock_predictor - INFO - Successfully fetched live data for RELIANCE.BO date: 2026-03-16 00:00:00
2026-03-16 14:57:55,713 - stock_predictor - INFO - Added live data for 2026-03-16 00:00:00
2026-03-16 14:57:55,729 - stock_predictor - INFO - Data cleaned successfully
2026-03-16 14:57:55,730 - stock_predictor - INFO - Fetching market index data for ^NSEI...
2026-03-16 14:57:55,947 - stock_predictor - INFO - Technical indicators added successfully
2026-03-16 14:57:55,950 - stock_predictor - INFO - Adding simulated external data for RELIANCE...
2026-03-16 14:57:56,020 - stock_predictor - INFO - Cache miss - ran prediction for RELIANCE
2026-03-16 14:57:56,021 - stock_predictor - INFO - Loading resources for TCS...
2026-03-16 14:57:56,023 - stock_predictor - INFO - Scaler loaded from D:\InvestIQ-main\backend\models\saved_models\scaler_TCS.pkl
2026-03-16 14:57:56,057 - stock_predictor - INFO - Detected metadata row, dropping row 0
2026-03-16 14:57:56,058 - stock_predictor - INFO - Loaded data from D:\InvestIQ-main\backend\data\stock_data\TCS.csv with shape (5296, 7)
2026-03-16 14:57:56,059 - stock_predictor - INFO - Fetching live price data for TCS.BO...
2026-03-16 14:57:56,203 - stock_predictor - INFO - Successfully fetched live data for TCS.BO date: 2026-03-16 00:00:00
2026-03-16 14:57:56,208 - stock_predictor - INFO - Added live data for 2026-03-16 00:00:00
2026-03-16 14:57:56,225 - stock_predictor - INFO - Data cleaned successfully
2026-03-16 14:57:56,226 - stock_predictor - INFO - Fetching market index data for ^NSEI...
2026-03-16 14:57:56,366 - stock_predictor - INFO - Technical indicators added successfully
2026-03-16 14:57:56,369 - stock_predictor - INFO - Adding simulated external data for TCS...
2026-03-16 14:57:56,414 - stock_predictor - INFO - Cache miss - ran prediction for TCS
2026-03-16 14:57:56,415 - stock_predictor - INFO - Loading resources for INFY...
2026-03-16 14:57:56,416 - stock_predictor - INFO - Scaler loaded from D:\InvestIQ-main\backend\models\saved_models\scaler_INFY.pkl
2026-03-16 14:57:56,463 - stock_predictor - INFO - Detected metadata row, dropping row 0
2026-03-16 14:57:56,464 - stock_predictor - INFO - Loaded data from D:\InvestIQ-main\backend\data\stock_data\INFY.csv with shape (6490, 7)
2026-03-16 14:57:56,465 - stock_predictor - INFO - Fetching live price data for INFY.BO...
2026-03-16 14:57:56,634 - stock_predictor - INFO - Successfully fetched live data for INFY.BO date: 2026-03-16 00:00:00
2026-03-16 14:57:56,653 - stock_predictor - INFO - Added live data for 2026-03-16 00:00:00
2026-03-16 14:57:56,886 - stock_predictor - INFO - Data cleaned successfully
2026-03-16 14:57:56,887 - stock_predictor - INFO - Fetching market index data for ^NSEI...
2026-03-16 14:57:57,048 - stock_predictor - INFO - Technical indicators added successfully
2026-03-16 14:57:57,051 - stock_predictor - INFO - Adding simulated external data for INFY...
2026-03-16 14:57:57,101 - stock_predictor - INFO - Cache miss - ran prediction for INFY
2026-03-16 14:57:57,102 - stock_predictor - INFO - Loading resources for HDFCBANK...
2026-03-16 14:57:57,104 - stock_predictor - INFO - Scaler loaded from D:\InvestIQ-main\backend\models\saved_models\scaler_HDFCBANK.pkl
2026-03-16 14:57:57,143 - stock_predictor - INFO - Detected metadata row, dropping row 0
2026-03-16 14:57:57,145 - stock_predictor - INFO - Loaded data from D:\InvestIQ-main\backend\data\stock_data\HDFCBANK.csv with shape (6531, 7)
2026-03-16 14:57:57,145 - stock_predictor - INFO - Fetching live price data for HDFCBANK.BO...
2026-03-16 14:57:57,289 - stock_predictor - INFO - Successfully fetched live data for HDFCBANK.BO date: 2026-03-16 00:00:00
2026-03-16 14:57:57,297 - stock_predictor - INFO - Added live data for 2026-03-16 00:00:00
2026-03-16 14:57:57,314 - stock_predictor - INFO - Data cleaned successfully
2026-03-16 14:57:57,315 - stock_predictor - INFO - Fetching market index data for ^NSEI...
2026-03-16 14:57:57,460 - stock_predictor - INFO - Technical indicators added successfully
2026-03-16 14:57:57,464 - stock_predictor - INFO - Adding simulated external data for HDFCBANK...
2026-03-16 14:57:57,509 - stock_predictor - INFO - Cache miss - ran prediction for HDFCBANK
2026-03-16 14:57:57,510 - stock_predictor - INFO - Loading resources for ICICIBANK...
2026-03-16 14:57:57,514 - stock_predictor - INFO - Scaler loaded from D:\InvestIQ-main\backend\models\saved_models\scaler_ICICIBANK.pkl
2026-03-16 14:57:57,550 - stock_predictor - INFO - Detected metadata row, dropping row 0
2026-03-16 14:57:57,551 - stock_predictor - INFO - Loaded data from D:\InvestIQ-main\backend\data\stock_data\ICICIBANK.csv with shape (5900, 7)
2026-03-16 14:57:57,551 - stock_predictor - INFO - Fetching live price data for ICICIBANK.BO...
2026-03-16 14:57:57,770 - stock_predictor - INFO - Successfully fetched live data for ICICIBANK.BO date: 2026-03-16 00:00:00
2026-03-16 14:57:57,776 - stock_predictor - INFO - Added live data for 2026-03-16 00:00:00
2026-03-16 14:57:57,789 - stock_predictor - INFO - Data cleaned successfully
2026-03-16 14:57:57,790 - stock_predictor - INFO - Fetching market index data for ^NSEI...
2026-03-16 14:57:57,922 - stock_predictor - INFO - Technical indicators added successfully
2026-03-16 14:57:57,925 - stock_predictor - INFO - Adding simulated external data for ICICIBANK...
2026-03-16 14:57:58,011 - stock_predictor - INFO - Cache miss - ran prediction for ICICIBANK
2026-03-16 14:57:58,017 - stock_predictor - INFO - HTTP POST /api/v1/signals/batch from 152.57.207.159 -> 200 (3635.9 ms)
2026-03-16 14:58:07,609 - stock_predictor - INFO - HTTP GET /api/v1/health from 152.57.207.159 -> 200 (0.9 ms)
2026-03-16 14:58:08,579 - stock_predictor - INFO - Cache hit for RELIANCE
2026-03-16 14:58:08,582 - stock_predictor - INFO - HTTP POST /api/v1/predict from 152.57.207.159 -> 200 (5.4 ms)
2026-03-16 14:58:21,628 - stock_predictor - INFO - HTTP GET /api/v1/health from 152.57.207.159 -> 200 (0.9 ms)
2026-03-16 14:58:24,676 - stock_predictor - INFO - HTTP GET /api/v1/news from 152.57.207.159 -> 200 (1911.9 ms)
2026-03-16 14:58:32,757 - stock_predictor - INFO - HTTP GET /api/v1/health from 152.57.207.159 -> 200 (0.8 ms)
2026-03-16 14:58:33,778 - stock_predictor - INFO - Fetching data for RELIANCE.NS (Period: 1y, Interval: 1d)
2026-03-16 14:58:33,948 - stock_predictor - INFO - Fetching data for TCS.NS (Period: 1y, Interval: 1d)
2026-03-16 14:58:34,080 - stock_predictor - INFO - Fetching data for INFY.NS (Period: 1y, Interval: 1d)
2026-03-16 14:58:34,245 - stock_predictor - INFO - Fetching data for HDFCBANK.NS (Period: 1y, Interval: 1d)
2026-03-16 14:58:34,406 - stock_predictor - INFO - Fetching data for ICICIBANK.NS (Period: 1y, Interval: 1d)
2026-03-16 14:58:34,580 - stock_predictor - INFO - MVO degenerate or failed -> using Inverse-Volatility weights.
2026-03-16 14:58:34,582 - stock_predictor - INFO - Final Portfolio Allocation: {'RELIANCE': 0.1953, 'TCS': 0.1841, 'INFY': 0.1536, 'HDFCBANK': 0.2454, 'ICICIBANK': 0.2216}
2026-03-16 14:58:34,586 - stock_predictor - INFO - HTTP POST /api/v1/portfolio/optimize from 152.57.207.159 -> 200 (809.6 ms)
2026-03-16 14:58:43,324 - stock_predictor - INFO - HTTP GET /api/v1/health from 152.57.207.159 -> 200 (0.8 ms)
2026-03-16 14:58:44,447 - stock_predictor - INFO - HTTP GET /api/v1/health from 152.57.207.159 -> 200 (0.8 ms)
2026-03-16 15:38:52,729 - stock_predictor - INFO - Initializing FinBERT on device: GPU
2026-03-16 15:40:38,021 - stock_predictor - INFO - HTTP GET /api/v1/health from 152.57.204.154 -> 200 (2.8 ms)
2026-03-16 15:40:39,049 - stock_predictor - INFO - HTTP GET /api/v1/auth/me from 152.57.204.154 -> 200 (1.7 ms)
2026-03-16 15:40:40,494 - stock_predictor - INFO - HTTP GET /api/v1/health from 152.57.204.154 -> 200 (0.8 ms)
2026-03-16 15:40:41,389 - stock_predictor - INFO - Loading resources for RELIANCE...
2026-03-16 15:40:41,394 - stock_predictor - INFO - Scaler loaded from D:\InvestIQ-main\backend\models\saved_models\scaler_RELIANCE.pkl
2026-03-16 15:40:41,467 - stock_predictor - INFO - Detected metadata row, dropping row 0
2026-03-16 15:40:41,469 - stock_predictor - INFO - Loaded data from D:\InvestIQ-main\backend\data\stock_data\RELIANCE.csv with shape (6334, 7)
2026-03-16 15:40:41,469 - stock_predictor - INFO - Fetching live price data for RELIANCE.BO...
2026-03-16 15:40:42,846 - stock_predictor - INFO - Successfully fetched live data for RELIANCE.BO date: 2026-03-16 00:00:00
2026-03-16 15:40:42,853 - stock_predictor - INFO - Added live data for 2026-03-16 00:00:00
2026-03-16 15:40:42,868 - stock_predictor - INFO - Data cleaned successfully
2026-03-16 15:40:42,869 - stock_predictor - INFO - Fetching market index data for ^NSEI...
2026-03-16 15:40:43,250 - stock_predictor - INFO - Technical indicators added successfully
2026-03-16 15:40:43,253 - stock_predictor - INFO - Adding simulated external data for RELIANCE...
2026-03-16 15:40:43,296 - stock_predictor - INFO - Cache miss - ran prediction for RELIANCE
2026-03-16 15:40:43,298 - stock_predictor - INFO - Loading resources for TCS...
2026-03-16 15:40:43,299 - stock_predictor - INFO - Scaler loaded from D:\InvestIQ-main\backend\models\saved_models\scaler_TCS.pkl
2026-03-16 15:40:43,334 - stock_predictor - INFO - Detected metadata row, dropping row 0
2026-03-16 15:40:43,335 - stock_predictor - INFO - Loaded data from D:\InvestIQ-main\backend\data\stock_data\TCS.csv with shape (5296, 7)
2026-03-16 15:40:43,336 - stock_predictor - INFO - Fetching live price data for TCS.BO...
2026-03-16 15:40:43,620 - stock_predictor - INFO - Successfully fetched live data for TCS.BO date: 2026-03-16 00:00:00
2026-03-16 15:40:43,626 - stock_predictor - INFO - Added live data for 2026-03-16 00:00:00
2026-03-16 15:40:43,642 - stock_predictor - INFO - Data cleaned successfully
2026-03-16 15:40:43,643 - stock_predictor - INFO - Fetching market index data for ^NSEI...
2026-03-16 15:40:43,859 - stock_predictor - INFO - Technical indicators added successfully
2026-03-16 15:40:43,862 - stock_predictor - INFO - Adding simulated external data for TCS...
2026-03-16 15:40:43,901 - stock_predictor - INFO - Cache miss - ran prediction for TCS
2026-03-16 15:40:43,902 - stock_predictor - INFO - Loading resources for INFY...
2026-03-16 15:40:43,906 - stock_predictor - INFO - Scaler loaded from D:\InvestIQ-main\backend\models\saved_models\scaler_INFY.pkl
2026-03-16 15:40:43,943 - stock_predictor - INFO - Detected metadata row, dropping row 0
2026-03-16 15:40:43,944 - stock_predictor - INFO - Loaded data from D:\InvestIQ-main\backend\data\stock_data\INFY.csv with shape (6490, 7)
2026-03-16 15:40:43,944 - stock_predictor - INFO - Fetching live price data for INFY.BO...
2026-03-16 15:40:44,441 - stock_predictor - INFO - Successfully fetched live data for INFY.BO date: 2026-03-16 00:00:00
2026-03-16 15:40:44,446 - stock_predictor - INFO - Added live data for 2026-03-16 00:00:00
2026-03-16 15:40:44,622 - stock_predictor - INFO - Data cleaned successfully
2026-03-16 15:40:44,623 - stock_predictor - INFO - Fetching market index data for ^NSEI...
2026-03-16 15:40:44,884 - stock_predictor - INFO - Technical indicators added successfully
2026-03-16 15:40:44,887 - stock_predictor - INFO - Adding simulated external data for INFY...
2026-03-16 15:40:44,927 - stock_predictor - INFO - Cache miss - ran prediction for INFY
2026-03-16 15:40:44,931 - stock_predictor - INFO - Loading resources for HDFCBANK...
2026-03-16 15:40:44,935 - stock_predictor - INFO - Scaler loaded from D:\InvestIQ-main\backend\models\saved_models\scaler_HDFCBANK.pkl
2026-03-16 15:40:44,994 - stock_predictor - INFO - Detected metadata row, dropping row 0
2026-03-16 15:40:44,995 - stock_predictor - INFO - Loaded data from D:\InvestIQ-main\backend\data\stock_data\HDFCBANK.csv with shape (6531, 7)
2026-03-16 15:40:44,995 - stock_predictor - INFO - Fetching live price data for HDFCBANK.BO...
2026-03-16 15:40:45,347 - stock_predictor - INFO - Successfully fetched live data for HDFCBANK.BO date: 2026-03-16 00:00:00
2026-03-16 15:40:45,351 - stock_predictor - INFO - Added live data for 2026-03-16 00:00:00
2026-03-16 15:40:45,366 - stock_predictor - INFO - Data cleaned successfully
2026-03-16 15:40:45,367 - stock_predictor - INFO - Fetching market index data for ^NSEI...
2026-03-16 15:40:45,499 - stock_predictor - INFO - Technical indicators added successfully
2026-03-16 15:40:45,502 - stock_predictor - INFO - Adding simulated external data for HDFCBANK...
2026-03-16 15:40:45,568 - stock_predictor - INFO - Cache miss - ran prediction for HDFCBANK
2026-03-16 15:40:45,569 - stock_predictor - INFO - Loading resources for ICICIBANK...
2026-03-16 15:40:45,573 - stock_predictor - INFO - Scaler loaded from D:\InvestIQ-main\backend\models\saved_models\scaler_ICICIBANK.pkl
2026-03-16 15:40:45,607 - stock_predictor - INFO - Detected metadata row, dropping row 0
2026-03-16 15:40:45,608 - stock_predictor - INFO - Loaded data from D:\InvestIQ-main\backend\data\stock_data\ICICIBANK.csv with shape (5900, 7)
2026-03-16 15:40:45,608 - stock_predictor - INFO - Fetching live price data for ICICIBANK.BO...
2026-03-16 15:40:45,799 - stock_predictor - INFO - Successfully fetched live data for ICICIBANK.BO date: 2026-03-16 00:00:00
2026-03-16 15:40:45,806 - stock_predictor - INFO - Added live data for 2026-03-16 00:00:00
2026-03-16 15:40:45,824 - stock_predictor - INFO - Data cleaned successfully
2026-03-16 15:40:45,826 - stock_predictor - INFO - Fetching market index data for ^NSEI...
2026-03-16 15:40:45,975 - stock_predictor - INFO - Technical indicators added successfully
2026-03-16 15:40:45,977 - stock_predictor - INFO - Adding simulated external data for ICICIBANK...
2026-03-16 15:40:46,044 - stock_predictor - INFO - Cache miss - ran prediction for ICICIBANK
2026-03-16 15:40:46,046 - stock_predictor - INFO - HTTP POST /api/v1/signals/batch from 152.57.204.154 -> 200 (4658.4 ms)
2026-03-16 15:40:53,226 - stock_predictor - INFO - HTTP GET /api/v1/health from 152.57.204.154 -> 200 (0.8 ms)
2026-03-16 15:40:54,323 - stock_predictor - INFO - Cache hit for TCS
2026-03-16 15:40:54,326 - stock_predictor - INFO - HTTP POST /api/v1/predict from 152.57.204.154 -> 200 (4.6 ms)
2026-03-16 15:41:28,763 - stock_predictor - INFO - HTTP GET /api/v1/health from 152.57.204.154 -> 200 (2.2 ms)
2026-03-16 15:41:31,704 - stock_predictor - INFO - HTTP GET /api/v1/news from 152.57.204.154 -> 200 (1847.0 ms)
2026-03-16 15:41:33,164 - stock_predictor - INFO - HTTP GET /api/v1/health from 152.57.204.154 -> 200 (0.9 ms)
2026-03-16 15:41:34,720 - stock_predictor - INFO - HTTP GET /api/v1/news from 152.57.204.154 -> 200 (584.6 ms)
2026-03-16 15:41:34,874 - stock_predictor - INFO - HTTP GET /api/v1/news from 152.57.204.154 -> 200 (721.2 ms)
2026-03-16 15:41:35,579 - stock_predictor - INFO - HTTP GET /api/v1/news from 152.57.204.154 -> 200 (469.5 ms)
2026-03-16 15:41:35,933 - stock_predictor - INFO - HTTP GET /api/v1/health from 152.57.204.154 -> 200 (2.2 ms)
2026-03-16 15:41:37,569 - stock_predictor - INFO - HTTP GET /api/v1/news from 152.57.204.154 -> 200 (613.8 ms)
2026-03-16 15:41:55,898 - stock_predictor - INFO - HTTP GET /api/v1/health from 152.57.204.154 -> 200 (1.2 ms)
2026-03-16 15:41:58,357 - stock_predictor - INFO - HTTP GET /api/v1/news from 152.57.204.154 -> 200 (1377.7 ms)
2026-03-16 15:42:16,787 - stock_predictor - INFO - HTTP GET /api/v1/health from 152.57.204.154 -> 200 (0.9 ms)
2026-03-16 15:42:17,748 - stock_predictor - INFO - Fetching data for RELIANCE.NS (Period: 1y, Interval: 1d)
2026-03-16 15:42:18,228 - stock_predictor - INFO - Fetching data for TCS.NS (Period: 1y, Interval: 1d)
2026-03-16 15:42:18,433 - stock_predictor - INFO - Fetching data for INFY.NS (Period: 1y, Interval: 1d)
2026-03-16 15:42:18,633 - stock_predictor - INFO - Fetching data for HDFCBANK.NS (Period: 1y, Interval: 1d)
2026-03-16 15:42:18,876 - stock_predictor - INFO - Fetching data for ICICIBANK.NS (Period: 1y, Interval: 1d)
2026-03-16 15:42:19,090 - stock_predictor - INFO - MVO degenerate or failed -> using Inverse-Volatility weights.
2026-03-16 15:42:19,095 - stock_predictor - INFO - Final Portfolio Allocation: {'RELIANCE': 0.1951, 'TCS': 0.1841, 'INFY': 0.1535, 'HDFCBANK': 0.2457, 'ICICIBANK': 0.2216}
2026-03-16 15:42:19,115 - stock_predictor - INFO - HTTP POST /api/v1/portfolio/optimize from 152.57.204.154 -> 200 (1369.4 ms)
2026-03-16 15:42:43,105 - stock_predictor - INFO - HTTP GET /api/v1/health from 152.57.204.154 -> 200 (1.0 ms)
2026-03-16 15:42:44,055 - stock_predictor - INFO - HTTP GET /api/v1/health from 152.57.204.154 -> 200 (0.9 ms)
2026-03-17 19:09:25,402 - stock_predictor - INFO - Initializing FinBERT on device: GPU
2026-03-17 19:10:21,533 - stock_predictor - INFO - HTTP GET /api/v1/health from 49.47.216.207 -> 200 (2.7 ms)
2026-03-17 19:10:22,180 - stock_predictor - INFO - HTTP GET /api/v1/auth/me from 49.47.216.207 -> 401 (2.4 ms)
2026-03-17 19:10:33,657 - stock_predictor - INFO - HTTP GET /api/v1/health from 49.47.216.207 -> 200 (0.9 ms)
2026-03-17 19:10:34,283 - stock_predictor - INFO - HTTP POST /api/v1/auth/login from 49.47.216.207 -> 200 (5.5 ms)
2026-03-17 19:10:35,465 - stock_predictor - INFO - HTTP GET /api/v1/health from 49.47.216.207 -> 200 (1.0 ms)
2026-03-17 19:10:36,071 - stock_predictor - INFO - Loading resources for RELIANCE...
2026-03-17 19:10:36,073 - stock_predictor - INFO - Scaler loaded from D:\InvestIQ-main\backend\models\saved_models\scaler_RELIANCE.pkl
2026-03-17 19:10:36,195 - stock_predictor - INFO - Detected metadata row, dropping row 0
2026-03-17 19:10:36,196 - stock_predictor - INFO - Loaded data from D:\InvestIQ-main\backend\data\stock_data\RELIANCE.csv with shape (6334, 7)
2026-03-17 19:10:36,196 - stock_predictor - INFO - Fetching live price data for RELIANCE.BO...
2026-03-17 19:10:37,207 - stock_predictor - INFO - Successfully fetched live data for RELIANCE.BO date: 2026-03-17 00:00:00
2026-03-17 19:10:37,215 - stock_predictor - INFO - Added live data for 2026-03-17 00:00:00
2026-03-17 19:10:37,232 - stock_predictor - INFO - Data cleaned successfully
2026-03-17 19:10:37,234 - stock_predictor - INFO - Fetching market index data for ^NSEI...
2026-03-17 19:10:37,444 - stock_predictor - INFO - Technical indicators added successfully
2026-03-17 19:10:37,447 - stock_predictor - INFO - Adding simulated external data for RELIANCE...
2026-03-17 19:10:37,525 - stock_predictor - INFO - Cache miss - ran prediction for RELIANCE
2026-03-17 19:10:37,527 - stock_predictor - INFO - Loading resources for TCS...
2026-03-17 19:10:37,529 - stock_predictor - INFO - Scaler loaded from D:\InvestIQ-main\backend\models\saved_models\scaler_TCS.pkl
2026-03-17 19:10:37,566 - stock_predictor - INFO - Detected metadata row, dropping row 0
2026-03-17 19:10:37,567 - stock_predictor - INFO - Loaded data from D:\InvestIQ-main\backend\data\stock_data\TCS.csv with shape (5296, 7)
2026-03-17 19:10:37,567 - stock_predictor - INFO - Fetching live price data for TCS.BO...
2026-03-17 19:10:37,686 - stock_predictor - INFO - Successfully fetched live data for TCS.BO date: 2026-03-17 00:00:00
2026-03-17 19:10:37,691 - stock_predictor - INFO - Added live data for 2026-03-17 00:00:00
2026-03-17 19:10:37,706 - stock_predictor - INFO - Data cleaned successfully
2026-03-17 19:10:37,707 - stock_predictor - INFO - Fetching market index data for ^NSEI...
2026-03-17 19:10:37,818 - stock_predictor - INFO - Technical indicators added successfully
2026-03-17 19:10:37,821 - stock_predictor - INFO - Adding simulated external data for TCS...
2026-03-17 19:10:37,858 - stock_predictor - INFO - Cache miss - ran prediction for TCS
2026-03-17 19:10:37,859 - stock_predictor - INFO - Loading resources for INFY...
2026-03-17 19:10:37,861 - stock_predictor - INFO - Scaler loaded from D:\InvestIQ-main\backend\models\saved_models\scaler_INFY.pkl
2026-03-17 19:10:37,903 - stock_predictor - INFO - Detected metadata row, dropping row 0
2026-03-17 19:10:37,903 - stock_predictor - INFO - Loaded data from D:\InvestIQ-main\backend\data\stock_data\INFY.csv with shape (6490, 7)
2026-03-17 19:10:37,904 - stock_predictor - INFO - Fetching live price data for INFY.BO...
2026-03-17 19:10:38,036 - stock_predictor - INFO - Successfully fetched live data for INFY.BO date: 2026-03-17 00:00:00
2026-03-17 19:10:38,042 - stock_predictor - INFO - Added live data for 2026-03-17 00:00:00
2026-03-17 19:10:38,061 - stock_predictor - INFO - Data cleaned successfully
2026-03-17 19:10:38,062 - stock_predictor - INFO - Fetching market index data for ^NSEI...
2026-03-17 19:10:38,191 - stock_predictor - INFO - Technical indicators added successfully
2026-03-17 19:10:38,195 - stock_predictor - INFO - Adding simulated external data for INFY...
2026-03-17 19:10:38,239 - stock_predictor - INFO - Cache miss - ran prediction for INFY
2026-03-17 19:10:38,240 - stock_predictor - INFO - Loading resources for HDFCBANK...
2026-03-17 19:10:38,242 - stock_predictor - INFO - Scaler loaded from D:\InvestIQ-main\backend\models\saved_models\scaler_HDFCBANK.pkl
2026-03-17 19:10:38,285 - stock_predictor - INFO - Detected metadata row, dropping row 0
2026-03-17 19:10:38,286 - stock_predictor - INFO - Loaded data from D:\InvestIQ-main\backend\data\stock_data\HDFCBANK.csv with shape (6531, 7)
2026-03-17 19:10:38,287 - stock_predictor - INFO - Fetching live price data for HDFCBANK.BO...
2026-03-17 19:10:38,477 - stock_predictor - INFO - Successfully fetched live data for HDFCBANK.BO date: 2026-03-17 00:00:00
2026-03-17 19:10:38,482 - stock_predictor - INFO - Added live data for 2026-03-17 00:00:00
2026-03-17 19:10:38,661 - stock_predictor - INFO - Data cleaned successfully
2026-03-17 19:10:38,662 - stock_predictor - INFO - Fetching market index data for ^NSEI...
2026-03-17 19:10:38,777 - stock_predictor - INFO - Technical indicators added successfully
2026-03-17 19:10:38,780 - stock_predictor - INFO - Adding simulated external data for HDFCBANK...
2026-03-17 19:10:38,834 - stock_predictor - INFO - Cache miss - ran prediction for HDFCBANK
2026-03-17 19:10:38,835 - stock_predictor - INFO - Loading resources for ICICIBANK...
2026-03-17 19:10:38,837 - stock_predictor - INFO - Scaler loaded from D:\InvestIQ-main\backend\models\saved_models\scaler_ICICIBANK.pkl
2026-03-17 19:10:38,884 - stock_predictor - INFO - Detected metadata row, dropping row 0
2026-03-17 19:10:38,885 - stock_predictor - INFO - Loaded data from D:\InvestIQ-main\backend\data\stock_data\ICICIBANK.csv with shape (5900, 7)
2026-03-17 19:10:38,885 - stock_predictor - INFO - Fetching live price data for ICICIBANK.BO...
2026-03-17 19:10:39,013 - stock_predictor - INFO - Successfully fetched live data for ICICIBANK.BO date: 2026-03-17 00:00:00
2026-03-17 19:10:39,021 - stock_predictor - INFO - Added live data for 2026-03-17 00:00:00
2026-03-17 19:10:39,044 - stock_predictor - INFO - Data cleaned successfully
2026-03-17 19:10:39,046 - stock_predictor - INFO - Fetching market index data for ^NSEI...
2026-03-17 19:10:39,175 - stock_predictor - INFO - Technical indicators added successfully
2026-03-17 19:10:39,179 - stock_predictor - INFO - Adding simulated external data for ICICIBANK...
2026-03-17 19:10:39,240 - stock_predictor - INFO - Cache miss - ran prediction for ICICIBANK
2026-03-17 19:10:39,241 - stock_predictor - INFO - HTTP POST /api/v1/signals/batch from 49.47.216.207 -> 200 (3173.3 ms)
2026-03-17 19:10:44,033 - stock_predictor - INFO - HTTP GET /api/v1/health from 49.47.216.207 -> 200 (3.6 ms)
2026-03-17 19:10:46,088 - stock_predictor - INFO - HTTP GET /api/v1/news from 49.47.216.207 -> 200 (1141.4 ms)
2026-03-17 19:10:49,697 - stock_predictor - INFO - HTTP GET /api/v1/health from 49.47.216.207 -> 200 (0.8 ms)
2026-03-17 19:10:50,640 - stock_predictor - INFO - Fetching data for RELIANCE.NS (Period: 1y, Interval: 1d)
2026-03-17 19:10:50,772 - stock_predictor - INFO - Fetching data for TCS.NS (Period: 1y, Interval: 1d)
2026-03-17 19:10:50,904 - stock_predictor - INFO - Fetching data for INFY.NS (Period: 1y, Interval: 1d)
2026-03-17 19:10:51,056 - stock_predictor - INFO - Fetching data for HDFCBANK.NS (Period: 1y, Interval: 1d)
2026-03-17 19:10:51,192 - stock_predictor - INFO - Fetching data for ICICIBANK.NS (Period: 1y, Interval: 1d)
2026-03-17 19:10:51,446 - stock_predictor - INFO - MVO degenerate or failed -> using Inverse-Volatility weights.
2026-03-17 19:10:51,447 - stock_predictor - INFO - Final Portfolio Allocation: {'RELIANCE': 0.1953, 'TCS': 0.1842, 'INFY': 0.1535, 'HDFCBANK': 0.2458, 'ICICIBANK': 0.2213}
2026-03-17 19:10:51,453 - stock_predictor - INFO - HTTP POST /api/v1/portfolio/optimize from 49.47.216.207 -> 200 (819.9 ms)
2026-03-17 19:10:53,911 - stock_predictor - INFO - HTTP GET /api/v1/health from 49.47.216.207 -> 200 (1.1 ms)
2026-03-17 19:10:54,933 - stock_predictor - INFO - HTTP GET /api/v1/health from 49.47.216.207 -> 200 (0.8 ms)
